{
    "systemMapCoord": [
        4378.250479153595,
        0,
        -3770.4682089162384
    ],
    "systemalignment": "Unknown",
    "metadata": {
        "sysdescription": "",
        "security": "Neutral",
        "exports": [],
        "focus": "",
        "intel": {
            "pirate": "Low",
            "enemy": "Low",
            "assets": []
        },
        "development": "Unclaimed",
        "visible": true
    },
    "objects": {
        "JP 29": {
            "coordinate": [
                43333.333333333336,
                0,
                51666.66666666667
            ],
            "type": "jumpnode",
            "jumppointtype": "Node",
            "destinations": {},
            "state": "Tethered",
            "drift": 0
        }
    },
    "sensor_relay": {},
    "terrain": {},
    "traffic": {}
}