{
    "systemMapCoord": [
        -26218.159358436435,
        0.0,
        -3402.122282950239
    ],
    "systemalignment": "USFP",
    "metadata": {
        "skybox": "sky1.png",
        "sysdescription": "",
        "security": "Neutral",
        "exports": [],
        "focus": "",
        "intel": {},
        "development": "Unclaimed",
        "visible": true
    },
    "objects": {
        "Krisenda Gate": {
            "coordinate": [
                -127839.4883116141,
                0,
                183356.28500800187
            ],
            "type": "jumpnode",
            "jumppointtype": "Node",
            "destinations": {},
            "state": "Tethered",
            "drift": 0
        },
        "Atlantis Gate": {
            "coordinate": [
                -19343.88574531322,
                0,
                191119.07126390797
            ],
            "type": "jumpnode",
            "jumppointtype": "Node",
            "destinations": {
                "Cerberus Gate": "Atlantis"
            },
            "state": "Tethered",
            "drift": 0
        },
        "Promethean Gate": {
            "coordinate": [
                185575.18504229543,
                0,
                185053.3395728548
            ],
            "type": "jumpnode",
            "jumppointtype": "Node",
            "destinations": {
                "Cerebus Gate": "Promethean"
            },
            "state": "Tethered",
            "drift": 0
        },
        "Hjorden Gate": {
            "coordinate": [
                48958.24402720623,
                0,
                26218.671410608174
            ],
            "type": "jumpnode",
            "jumppointtype": "Node",
            "destinations": {},
            "state": "Tethered",
            "drift": 0
        },
        "Forward Command": {
            "coordinate": [
                -139573.68827160491,
                0,
                161369.38443072708
            ],
            "sides": [
                "USFP"
            ],
            "hull": "starbase_command",
            "type": "station",
            "facilities": [
                "Docking",
                "Refuel",
                "Repair"
            ],
            "cargo": {
                "Homing": 74,
                "Nuke": 13,
                "EMP": 13,
                "Mine": 11,
                "High Yield Warhead": 16,
                "Warhead": 59,
                "Torpedo Casing": 37,
                "Casing": 15,
                "Transmitter": 33,
                "Navigational Array": 2,
                "Tactical Array": 11,
                "Sensor Suite": 7,
                "Guidance System": 65,
                "Receiver": 16
            },
            "teams": {
                "DamCon": 8,
                "Medics": 2,
                "Combat Engineers": 11
            },
            "description": ""
        },
        "Gate Control": {
            "coordinate": [
                -72424.90495843496,
                0,
                172934.06895782525
            ],
            "sides": [
                "USFP"
            ],
            "hull": "starbase_civil",
            "type": "station",
            "facilities": [],
            "cargo": {},
            "teams": {},
            "description": ""
        },
        "Shanari Lab": {
            "coordinate": [
                -76304.03070304962,
                0,
                178242.73772497207
            ],
            "sides": [
                "USFP"
            ],
            "hull": "starbase_science",
            "type": "station",
            "facilities": [
                "Docking",
                "Refuel"
            ],
            "cargo": {},
            "teams": {},
            "description": ""
        },
        "Arden Market": {
            "coordinate": [
                -88595.96479195249,
                0,
                109647.38368770006
            ],
            "sides": [
                "USFP"
            ],
            "hull": "starbase_civil",
            "type": "station",
            "facilities": [
                "Refuel",
                "Docking"
            ],
            "cargo": {
                "High Yield Warhead": 2,
                "Warhead": 12,
                "Life Support": 2,
                "Micro Controller": 24,
                "Medical Supplies": 24,
                "Power Relay": 15,
                "Transmitter": 8,
                "Receiver": 7,
                "Analysis Suite": 9,
                "Sensor Suite": 9,
                "Guidance System": 16,
                "Wild Animals": 14,
                "Pets": 4,
                "Casing": 16,
                "EMP": 9,
                "Homing": 37,
                "Coolant": 15,
                "Tea": 13,
                "Coffee": 15,
                "Alcohol": 15
            },
            "teams": {
                "DamCon": 3,
                "Medics": 3
            },
            "description": ""
        },
        "Cordell Memorial": {
            "coordinate": [
                -79399.56216182755,
                0,
                116863.33364292794
            ],
            "sides": [
                "USFP"
            ],
            "hull": "starbase_civil",
            "type": "station",
            "facilities": [
                "Docking"
            ],
            "cargo": {},
            "teams": {
                "DamCon": 4,
                "Diplomats": 2,
                "Combat Engineers": 6,
                "Medics": 2
            },
            "description": ""
        },
        "Dalton Refineries": {
            "coordinate": [
                -23686.783169486345,
                0,
                143101.0867960296
            ],
            "sides": [
                "USFP"
            ],
            "hull": "starbase_industry",
            "type": "station",
            "facilities": [
                "Docking",
                "Refuel",
                "Repair"
            ],
            "cargo": {
                "Iron": 750,
                "Tharium": 60,
                "Reisium": 60,
                "Alerite": 54,
                "Cabrite": 815,
                "Ashfilum": 258,
                "Aegirine": 151,
                "Nuidinium": 159,
                "Gredian": 180,
                "Warhead": 10,
                "Life Support": 1,
                "Micro Controller": 8,
                "Power Relay": 16,
                "Casing": 15,
                "Homing": 55,
                "Torpedo Casing": 10
            },
            "teams": {
                "DamCon": 2,
                "Medics": 1,
                "Combat Engineers": 2
            },
            "description": "",
            "hideonmap": true
        },
        "Cerberus Command": {
            "coordinate": [
                58251.9605671773,
                0,
                144464.12156111872
            ],
            "sides": [
                "USFP"
            ],
            "hull": "starbase_command",
            "type": "station",
            "facilities": [
                "Docking",
                "Refuel",
                "Repair"
            ],
            "cargo": {
                "Homing": 95,
                "Nuke": 22,
                "EMP": 32,
                "Mine": 25,
                "High Yield Warhead": 25,
                "Warhead": 60,
                "Torpedo Casing": 80,
                "Casing": 16,
                "Transmitter": 35,
                "Navigational Array": 2,
                "Tactical Array": 10,
                "Sensor Suite": 6,
                "Guidance System": 60,
                "Receiver": 15
            },
            "teams": {
                "DamCon": 18,
                "Medics": 2,
                "Combat Engineers": 10
            },
            "description": ""
        },
        "Noreel Metals": {
            "coordinate": [
                144445.81075727366,
                0,
                88630.14695382761
            ],
            "sides": [
                "USFP"
            ],
            "hull": "starbase_industry",
            "type": "station",
            "facilities": [
                "Docking"
            ],
            "cargo": {
                "Iron": 750,
                "Tharium": 60,
                "Reisium": 60,
                "Alerite": 54,
                "Cabrite": 815,
                "Ashfilum": 258,
                "Aegirine": 151,
                "Nuidinium": 159,
                "Gredian": 180
            },
            "teams": {},
            "description": ""
        },
        "Emora Denebite": {
            "coordinate": [
                162162.41152263377,
                0,
                58009.93004115233
            ],
            "sides": [
                "USFP"
            ],
            "hull": "starbase_industry",
            "type": "station",
            "facilities": [
                "Docking"
            ],
            "cargo": {
                "Denebite": 600,
                "Nuidinium": 5,
                "Gredian": 5,
                "Life Support": 1,
                "Micro Controller": 8,
                "AMC": 1,
                "Repair Materials": 3
            },
            "teams": {},
            "description": ""
        },
        "Kolaris Bazaar": {
            "coordinate": [
                137049.03243281008,
                0,
                34107.990632911926
            ],
            "sides": [
                "USFP"
            ],
            "hull": "starbase_civil",
            "type": "station",
            "facilities": [
                "Docking",
                "Refuel",
                "Repair"
            ],
            "cargo": {
                "Warhead": 60,
                "Torpedo Casing": 60,
                "Casing": 60,
                "Navigational Array": 1,
                "Tactical Array": 10,
                "Guidance System": 60
            },
            "teams": {
                "DamCon": 8,
                "Medics": 2,
                "Combat Engineers": 2
            },
            "description": ""
        },
        "Olnara Admin": {
            "coordinate": [
                131251.66193264813,
                0,
                28375.2814898697
            ],
            "sides": [
                "USFP"
            ],
            "hull": "starbase_civil",
            "type": "station",
            "facilities": [
                "Docking",
                "Refuel"
            ],
            "cargo": {
                "Repair Materials": 16,
                "Medical Supplies": 10,
                "Iso B Circuit": 25,
                "Container": 25,
                "Life Support": 1,
                "Micro Controller": 8,
                "Power Relay": 16,
                "Aid Package": 16,
                "Pets": 4,
                "Torpedo Casing": 5,
                "Casing": 6,
                "Comms Relay": 5,
                "Tea": 5,
                "Alcohol": 5,
                "Coffee": 2
            },
            "teams": {},
            "description": ""
        },
        "Serena Resorts": {
            "coordinate": [
                42806.417354919264,
                0,
                70195.3171656829
            ],
            "sides": [
                "USFP"
            ],
            "hull": "starbase_civil",
            "type": "station",
            "facilities": [
                "Docking",
                "Refuel",
                "Repair"
            ],
            "cargo": {
                "Life Support": 3,
                "Medical Supplies": 16,
                "Micro Controller": 25,
                "Power Relay": 16,
                "Transmitter": 8,
                "Receiver": 6,
                "Analysis Suite": 8,
                "Sensor Suite": 8,
                "Tea": 20,
                "Alcohol": 50,
                "Coffee": 70
            },
            "teams": {
                "Medics": 2
            },
            "description": ""
        },
        "Diana Concourse": {
            "coordinate": [
                52225.67598308187,
                0,
                63896.72202217655
            ],
            "sides": [
                "USFP"
            ],
            "hull": "starbase_civil",
            "type": "station",
            "facilities": [
                "Docking",
                "Refuel",
                "Repair"
            ],
            "cargo": {
                "Repair Materials": 15,
                "Medical Supplies": 9,
                "Iso B Circuit": 23,
                "Container": 24,
                "Micro Controller": 8,
                "Power Relay": 16,
                "Aid Package": 15,
                "Pets": 3,
                "Coffee": 5,
                "Tea": 6,
                "Alcohol": 5
            },
            "teams": {
                "Diplomats": 11
            },
            "description": ""
        },
        "Morbek HQ": {
            "coordinate": [
                -34908.987535246095,
                0,
                68358.14356138548
            ],
            "sides": [
                "USFP"
            ],
            "hull": "starbase_civil",
            "type": "station",
            "facilities": [
                "Docking",
                "Refuel"
            ],
            "cargo": {
                "Repair Materials": 16,
                "Medical Supplies": 10,
                "Iso B Circuit": 25,
                "Container": 25,
                "Life Support": 3,
                "Micro Controller": 8,
                "Power Relay": 16,
                "Aid Package": 16,
                "Pets": 4,
                "Coffee": 5,
                "Tea": 5,
                "Alcohol": 5
            },
            "teams": {},
            "description": ""
        },
        "Ltaris Offices": {
            "coordinate": [
                -33703.51854709644,
                0,
                60476.02943529957
            ],
            "sides": [
                "USFP"
            ],
            "hull": "starbase_civil",
            "type": "station",
            "facilities": [
                "Docking"
            ],
            "cargo": {
                "Aid Package": 16,
                "Coffee": 5,
                "Tea": 5,
                "Alcohol": 5,
                "Black Box": 2,
                "Comms Relay": 5,
                "Receiver": 2,
                "Sensor Relay": 8,
                "Sensor Suite": 1,
                "Transmitter": 2
            },
            "teams": {},
            "description": ""
        },
        "Quesenc Industries": {
            "coordinate": [
                -65615.366255144,
                0,
                47593.26337448566
            ],
            "sides": [
                "USFP"
            ],
            "hull": "starbase_industry",
            "type": "station",
            "facilities": [
                "Docking",
                "Refuel",
                "Repair"
            ],
            "cargo": {
                "Iron": 747,
                "Tharium": 60,
                "Reisium": 56,
                "Alerite": 51,
                "Cabrite": 882,
                "Ashfilum": 281,
                "Denebite": 30,
                "Aegirine": 150,
                "Nuidinium": 165,
                "Gredian": 195,
                "Warhead": 9,
                "Life Support": 0,
                "Micro Controller": 8,
                "Power Relay": 17,
                "Casing": 14,
                "Homing": 36,
                "Torpedo Casing": 9
            },
            "teams": {
                "DamCon": 1,
                "Medics": 1
            },
            "description": ""
        },
        "Scolcha Port": {
            "coordinate": [
                -66281.09877972107,
                0,
                40158.23060509075
            ],
            "sides": [
                "USFP"
            ],
            "hull": "starbase_civil",
            "type": "station",
            "facilities": [
                "Docking",
                "Refuel",
                "Repair"
            ],
            "cargo": {
                "High Yield Warhead": 3,
                "Warhead": 13,
                "Life Support": 3,
                "Micro Controller": 25,
                "Medical Supplies": 25,
                "Power Relay": 16,
                "Transmitter": 8,
                "Receiver": 6,
                "Analysis Suite": 2,
                "Sensor Suite": 8,
                "Guidance System": 15,
                "Wild Animals": 15,
                "Pets": 4,
                "Casing": 15,
                "EMP": 10,
                "Homing": 35,
                "Coolant": 15,
                "Tea": 12,
                "Coffee": 15,
                "Alcohol": 16,
                "Computer Core": 1,
                "FCS": 1,
                "AMC": 1,
                "Warp Inhibitor": 4
            },
            "teams": {
                "DamCon": 2,
                "Medics": 2
            },
            "description": ""
        },
        "WP 4": {
            "coordinate": [
                51685.998052432085,
                0,
                55695.21678281111
            ],
            "sides": [
                "USFP"
            ],
            "hull": "defense_platform_beam",
            "type": "platform",
            "cargo": {},
            "teams": {},
            "hideonmap": true
        },
        "WP 50": {
            "coordinate": [
                37759.2639694521,
                0,
                59172.970334372454
            ],
            "sides": [
                "USFP"
            ],
            "hull": "defense_platform_beam",
            "type": "platform",
            "cargo": {},
            "teams": {},
            "hideonmap": true
        },
        "WP 77": {
            "coordinate": [
                120312.08897087662,
                0,
                28192.53874288787
            ],
            "sides": [
                "USFP"
            ],
            "hull": "defense_platform_beam",
            "type": "platform",
            "cargo": {},
            "teams": {},
            "hideonmap": true
        },
        "WP 91": {
            "coordinate": [
                -19119.951663341457,
                0,
                54246.404033900595
            ],
            "sides": [
                "USFP"
            ],
            "hull": "defense_platform_beam",
            "type": "platform",
            "cargo": {},
            "teams": {},
            "hideonmap": true
        },
        "WP 70": {
            "coordinate": [
                -19782.35855683436,
                0,
                66922.29245125316
            ],
            "sides": [
                "USFP"
            ],
            "hull": "defense_platform_beam",
            "type": "platform",
            "cargo": {},
            "teams": {},
            "hideonmap": true
        },
        "WP 11": {
            "coordinate": [
                123653.05806076911,
                0,
                38292.00396567072
            ],
            "sides": [
                "USFP"
            ],
            "hull": "defense_platform_beam",
            "type": "platform",
            "cargo": {},
            "teams": {},
            "hideonmap": true
        },
        "WP 34": {
            "coordinate": [
                138072.53491010712,
                0,
                85133.37772808626
            ],
            "sides": [
                "USFP"
            ],
            "hull": "defense_platform_beam",
            "type": "platform",
            "cargo": {},
            "teams": {},
            "hideonmap": true
        },
        "WP 22": {
            "coordinate": [
                152841.46677266332,
                0,
                59599.560413978834
            ],
            "sides": [
                "USFP"
            ],
            "hull": "defense_platform_beam",
            "type": "platform",
            "cargo": {},
            "teams": {}
        },
        "WP 94": {
            "coordinate": [
                -57359.77208468836,
                0,
                42618.00206583171
            ],
            "sides": [
                "USFP"
            ],
            "hull": "defense_platform_beam",
            "type": "platform",
            "cargo": {},
            "teams": {},
            "hideonmap": true
        },
        "Drift Maw": {
            "coordinate": [
                -225801.73739104424,
                0,
                105774.95579811338
            ],
            "sides": [
                "Pirate"
            ],
            "hull": "starbase_command",
            "type": "station",
            "facilities": [],
            "cargo": {},
            "teams": {},
            "description": "Regional command of raiding parties",
            "hideonmap": true
        },
        "WP 45": {
            "coordinate": [
                -218030.10387481187,
                0,
                111761.64561292822
            ],
            "sides": [
                "USFP"
            ],
            "hull": "defense_platform_beam",
            "type": "platform",
            "cargo": {},
            "teams": {},
            "hideonmap": true
        },
        "WP 55": {
            "coordinate": [
                -219001.30800718497,
                0,
                99794.62457954916
            ],
            "sides": [
                "USFP"
            ],
            "hull": "defense_platform_torp",
            "type": "platform",
            "cargo": {},
            "teams": {},
            "hideonmap": true
        },
        "WP 89": {
            "coordinate": [
                -237956.53348729474,
                0,
                105019.03301576315
            ],
            "sides": [
                "USFP"
            ],
            "hull": "defense_platform_beam",
            "type": "platform",
            "cargo": {},
            "teams": {}
        },
        "WP 66": {
            "coordinate": [
                -132889.92897769256,
                0,
                170463.36672061
            ],
            "sides": [
                "USFP"
            ],
            "hull": "defense_platform_beam",
            "type": "platform",
            "cargo": {},
            "teams": {},
            "hideonmap": true
        },
        "WP 21": {
            "coordinate": [
                -147625.43995162947,
                0,
                151783.50179910412
            ],
            "sides": [
                "USFP"
            ],
            "hull": "defense_platform_beam",
            "type": "platform",
            "cargo": {},
            "teams": {},
            "hideonmap": true
        },
        "DS 12": {
            "coordinate": [
                -142060.49552397692,
                0,
                167742.14342025976
            ],
            "sides": [
                "TSN"
            ],
            "hull": "starbase_command",
            "type": "station",
            "facilities": [
                "Docking",
                "Refuel",
                "Repair"
            ],
            "cargo": {
                "Homing": 140,
                "Nuke": 24,
                "EMP": 26,
                "Mine": 22,
                "High Yield Warhead": 16,
                "Warhead": 57,
                "Torpedo Casing": 107,
                "Navigational Array": 1,
                "Tactical Array": 9,
                "Guidance System": 60,
                "Medical Supplies": 12,
                "Repair Materials": 4
            },
            "teams": {
                "DamCon": 10,
                "Medics": 3,
                "Combat Engineers": 9
            },
            "description": ""
        },
        "DS 48": {
            "coordinate": [
                -136750.17652293187,
                0,
                155921.85249154837
            ],
            "sides": [
                "USFP"
            ],
            "hull": "starbase_civil",
            "type": "station",
            "facilities": [
                "Docking",
                "Refuel"
            ],
            "cargo": {
                "Repair Materials": 16,
                "Medical Supplies": 10,
                "Iso B Circuit": 25,
                "Container": 25,
                "Life Support": 1,
                "Micro Controller": 8,
                "Power Relay": 16,
                "Aid Package": 16,
                "Pets": 4,
                "Torpedo Casing": 5,
                "Casing": 6,
                "Coffee": 5,
                "Tea": 5,
                "Alcohol": 5
            },
            "teams": {
                "Diplomats": 1
            },
            "description": ""
        },
        "RS 230": {
            "coordinate": [
                -93200.81197130776,
                0,
                123201.44902168115
            ],
            "sides": [
                "USFP"
            ],
            "hull": "starbase_science",
            "type": "station",
            "facilities": [
                "Docking",
                "Refuel"
            ],
            "cargo": {
                "High Yield Warhead": 10,
                "Life Support": 3,
                "Medical Supplies": 16,
                "Micro Controller": 25,
                "Power Relay": 16,
                "Transmitter": 8,
                "Receiver": 6,
                "Analysis Suite": 8,
                "Sensor Suite": 8,
                "Guidance System": 15,
                "Wild Animals": 15,
                "Casing": 15,
                "EMP": 10,
                "Homing": 35
            },
            "teams": {
                "DamCon": 2,
                "Medics": 2
            },
            "description": ""
        },
        "M 331": {
            "coordinate": [
                -24974.27983539096,
                0,
                155349.79423868316
            ],
            "sides": [
                "USFP"
            ],
            "hull": "starbase_industry",
            "type": "station",
            "facilities": [
                "Docking"
            ],
            "cargo": {
                "Cabrite": 5,
                "Gredian": 20,
                "Iron": 500,
                "Nuidinium": 3,
                "Reisium": 9,
                "Tharium": 15
            },
            "teams": {},
            "description": ""
        },
        "M 572": {
            "coordinate": [
                -17624.74279835392,
                0,
                129636.05967078193
            ],
            "sides": [
                "USFP"
            ],
            "hull": "starbase_industry",
            "type": "station",
            "facilities": [
                "Docking"
            ],
            "cargo": {
                "Tharium Plating": 10,
                "Coolant": 23,
                "Ashfilum": 6,
                "Aegirine": 12
            },
            "teams": {},
            "description": ""
        },
        "RS 90": {
            "coordinate": [
                64959.96704008535,
                0,
                152964.20431812986
            ],
            "sides": [
                "USFP"
            ],
            "hull": "starbase_science",
            "type": "station",
            "facilities": [],
            "cargo": {},
            "teams": {},
            "description": ""
        },
        "RS 557": {
            "coordinate": [
                50928.48603490323,
                0,
                152145.56481957785
            ],
            "sides": [
                "USFP"
            ],
            "hull": "starbase_science",
            "type": "station",
            "facilities": [],
            "cargo": {},
            "teams": {},
            "description": ""
        },
        "SY 14": {
            "coordinate": [
                59589.78123571104,
                0,
                136986.40046296298
            ],
            "sides": [
                "TSN"
            ],
            "hull": "starbase_industry",
            "type": "station",
            "facilities": [
                "Repair",
                "Docking"
            ],
            "cargo": {},
            "teams": {},
            "description": ""
        },
        "RS 223": {
            "coordinate": [
                181974.0226337449,
                0,
                157352.10905349805
            ],
            "sides": [
                "USFP"
            ],
            "hull": "starbase_science",
            "type": "station",
            "facilities": [
                "Docking"
            ],
            "cargo": {
                "Life Support": 2,
                "Medical Supplies": 17,
                "Power Relay": 16,
                "Transmitter": 7,
                "Receiver": 6,
                "Analysis Suite": 8,
                "Sensor Suite": 9,
                "AMC": 1,
                "Computer Core": 1
            },
            "teams": {
                "DamCon": 3,
                "Medics": 3
            },
            "description": ""
        },
        "RS 484": {
            "coordinate": [
                142312.8728317796,
                0,
                27276.92527829119
            ],
            "sides": [
                "USFP"
            ],
            "hull": "starbase_civil",
            "type": "station",
            "facilities": [
                "Docking"
            ],
            "cargo": {
                "Life Support": 3,
                "Medical Supplies": 16,
                "Micro Controller": 25,
                "Power Relay": 16,
                "Transmitter": 8,
                "Receiver": 6,
                "Analysis Suite": 8,
                "Sensor Suite": 8
            },
            "teams": {
                "DamCon": 2,
                "Medics": 2
            },
            "description": ""
        },
        "RS 45": {
            "coordinate": [
                -48150.71957399786,
                0,
                65785.72522290815
            ],
            "sides": [
                "USFP"
            ],
            "hull": "starbase_science",
            "type": "station",
            "facilities": [
                "Docking",
                "Refuel"
            ],
            "cargo": {
                "Medical Supplies": 16,
                "Transmitter": 8,
                "Receiver": 6,
                "Analysis Suite": 8,
                "Sensor Suite": 8,
                "Homing": 35
            },
            "teams": {
                "DamCon": 2,
                "Medics": 2
            },
            "description": ""
        },
        "M 218": {
            "coordinate": [
                -77947.64934842243,
                0,
                57824.53052126212
            ],
            "sides": [
                "USFP"
            ],
            "hull": "starbase_industry",
            "type": "station",
            "facilities": [],
            "cargo": {},
            "teams": {},
            "description": ""
        },
        "M 243": {
            "coordinate": [
                -76608.05744170089,
                0,
                37060.8559670783
            ],
            "sides": [
                "USFP"
            ],
            "hull": "starbase_industry",
            "type": "station",
            "facilities": [],
            "cargo": {},
            "teams": {},
            "description": ""
        },
        "DS 31": {
            "coordinate": [
                -149383.70973365335,
                0,
                61189.001924249504
            ],
            "sides": [
                "USFP"
            ],
            "hull": "starbase_command",
            "type": "station",
            "facilities": [
                "Docking",
                "Refuel",
                "Repair"
            ],
            "cargo": {
                "Homing": 149,
                "Nuke": 25,
                "EMP": 23,
                "Mine": 22,
                "High Yield Warhead": 16,
                "Warhead": 62,
                "Torpedo Casing": 95,
                "Navigational Array": 2,
                "Tactical Array": 11,
                "Guidance System": 60,
                "Medical Supplies": 11,
                "Repair Materials": 5
            },
            "teams": {
                "DamCon": 11,
                "Medics": 3,
                "Combat Engineers": 11
            },
            "description": ""
        },
        "DS 67": {
            "coordinate": [
                -147194.44444920737,
                0,
                52999.70448959779
            ],
            "sides": [
                "USFP"
            ],
            "hull": "starbase_command",
            "type": "station",
            "facilities": [
                "Docking",
                "Refuel",
                "Repair"
            ],
            "cargo": {
                "Homing": 80,
                "Nuke": 11,
                "EMP": 12,
                "Mine": 13,
                "High Yield Warhead": 16,
                "Warhead": 56,
                "Torpedo Casing": 40,
                "Casing": 15,
                "Transmitter": 36,
                "Navigational Array": 0,
                "Tactical Array": 10,
                "Sensor Suite": 5,
                "Guidance System": 65,
                "Receiver": 14
            },
            "teams": {
                "DamCon": 10,
                "Medics": 2,
                "Combat Engineers": 8
            },
            "description": ""
        },
        "WP 68": {
            "coordinate": [
                61426.885007578494,
                0,
                122167.32919133731
            ],
            "sides": [
                "USFP"
            ],
            "hull": "defense_platform_fighter",
            "type": "platform",
            "cargo": {},
            "teams": {}
        },
        "WP 80": {
            "coordinate": [
                77613.6205471304,
                0,
                130539.77860834691
            ],
            "sides": [
                "USFP"
            ],
            "hull": "defense_platform_torp",
            "type": "platform",
            "cargo": {},
            "teams": {}
        },
        "WP 69": {
            "coordinate": [
                43565.65958462467,
                0,
                125237.22731090749
            ],
            "sides": [
                "USFP"
            ],
            "hull": "defense_platform_beam",
            "type": "platform",
            "cargo": {},
            "teams": {}
        },
        "WP 13": {
            "coordinate": [
                31006.98545911026,
                0,
                138074.98308365556
            ],
            "sides": [
                "USFP"
            ],
            "hull": "defense_platform_torp",
            "type": "platform",
            "cargo": {},
            "teams": {}
        },
        "WP 31": {
            "coordinate": [
                205457.57416510026,
                0,
                85786.24565795825
            ],
            "sides": [
                "USFP"
            ],
            "hull": "defense_platform_beam",
            "type": "platform",
            "cargo": {},
            "teams": {}
        },
        "WP 36": {
            "coordinate": [
                27140.402263903754,
                0,
                153590.0621255318
            ],
            "sides": [
                "USFP"
            ],
            "hull": "defense_platform_torp",
            "type": "platform",
            "cargo": {},
            "teams": {}
        },
        "WP 39": {
            "coordinate": [
                84119.57190744135,
                0,
                160334.5352670118
            ],
            "sides": [
                "USFP"
            ],
            "hull": "defense_platform_fighter",
            "type": "platform",
            "cargo": {},
            "teams": {}
        },
        "WP 44": {
            "coordinate": [
                31791.76305113131,
                0,
                170800.0970382738
            ],
            "sides": [
                "USFP"
            ],
            "hull": "defense_platform_beam",
            "type": "platform",
            "cargo": {},
            "teams": {}
        },
        "WP 61": {
            "coordinate": [
                47838.957767066386,
                0,
                179870.25057336752
            ],
            "sides": [
                "USFP"
            ],
            "hull": "defense_platform_beam",
            "type": "platform",
            "cargo": {},
            "teams": {}
        },
        "WP 7": {
            "coordinate": [
                64583.8566010856,
                0,
                180335.3866520903
            ],
            "sides": [
                "USFP"
            ],
            "hull": "defense_platform_beam",
            "type": "platform",
            "cargo": {},
            "teams": {}
        },
        "WP 51": {
            "coordinate": [
                78305.3709234069,
                0,
                172428.07331380344
            ],
            "sides": [
                "USFP"
            ],
            "hull": "defense_platform_torp",
            "type": "platform",
            "cargo": {},
            "teams": {}
        },
        "WP 60": {
            "coordinate": [
                -155425.5086347779,
                0,
                167311.57644785312
            ],
            "sides": [
                "USFP"
            ],
            "hull": "defense_platform_torp",
            "type": "platform",
            "cargo": {},
            "teams": {},
            "hideonmap": true
        },
        "WP 59": {
            "coordinate": [
                -129843.02430502634,
                0,
                151496.9497712794
            ],
            "sides": [
                "USFP"
            ],
            "hull": "defense_platform_fighter",
            "type": "platform",
            "cargo": {},
            "teams": {},
            "hideonmap": true
        }
    },
    "sensor_relay": {
        "SR 19": {
            "coordinate": [
                -141923.97406101302,
                0,
                132270.08226352753
            ],
            "hideonmap": true
        },
        "SR 59": {
            "coordinate": [
                -116514.22861919776,
                0,
                142931.0011878531
            ],
            "hideonmap": true
        },
        "SR 51": {
            "coordinate": [
                -153424.14433802874,
                0,
                179587.5059300335
            ]
        },
        "SR 62": {
            "coordinate": [
                -162382.66521422903,
                0,
                152871.8288121184
            ],
            "hideonmap": true
        },
        "SR 53": {
            "coordinate": [
                -130241.61630781235,
                0,
                80138.9701521879
            ],
            "hideonmap": true
        },
        "SR 60": {
            "coordinate": [
                -122656.31109519233,
                0,
                56026.31583120025
            ],
            "hideonmap": true
        },
        "SR 57": {
            "coordinate": [
                -125929.26980958362,
                0,
                176320.57754424989
            ]
        },
        "SR 74": {
            "coordinate": [
                -153219.33444410018,
                0,
                80399.51363574584
            ],
            "hideonmap": true
        },
        "SR 23": {
            "coordinate": [
                -170180.5327927528,
                0,
                66873.4093091392
            ],
            "hideonmap": true
        },
        "SR 16": {
            "coordinate": [
                -170180.5327927528,
                0,
                45179.2223532613
            ],
            "hideonmap": true
        },
        "SR 37": {
            "coordinate": [
                -156289.23256367038,
                0,
                32043.832332781785
            ],
            "hideonmap": true
        },
        "SR 65": {
            "coordinate": [
                -132069.066048724,
                0,
                36480.528769499506
            ],
            "hideonmap": true
        },
        "SR 11": {
            "coordinate": [
                39955.18916228471,
                0,
                36373.641356119515
            ]
        },
        "SR 39": {
            "coordinate": [
                173673.3508664416,
                0,
                184967.90920486438
            ]
        },
        "SR 84": {
            "coordinate": [
                159607.63584586544,
                0,
                185277.0457987232
            ]
        },
        "SR 70": {
            "coordinate": [
                145541.9208252893,
                0,
                185586.182392582
            ]
        },
        "SR 75": {
            "coordinate": [
                131476.2058047132,
                0,
                185895.31898644083
            ]
        },
        "SR 26": {
            "coordinate": [
                117410.49078413704,
                0,
                186204.45558029963
            ]
        },
        "SR 90": {
            "coordinate": [
                103344.7757635609,
                0,
                186513.59217415846
            ]
        },
        "SR 63": {
            "coordinate": [
                89279.06074298476,
                0,
                186822.7287680173
            ]
        },
        "SR 25": {
            "coordinate": [
                75213.34572240865,
                0,
                187131.8653618761
            ]
        },
        "SR 50": {
            "coordinate": [
                61147.63070183249,
                0,
                187441.00195573492
            ]
        },
        "SR 45": {
            "coordinate": [
                47081.91568125636,
                0,
                187750.13854959374
            ]
        },
        "SR 71": {
            "coordinate": [
                33016.20066068022,
                0,
                188059.27514345254
            ]
        },
        "SR 73": {
            "coordinate": [
                18950.485640104103,
                0,
                188368.41173731137
            ]
        },
        "SR 80": {
            "coordinate": [
                4884.770619527932,
                0,
                188677.54833117017
            ]
        },
        "SR 12": {
            "coordinate": [
                -9180.944401048182,
                0,
                188986.684925029
            ]
        },
        "SR 36": {
            "coordinate": [
                -27235.97652346984,
                0,
                190957.62153593687
            ]
        },
        "SR 79": {
            "coordinate": [
                -41577.67228408814,
                0,
                189445.9292800879
            ]
        },
        "SR 86": {
            "coordinate": [
                -55919.368044706454,
                0,
                187934.23702423894
            ]
        },
        "SR 95": {
            "coordinate": [
                -70261.06380532475,
                0,
                186422.54476839
            ]
        },
        "SR 47": {
            "coordinate": [
                -84602.75956594307,
                0,
                184910.85251254105
            ]
        },
        "SR 30": {
            "coordinate": [
                -98944.45532656138,
                0,
                183399.1602566921
            ]
        },
        "SR 85": {
            "coordinate": [
                -113286.15108717968,
                0,
                181887.46800084313
            ]
        },
        "SR 94": {
            "coordinate": [
                180207.86778380047,
                0,
                180355.64465550703
            ]
        },
        "SR 78": {
            "coordinate": [
                170719.09177785626,
                0,
                169063.57185205305
            ]
        },
        "SR 66": {
            "coordinate": [
                161230.31577191202,
                0,
                157771.49904859907
            ]
        },
        "SR 31": {
            "coordinate": [
                151741.5397659678,
                0,
                146479.4262451451
            ]
        },
        "SR 42": {
            "coordinate": [
                142252.7637600236,
                0,
                135187.35344169108
            ]
        },
        "SR 29": {
            "coordinate": [
                132763.98775407937,
                0,
                123895.28063823712
            ]
        },
        "SR 40": {
            "coordinate": [
                123275.21174813516,
                0,
                112603.20783478314
            ]
        },
        "SR 93": {
            "coordinate": [
                113786.43574219095,
                0,
                101311.13503132916
            ]
        },
        "SR 88": {
            "coordinate": [
                104297.65973624673,
                0,
                90019.06222787517
            ]
        },
        "SR 22": {
            "coordinate": [
                94808.88373030252,
                0,
                78726.9894244212
            ]
        },
        "SR 21": {
            "coordinate": [
                85320.10772435828,
                0,
                67434.91662096721
            ]
        },
        "SR 99": {
            "coordinate": [
                75831.33171841408,
                0,
                56142.84381751323
            ]
        },
        "SR 98": {
            "coordinate": [
                66342.55571246985,
                0,
                44850.77101405925
            ]
        },
        "SR 83": {
            "coordinate": [
                56853.779706525645,
                0,
                33558.698210605275
            ]
        },
        "SR 35": {
            "coordinate": [
                32573.676397197785,
                0,
                42768.39256931585
            ]
        },
        "SR 54": {
            "coordinate": [
                21260.13577472583,
                0,
                52579.18586052967
            ]
        },
        "SR 17": {
            "coordinate": [
                9946.595152253878,
                0,
                62389.97915174349
            ]
        },
        "SR 38": {
            "coordinate": [
                -1366.9454702180738,
                0,
                72200.77244295731
            ]
        },
        "SR 52": {
            "coordinate": [
                -12680.48609269003,
                0,
                82011.56573417113
            ]
        },
        "SR 28": {
            "coordinate": [
                -23994.026715161985,
                0,
                91822.35902538495
            ]
        },
        "SR 61": {
            "coordinate": [
                -35307.56733763393,
                0,
                101633.15231659877
            ]
        },
        "SR 41": {
            "coordinate": [
                -46621.10796010588,
                0,
                111443.94560781258
            ]
        },
        "SR 64": {
            "coordinate": [
                -57934.64858257784,
                0,
                121254.73889902642
            ]
        },
        "SR 24": {
            "coordinate": [
                -69248.1892050498,
                0,
                131065.53219024022
            ]
        },
        "SR 10": {
            "coordinate": [
                -80561.72982752175,
                0,
                140876.32548145406
            ]
        },
        "SR 97": {
            "coordinate": [
                -91875.2704499937,
                0,
                150687.11877266786
            ]
        },
        "SR 48": {
            "coordinate": [
                -103188.81107246564,
                0,
                160497.9120638817
            ]
        },
        "SR 55": {
            "coordinate": [
                -114502.35169493759,
                0,
                170308.7053550955
            ]
        }
    },
    "terrain": {
        "1753744585889": {
            "type": "blackhole",
            "name": "1753744585889",
            "coordinate": [
                149893.8930041153,
                0,
                167847.89300411532
            ],
            "size": 1000,
            "strength": 500
        },
        "1753746373624": {
            "type": "nebulas",
            "seed": 2010,
            "start": [
                -211498.09193118417,
                0,
                197602.69774211274
            ],
            "end": [
                -174692.53637562864,
                0,
                19130.47551989051
            ],
            "density": 325,
            "scatter": 50000,
            "composition": []
        },
        "1753746420080": {
            "type": "asteroids",
            "seed": 2010,
            "start": [
                -192748.09193118417,
                0,
                183019.36440877942
            ],
            "end": [
                -183720.3141534064,
                0,
                126769.36440877941
            ],
            "density": 225,
            "scatter": 10000,
            "composition": [
                "Ast. Std Rand"
            ]
        },
        "1753746446412": {
            "type": "nebulas",
            "seed": 2010,
            "start": [
                -160109.2030422953,
                0,
                185102.69774211274
            ],
            "end": [
                -98998.09193118417,
                0,
                185102.69774211274
            ],
            "density": 125,
            "scatter": 20000,
            "composition": []
        },
        "1753746469304": {
            "type": "nebulas",
            "seed": 2010,
            "start": [
                -75386.98082007306,
                0,
                158019.36440877942
            ],
            "end": [
                -51081.4252645175,
                0,
                159408.2532976683
            ],
            "density": 125,
            "scatter": 10000,
            "composition": []
        },
        "1753746485180": {
            "type": "asteroids",
            "seed": 2010,
            "start": [
                -26081.4252645175,
                0,
                167047.14218655718
            ],
            "end": [
                -10803.647486739721,
                0,
                110102.69774211274
            ],
            "density": 325,
            "scatter": 20000,
            "composition": [
                "Ast. Std Rand"
            ]
        },
        "1753746544372": {
            "type": "nebulas",
            "seed": 2010,
            "start": [
                3297.432760173863,
                0,
                119998.53107544607
            ],
            "end": [
                99470.95355460698,
                0,
                135712.95852203833
            ],
            "density": 225,
            "scatter": 15000,
            "composition": []
        },
        "1753746560700": {
            "type": "nebulas",
            "seed": 2010,
            "start": [
                46217.9574515319,
                0,
                201981.5557668041
            ],
            "end": [
                84315.95127869239,
                0,
                178351.1545322362
            ],
            "density": 125,
            "scatter": 10000,
            "composition": []
        },
        "1753746622652": {
            "type": "nebulas",
            "seed": 2010,
            "start": [
                142754.25356683938,
                0,
                173281.4569595892
            ],
            "end": [
                149109.79733796755,
                0,
                166832.44930947386
            ],
            "density": 125,
            "scatter": 1000,
            "composition": []
        },
        "1753746639019": {
            "type": "nebulas",
            "seed": 2010,
            "start": [
                149016.33345898037,
                0,
                169262.5101631405
            ],
            "end": [
                157988.8658417496,
                0,
                169355.9740421277
            ],
            "density": 125,
            "scatter": 1000,
            "composition": []
        },
        "1753746646876": {
            "type": "nebulas",
            "seed": 2010,
            "start": [
                148268.62242708294,
                0,
                168140.94361529435
            ],
            "end": [
                151166.0026756855,
                0,
                175711.5178132559
            ],
            "density": 125,
            "scatter": 1000,
            "composition": []
        },
        "1753746656091": {
            "type": "nebulas",
            "seed": 2010,
            "start": [
                142102.21900940113,
                0,
                166419.65217999322
            ],
            "end": [
                150698.6832807496,
                0,
                166458.59379352513
            ],
            "density": 125,
            "scatter": 1000,
            "composition": []
        },
        "1753746662644": {
            "type": "nebulas",
            "seed": 2010,
            "start": [
                150511.75552277526,
                0,
                169262.5101631405
            ],
            "end": [
                155745.7327460573,
                0,
                163280.82190796104
            ],
            "density": 125,
            "scatter": 1000,
            "composition": []
        },
        "1753746669052": {
            "type": "nebulas",
            "seed": 2010,
            "start": [
                147801.30303214706,
                0,
                160196.5139013841
            ],
            "end": [
                151539.8581916342,
                0,
                167580.1603413713
            ],
            "density": 125,
            "scatter": 1000,
            "composition": []
        },
        "1753746892728": {
            "type": "nebulas",
            "seed": 2010,
            "start": [
                93201.6634311502,
                0,
                135712.95852203833
            ],
            "end": [
                168915.39799905143,
                0,
                119316.35358376672
            ],
            "density": 125,
            "scatter": 15000,
            "composition": []
        },
        "1753746922648": {
            "type": "asteroids",
            "seed": 2010,
            "start": [
                174702.43503608846,
                0,
                153074.06963314943
            ],
            "end": [
                127441.63256695266,
                0,
                109189.0387689519
            ],
            "density": 125,
            "scatter": 20000,
            "composition": [
                "Ast. Std Rand"
            ]
        },
        "1753746971175": {
            "type": "asteroids",
            "seed": 2010,
            "start": [
                167179.2720035858,
                0,
                57113.10295981456
            ],
            "end": [
                136033.76017231005,
                0,
                26302.489105219214
            ],
            "density": 125,
            "scatter": 10000,
            "composition": [
                "Ast. Std Rand"
            ]
        },
        "1753746997463": {
            "type": "nebulas",
            "seed": 2010,
            "start": [
                107232.53417779703,
                0,
                39698.40817243458
            ],
            "end": [
                192296.6202546146,
                0,
                20944.12147833307
            ],
            "density": 225,
            "scatter": 20000,
            "composition": []
        },
        "1753747023983": {
            "type": "asteroids",
            "seed": 2010,
            "start": [
                72609.4417566722,
                0,
                91261.97984595994
            ],
            "end": [
                84762.21953444998,
                0,
                54224.94280892289
            ],
            "density": 125,
            "scatter": 5000,
            "composition": [
                "Ast. Std Rand"
            ]
        },
        "1753747037551": {
            "type": "asteroids",
            "seed": 2010,
            "start": [
                84762.21953444998,
                0,
                62326.79466077474
            ],
            "end": [
                73766.84916407961,
                0,
                27604.572438552517
            ],
            "density": 125,
            "scatter": 5000,
            "composition": [
                "Ast. Std Rand"
            ]
        },
        "1753747057755": {
            "type": "nebulas",
            "seed": 2010,
            "start": [
                -24034.076761846336,
                0,
                49595.31317929326
            ],
            "end": [
                20526.108423338857,
                0,
                14294.387253367331
            ],
            "density": 125,
            "scatter": 10000,
            "composition": []
        },
        "1753747080727": {
            "type": "asteroids",
            "seed": 2010,
            "start": [
                -80747.0397248093,
                0,
                74479.57243855252
            ],
            "end": [
                -74381.29898406856,
                0,
                27604.572438552517
            ],
            "density": 525,
            "scatter": 7000,
            "composition": [
                "Ast. Std Rand"
            ]
        },
        "1753747106279": {
            "type": "nebulas",
            "seed": 2010,
            "start": [
                -96950.74342851301,
                0,
                58854.572438552525
            ],
            "end": [
                -57598.89157666115,
                0,
                43808.276142256225
            ],
            "density": 525,
            "scatter": 5000,
            "composition": []
        },
        "1753747496503": {
            "type": "asteroids",
            "seed": 2010,
            "start": [
                -222601.75596671863,
                0,
                113289.36980702974
            ],
            "end": [
                -209268.42263338531,
                0,
                61622.70314036306
            ],
            "density": 525,
            "scatter": 10000,
            "composition": [
                "Ast. Std Rand"
            ]
        }
    },
    "traffic": {}
}