{
    "systemMapCoord": [
        -5285.6913575611525,
        0,
        23842.982468630024
    ],
    "systemalignment": "USFP",
    "metadata": {
        "sysdescription": "This is a well established system a joint venture by Terra and the AlMare Union. Contains a significant Shipyard complex and an Armory point though lacks in TSN Facilitys otherwise.",
        "security": "Normal",
        "exports": [
            "Agriculture",
            "Industry"
        ],
        "focus": "Agriculture",
        "intel": {
            "pirate": "Low",
            "enemy": "Low",
            "assets": [
                "Armory",
                "Shipyard"
            ]
        },
        "development": "Administrative Center",
        "visible": true,
        "skybox": "sky1.png"
    },
    "objects": {
        "Green Fields": {
            "coordinate": [
                -61099.99999999995,
                0,
                -150399.99999999994
            ],
            "type": "jumpnode",
            "jumppointtype": "Node",
            "destinations": {
                "Vermilion Gate": "Corus"
            },
            "state": "Tethered",
            "drift": 0
        },
        "Rock Breaker Gate": {
            "coordinate": [
                -55253.986625514386,
                0,
                201536.35116598083
            ],
            "type": "jumpnode",
            "jumppointtype": "Node",
            "destinations": {
                "Aturin Gate": "Oberon"
            },
            "state": "Tethered",
            "drift": 0
        },
        "DS 73": {
            "coordinate": [
                6092.644032921957,
                0,
                173473.2981824417
            ],
            "sides": [
                "USFP"
            ],
            "hull": "starbase_command",
            "type": "station",
            "facilities": [],
            "cargo": {},
            "teams": {}
        },
        "Marmonto Yards": {
            "coordinate": [
                -130597.08147576576,
                0,
                2298.0116883858886
            ],
            "sides": [
                "USFP"
            ],
            "hull": "starbase_civil",
            "type": "station",
            "facilities": [
                "Docking",
                "Refuel",
                "Repair"
            ],
            "cargo": {
                "Homing": 38,
                "EMP": 13,
                "Mine": 13,
                "High Yield Warhead": 16,
                "Warhead": 61,
                "Torpedo Casing": 36,
                "Casing": 49,
                "Transmitter": 54,
                "Navigational Array": 7,
                "Tharium Plating": 80,
                "Tactical Array": 1,
                "Sensor Suite": 8,
                "Guidance System": 57,
                "Receiver": 24,
                "Power Relay": 62,
                "Iso B Circuit": 54,
                "Micro Controller": 49,
                "Black Box": 12,
                "Repair Materials": 79
            },
            "teams": {
                "DamCon": 10,
                "Medics": 3,
                "Combat Engineers": 3
            },
            "description": ""
        },
        "Marmonto R&D": {
            "coordinate": [
                -126583.77105195903,
                0,
                3123.3597375277122
            ],
            "sides": [
                "USFP"
            ],
            "hull": "starbase_science",
            "type": "station",
            "facilities": [],
            "cargo": {
                "High Yield Warhead": 11,
                "Life Support": 3,
                "Medical Supplies": 17,
                "Micro Controller": 25,
                "Power Relay": 17,
                "Transmitter": 8,
                "Receiver": 5,
                "Analysis Suite": 7,
                "Sensor Suite": 8,
                "Guidance System": 15,
                "Wild Animals": 14,
                "Casing": 14,
                "EMP": 10,
                "Homing": 38
            },
            "teams": {
                "DamCon": 3,
                "Medics": 3
            },
            "description": ""
        },
        "JP 61": {
            "coordinate": [
                -656420.3189537635,
                0,
                202705.34134873768
            ],
            "type": "jumppoint",
            "jumppointtype": "Node",
            "destinations": {},
            "state": "Untethered",
            "drift": 0,
            "hideonmap": true
        },
        "WP 30": {
            "coordinate": [
                -126353.33687993189,
                0,
                3642.3122811652465
            ],
            "sides": [
                "USFP"
            ],
            "hull": "defense_platform_beam",
            "type": "platform",
            "cargo": {},
            "teams": {}
        },
        "WP 24": {
            "coordinate": [
                -132460.13543960222,
                0,
                2451.8360883438118
            ],
            "sides": [
                "USFP"
            ],
            "hull": "defense_platform_beam",
            "type": "platform",
            "cargo": {},
            "teams": {}
        },
        "WP 18": {
            "coordinate": [
                -131866.4623863898,
                0,
                -2694.025947585477
            ],
            "sides": [
                "USFP"
            ],
            "hull": "defense_platform_beam",
            "type": "platform",
            "cargo": {},
            "teams": {}
        },
        "WP 84": {
            "coordinate": [
                -127362.26806175338,
                0,
                -2641.857840976299
            ],
            "sides": [
                "USFP"
            ],
            "hull": "defense_platform_beam",
            "type": "platform",
            "cargo": {},
            "teams": {}
        },
        "WP 80": {
            "coordinate": [
                -129472.98965516071,
                0,
                3625.6184870503103
            ],
            "sides": [
                "USFP"
            ],
            "hull": "defense_platform_beam",
            "type": "platform",
            "cargo": {},
            "teams": {}
        },
        "MY AY Queen": {
            "coordinate": [
                -131934.28092498172,
                0,
                -64.75337448292022
            ],
            "sides": [
                "USFP"
            ],
            "hull": "usfp_industrial_assembly",
            "type": "station",
            "facilities": [],
            "cargo": {
                "Homing": 35,
                "EMP": 12,
                "Mine": 12,
                "High Yield Warhead": 15,
                "Warhead": 60,
                "Torpedo Casing": 40,
                "Casing": 50,
                "Transmitter": 60,
                "Navigational Array": 8,
                "Tharium Plating": 85,
                "Tactical Array": 2,
                "Sensor Suite": 8,
                "Guidance System": 60,
                "Receiver": 25,
                "Power Relay": 62,
                "Iso B Circuit": 52,
                "Micro Controller": 52,
                "Black Box": 12,
                "Repair Materials": 83
            },
            "teams": {
                "DamCon": 8,
                "Medics": 2,
                "Combat Engineers": 3
            },
            "description": ""
        },
        "MY AY Roma": {
            "coordinate": [
                -130962.91077991882,
                0,
                -1786.3008925857846
            ],
            "sides": [
                "USFP"
            ],
            "hull": "usfp_industrial_assembly",
            "type": "station",
            "facilities": [],
            "cargo": {
                "Iron": 47,
                "Tharium": 49,
                "Reisium": 54,
                "Alerite": 44,
                "Cabrite": 28,
                "Ashfilum": 51,
                "Denebite": 28,
                "Aegirine": 172,
                "Nuidinium": 118,
                "Gredian": 10,
                "Warhead": 10,
                "Life Support": 0,
                "Micro Controller": 6,
                "Power Relay": 15,
                "Casing": 13,
                "Homing": 32,
                "Torpedo Casing": 11
            },
            "teams": {
                "DamCon": 0,
                "Medics": 0
            },
            "description": ""
        },
        "MY Recycleing": {
            "coordinate": [
                -129450.03568825267,
                0,
                509.0957982180341
            ],
            "sides": [
                "USFP"
            ],
            "hull": "usfp_industrial_processor",
            "type": "station",
            "facilities": [],
            "cargo": {
                "Iron": 61,
                "Tharium": 59,
                "Reisium": 51,
                "Alerite": 45,
                "Cabrite": 35,
                "Ashfilum": 66,
                "Denebite": 32,
                "Aegirine": 160,
                "Nuidinium": 162,
                "Gredian": 10,
                "Warhead": 10,
                "Life Support": 1,
                "Micro Controller": 9,
                "Power Relay": 18,
                "Casing": 15,
                "Homing": 35,
                "Torpedo Casing": 10
            },
            "teams": {
                "DamCon": 0,
                "Medics": 0
            },
            "description": ""
        },
        "WP 90": {
            "coordinate": [
                -127232.89115736262,
                0,
                1500.2898237924103
            ],
            "sides": [
                "USFP"
            ],
            "hull": "defense_platform_torp",
            "type": "platform",
            "cargo": {},
            "teams": {}
        },
        "WP 41": {
            "coordinate": [
                -131119.41509974637,
                0,
                170.00310525837907
            ],
            "sides": [
                "USFP"
            ],
            "hull": "defense_platform_torp",
            "type": "platform",
            "cargo": {},
            "teams": {}
        },
        "WP 3": {
            "coordinate": [
                -125850.43633221941,
                0,
                404.7595849996787
            ],
            "sides": [
                "USFP"
            ],
            "hull": "defense_platform_fighter",
            "type": "platform",
            "cargo": {},
            "teams": {}
        },
        "WP 53": {
            "coordinate": [
                -133649.56827029152,
                0,
                149.67841092344335
            ],
            "sides": [
                "USFP"
            ],
            "hull": "defense_platform_beam",
            "type": "platform",
            "cargo": {},
            "teams": {}
        },
        "Dilko Refinery": {
            "coordinate": [
                -5046.8882152956485,
                0,
                246458.13912563608
            ],
            "sides": [
                "USFP"
            ],
            "hull": "usfp_industrial_refinary",
            "type": "station",
            "facilities": [
                "Refuel",
                "Docking"
            ],
            "cargo": {},
            "teams": {},
            "description": ""
        },
        "Dilko M989": {
            "coordinate": [
                -8857.201646090392,
                0,
                242917.74262688617
            ],
            "sides": [
                "USFP"
            ],
            "hull": "starbase_industry",
            "type": "station",
            "facilities": [
                "Docking",
                "Refuel"
            ],
            "cargo": {
                "Iron": 797,
                "Tharium": 58,
                "Reisium": 57,
                "Alerite": 48,
                "Cabrite": 716,
                "Ashfilum": 253,
                "Denebite": 33,
                "Aegirine": 136,
                "Nuidinium": 147,
                "Gredian": 159,
                "Warhead": 8,
                "Life Support": 0,
                "Micro Controller": 8,
                "Power Relay": 14,
                "Casing": 14,
                "Homing": 34,
                "Torpedo Casing": 9
            },
            "teams": {
                "DamCon": 0,
                "Medics": 0
            },
            "description": ""
        },
        "Nixi Foundry": {
            "coordinate": [
                -88892.41857020152,
                0,
                241736.44131310456
            ],
            "sides": [
                "USFP"
            ],
            "hull": "starbase_industry",
            "type": "station",
            "facilities": [
                "Docking",
                "Refuel",
                "Repair"
            ],
            "cargo": {},
            "teams": {},
            "description": ""
        },
        "DS 72": {
            "coordinate": [
                -87305.46256039292,
                0,
                242198.2007173442
            ],
            "sides": [
                "USFP"
            ],
            "hull": "starbase_industry",
            "type": "station",
            "facilities": [],
            "cargo": {},
            "teams": {},
            "description": ""
        },
        "DS 70": {
            "coordinate": [
                -89784.49098646104,
                0,
                240094.78265886215
            ],
            "sides": [
                "USFP"
            ],
            "hull": "starbase_civil",
            "type": "station",
            "facilities": [],
            "cargo": {},
            "teams": {},
            "description": ""
        },
        "DS 61": {
            "coordinate": [
                43277.30090398176,
                0,
                14492.66028797798
            ],
            "sides": [
                "USFP"
            ],
            "hull": "starbase_civil",
            "type": "station",
            "facilities": [],
            "cargo": {
                "Repair Materials": 16,
                "Medical Supplies": 8,
                "Iso B Circuit": 25,
                "Container": 25,
                "Life Support": 1,
                "Micro Controller": 8,
                "Power Relay": 16,
                "Aid Package": 16,
                "Pets": 3,
                "Torpedo Casing": 5,
                "Casing": 6,
                "Coffee": 7,
                "Tea": 4,
                "Alcohol": 5
            },
            "teams": {
                "Diplomats": 2
            },
            "description": ""
        },
        "DS 25": {
            "coordinate": [
                48526.71505578791,
                0,
                -1693.1821903028085
            ],
            "sides": [
                "USFP"
            ],
            "hull": "starbase_civil",
            "type": "station",
            "facilities": [],
            "cargo": {
                "Repair Materials": 15,
                "Medical Supplies": 12,
                "Iso B Circuit": 23,
                "Container": 29,
                "Life Support": 0,
                "Micro Controller": 9,
                "Power Relay": 17,
                "Aid Package": 15,
                "Pets": 6,
                "Torpedo Casing": 5,
                "Casing": 5,
                "Coffee": 7,
                "Tea": 5,
                "Alcohol": 5
            },
            "teams": {
                "Diplomats": 0
            },
            "description": ""
        },
        "DS 31": {
            "coordinate": [
                61085.389181302315,
                0,
                9749.165346276985
            ],
            "sides": [
                "USFP"
            ],
            "hull": "starbase_civil",
            "type": "station",
            "facilities": [
                "Docking",
                "Refuel"
            ],
            "cargo": {
                "Repair Materials": 17,
                "Medical Supplies": 10,
                "Iso B Circuit": 28,
                "Container": 27,
                "Life Support": 0,
                "Micro Controller": 9,
                "Power Relay": 14,
                "Aid Package": 16,
                "Pets": 2,
                "Torpedo Casing": 7,
                "Casing": 6,
                "Coffee": 3,
                "Tea": 4,
                "Alcohol": 5,
                "Homing": 8
            },
            "teams": {
                "Diplomats": 1
            },
            "description": ""
        },
        "Hypherion Armory": {
            "coordinate": [
                200008.73594627704,
                0,
                -11141.653269406615
            ],
            "sides": [
                "USFP"
            ],
            "hull": "starbase_command",
            "type": "station",
            "facilities": [
                "Docking",
                "Refuel",
                "Repair"
            ],
            "cargo": {
                "Homing": 153,
                "Nuke": 23,
                "EMP": 27,
                "Mine": 20,
                "High Yield Warhead": 14,
                "Warhead": 50,
                "Torpedo Casing": 102,
                "Navigational Array": 3,
                "Tactical Array": 9,
                "Guidance System": 61,
                "Medical Supplies": 12,
                "Repair Materials": 4
            },
            "teams": {
                "DamCon": 10,
                "Medics": 4,
                "Combat Engineers": 10
            },
            "description": ""
        },
        "NanoGel Reasearch": {
            "coordinate": [
                200304.51783928118,
                0,
                1104.3601050789991
            ],
            "sides": [
                "USFP"
            ],
            "hull": "starbase_science",
            "type": "station",
            "facilities": [
                "Docking"
            ],
            "cargo": {
                "High Yield Warhead": 10,
                "Life Support": 2,
                "Medical Supplies": 14,
                "Micro Controller": 23,
                "Power Relay": 15,
                "Transmitter": 8,
                "Receiver": 4,
                "Analysis Suite": 9,
                "Sensor Suite": 7,
                "Guidance System": 13,
                "Wild Animals": 15,
                "Casing": 17,
                "EMP": 9,
                "Homing": 33
            },
            "teams": {
                "DamCon": 1,
                "Medics": 1
            },
            "description": ""
        },
        "WP 63": {
            "coordinate": [
                194526.63335706195,
                0,
                -11585.85784463888
            ],
            "sides": [
                "USFP"
            ],
            "hull": "defense_platform_beam",
            "type": "platform",
            "cargo": {},
            "teams": {}
        },
        "WP 11": {
            "coordinate": [
                194310.28178533236,
                0,
                -4770.783335157056
            ],
            "sides": [
                "USFP"
            ],
            "hull": "defense_platform_beam",
            "type": "platform",
            "cargo": {},
            "teams": {}
        },
        "WP 1": {
            "coordinate": [
                204695.1572283523,
                0,
                -3797.2012623739383
            ],
            "sides": [
                "USFP"
            ],
            "hull": "defense_platform_beam",
            "type": "platform",
            "cargo": {},
            "teams": {}
        },
        "WP 2": {
            "coordinate": [
                205073.77247887905,
                0,
                -11585.85784463888
            ],
            "sides": [
                "USFP"
            ],
            "hull": "defense_platform_beam",
            "type": "platform",
            "cargo": {},
            "teams": {}
        },
        "WP 22": {
            "coordinate": [
                199989.5105432339,
                0,
                -3202.2344401175887
            ],
            "sides": [
                "USFP"
            ],
            "hull": "defense_platform_fighter",
            "type": "platform",
            "cargo": {},
            "teams": {}
        },
        "WP 26": {
            "coordinate": [
                199989.5105432339,
                0,
                -12667.615703286789
            ],
            "sides": [
                "USFP"
            ],
            "hull": "defense_platform_torp",
            "type": "platform",
            "cargo": {},
            "teams": {}
        },
        "Port Ash": {
            "coordinate": [
                614214.1344925419,
                0,
                -116188.37177349221
            ],
            "sides": [
                "Pirate"
            ],
            "hull": "pirate_military_base",
            "type": "station",
            "facilities": [],
            "cargo": {
                "Repair Materials": 16,
                "Medical Supplies": 30,
                "Iso B Circuit": 25,
                "Container": 25,
                "Life Support": 1,
                "Micro Controller": 8,
                "Power Relay": 16,
                "Aid Package": 16
            },
            "teams": {
                "Diplomats": 1
            },
            "hideonmap": true
        },
        "WP 7": {
            "coordinate": [
                612156.2260450503,
                0,
                -117308.68054841767
            ],
            "sides": [
                "Pirate"
            ],
            "hull": "defense_platform_beam",
            "type": "platform",
            "cargo": {},
            "teams": {},
            "hideonmap": true
        },
        "WP 6": {
            "coordinate": [
                616331.3036098602,
                0,
                -114776.14851221119
            ],
            "sides": [
                "Pirate"
            ],
            "hull": "defense_platform_beam",
            "type": "platform",
            "cargo": {},
            "teams": {},
            "hideonmap": true
        },
        "WP 87": {
            "coordinate": [
                613064.9026463145,
                0,
                -114128.31244399284
            ],
            "sides": [
                "Pirate"
            ],
            "hull": "defense_platform_beam",
            "type": "platform",
            "cargo": {},
            "teams": {},
            "hideonmap": true
        },
        "WP 16": {
            "coordinate": [
                615271.6886779562,
                0,
                -117850.87967862621
            ],
            "sides": [
                "Pirate"
            ],
            "hull": "defense_platform_beam",
            "type": "platform",
            "cargo": {},
            "teams": {},
            "hideonmap": true
        },
        "WP 43": {
            "coordinate": [
                612917.2933364514,
                0,
                -115877.36298790007
            ],
            "sides": [
                "Pirate"
            ],
            "hull": "defense_platform_fighter",
            "type": "platform",
            "cargo": {},
            "teams": {},
            "hideonmap": true
        },
        "WP 10": {
            "coordinate": [
                615482.225244736,
                0,
                -116181.67694312027
            ],
            "sides": [
                "USFP"
            ],
            "hull": "defense_platform_torp",
            "type": "platform",
            "cargo": {},
            "teams": {},
            "hideonmap": true
        },
        "Brigadooin": {
            "coordinate": [
                531916.7758428085,
                0,
                -128394.52316407557
            ],
            "sides": [
                "USFP"
            ],
            "hull": "starbase_industry",
            "type": "station",
            "facilities": [],
            "cargo": {},
            "teams": {},
            "description": "Abandoned Mining Operation, Facility shuttered 19 Months ago due to Fiscal unviability.",
            "hideonmap": true
        },
        "JP 30": {
            "coordinate": [
                691422.424533228,
                0,
                -185026.4408650554
            ],
            "type": "jumppoint",
            "jumppointtype": "Node",
            "destinations": {},
            "state": "Untethered",
            "drift": 50000,
            "hideonmap": true
        },
        "Y 32": {
            "coordinate": [
                -128127.35604727901,
                0,
                -2039.1369964853461
            ],
            "sides": [
                "USFP"
            ],
            "hull": "starbase_industry",
            "type": "station",
            "facilities": [],
            "cargo": {},
            "teams": {}
        }
    },
    "traffic": {
        "commercial": "medium",
        "civilian": "heavy",
        "security": "medium"
    },
    "terrain": {
        "1751038145951": {
            "type": "asteroids",
            "seed": 2010,
            "start": [
                -87131.8801440329,
                0,
                211100.50154320992
            ],
            "end": [
                -82443.30847050753,
                0,
                177275.80589849112
            ],
            "density": 125,
            "scatter": 10000,
            "composition": [
                "Ast. Std Rand"
            ]
        },
        "1751038160501": {
            "type": "asteroids",
            "seed": 2010,
            "start": [
                -86796.98216735251,
                0,
                206746.82784636493
            ],
            "end": [
                -76415.1448902606,
                0,
                230859.4821673526
            ],
            "density": 125,
            "scatter": 12000,
            "composition": [
                "Ast. Std Rand"
            ]
        },
        "1751038170956": {
            "type": "asteroids",
            "seed": 2010,
            "start": [
                -84787.5943072702,
                0,
                182969.07150205766
            ],
            "end": [
                -71726.57321673523,
                0,
                154837.64146090538
            ],
            "density": 125,
            "scatter": 16000,
            "composition": [
                "Ast. Std Rand"
            ]
        },
        "1751038204701": {
            "type": "asteroids",
            "seed": 2010,
            "start": [
                -78759.4307270233,
                0,
                227510.50240054875
            ],
            "end": [
                -51967.59259259256,
                0,
                239231.9315843622
            ],
            "density": 125,
            "scatter": 16000,
            "composition": [
                "Ast. Std Rand"
            ]
        },
        "1751038213770": {
            "type": "asteroids",
            "seed": 2010,
            "start": [
                -56656.16426611794,
                0,
                235882.95181755835
            ],
            "end": [
                -23836.162551440295,
                0,
                239231.9315843622
            ],
            "density": 125,
            "scatter": 10000,
            "composition": [
                "Ast. Std Rand"
            ]
        },
        "1751038220375": {
            "type": "asteroids",
            "seed": 2010,
            "start": [
                -30869.020061728363,
                0,
                235882.95181755835
            ],
            "end": [
                -393.30418381340223,
                0,
                219138.05298353915
            ],
            "density": 125,
            "scatter": 9820,
            "composition": [
                "Ast. Std Rand"
            ]
        },
        "1751038225958": {
            "type": "asteroids",
            "seed": 2010,
            "start": [
                -4746.977880658396,
                0,
                221482.33882030184
            ],
            "end": [
                -1397.9981138545547,
                0,
                186652.94924554188
            ],
            "density": 125,
            "scatter": 10000,
            "composition": [
                "Ast. Std Rand"
            ]
        },
        "1751038231303": {
            "type": "asteroids",
            "seed": 2010,
            "start": [
                -2737.5900205760913,
                0,
                193350.90877914955
            ],
            "end": [
                -11779.835390946464,
                0,
                161870.49897119345
            ],
            "density": 125,
            "scatter": 10000,
            "composition": [
                "Ast. Std Rand"
            ]
        },
        "1751038252363": {
            "type": "asteroids",
            "seed": 2010,
            "start": [
                -15463.71313443069,
                0,
                166559.07064471883
            ],
            "end": [
                38053.62654320997,
                0,
                74501.99331275723
            ],
            "density": 300,
            "scatter": 16000,
            "composition": [
                "Ast. Std Rand"
            ]
        },
        "1751038419047": {
            "type": "nebulas",
            "seed": 2010,
            "start": [
                -99577.65346364873,
                0,
                83809.69221536351
            ],
            "end": [
                -86851.53034979413,
                0,
                162175.8187585734
            ],
            "density": 200,
            "scatter": 19000,
            "composition": []
        },
        "1751038450921": {
            "type": "nebulas",
            "seed": 2010,
            "start": [
                -106610.5109739368,
                0,
                92182.14163237311
            ],
            "end": [
                -184976.6375171467,
                0,
                12476.423182441677
            ],
            "density": 125,
            "scatter": 32000,
            "composition": []
        },
        "1751038463609": {
            "type": "asteroids",
            "seed": 2010,
            "start": [
                -175093.77572016444,
                0,
                -103.86231138550102
            ],
            "end": [
                -136693.77572016447,
                0,
                -243703.86231138548
            ],
            "density": 500,
            "scatter": 15000,
            "composition": [
                "Ast. Std Rand"
            ]
        },
        "1751038494940": {
            "type": "asteroids",
            "seed": 2010,
            "start": [
                180381.14115920867,
                0,
                -134133.63152657845
            ],
            "end": [
                123706.22427983553,
                0,
                -146503.86231138548
            ],
            "density": 125,
            "scatter": 10000,
            "composition": [
                "Ast. Std Rand"
            ]
        },
        "1751038505969": {
            "type": "nebulas",
            "seed": 2010,
            "start": [
                -141493.77572016447,
                0,
                -87703.8623113855
            ],
            "end": [
                9706.224279835533,
                0,
                -55303.8623113855
            ],
            "density": 300,
            "scatter": 35000,
            "composition": []
        },
        "1751038532693": {
            "type": "nebulas",
            "seed": 2010,
            "start": [
                -15493.775720164465,
                0,
                -58903.8623113855
            ],
            "end": [
                39706.22427983553,
                0,
                -109303.8623113855
            ],
            "density": 125,
            "scatter": 10000,
            "composition": []
        },
        "1751038538057": {
            "type": "nebulas",
            "seed": 2010,
            "start": [
                -133093.77572016447,
                0,
                -54103.8623113855
            ],
            "end": [
                -178693.77572016444,
                0,
                -4903.862311385501
            ],
            "density": 125,
            "scatter": 10000,
            "composition": []
        },
        "1751039633259": {
            "type": "nebulas",
            "seed": 2010,
            "start": [
                252381.14115920864,
                0,
                -176133.63152657845
            ],
            "end": [
                357147.8078258753,
                0,
                169510.81291786605
            ],
            "density": 242,
            "scatter": 80000,
            "composition": []
        },
        "1751039674784": {
            "type": "asteroids",
            "seed": 2010,
            "start": [
                109581.14115920865,
                0,
                180266.36847342155
            ],
            "end": [
                155181.14115920867,
                0,
                192266.36847342155
            ],
            "density": 125,
            "scatter": 10000,
            "composition": [
                "Ast. Std Rand"
            ]
        },
        "1751039685220": {
            "type": "nebulas",
            "seed": 2010,
            "start": [
                -41618.858840791334,
                0,
                -323733.63152657845
            ],
            "end": [
                381.14115920866425,
                0,
                -315333.63152657845
            ],
            "density": 125,
            "scatter": 16000,
            "composition": []
        },
        "1751039885600": {
            "type": "asteroids",
            "seed": 2010,
            "start": [
                478878.9980650307,
                0,
                -45643.41205296443
            ],
            "end": [
                547861.2202872529,
                0,
                -120616.7453862978
            ],
            "density": 125,
            "scatter": 10000,
            "composition": [
                "Ast. Std Rand"
            ]
        },
        "1751039895653": {
            "type": "nebulas",
            "seed": 2010,
            "start": [
                543000.1091761418,
                0,
                -110894.52316407558
            ],
            "end": [
                530500.1091761418,
                0,
                -185894.52316407557
            ],
            "density": 125,
            "scatter": 10000,
            "composition": []
        },
        "1751039900920": {
            "type": "asteroids",
            "seed": 2010,
            "start": [
                542305.6647316974,
                0,
                -94227.85649740891
            ],
            "end": [
                491611.220287253,
                0,
                -144922.30094185335
            ],
            "density": 125,
            "scatter": 10000,
            "composition": [
                "Ast. Std Rand"
            ]
        },
        "1751039904636": {
            "type": "asteroids",
            "seed": 2010,
            "start": [
                491611.220287253,
                0,
                -108116.7453862978
            ],
            "end": [
                542305.6647316974,
                0,
                -188672.30094185335
            ],
            "density": 125,
            "scatter": 10000,
            "composition": [
                "Ast. Std Rand"
            ]
        },
        "1751039921626": {
            "type": "asteroids",
            "seed": 2010,
            "start": [
                554805.6647316974,
                0,
                -110894.52316407558
            ],
            "end": [
                688138.9980650308,
                0,
                -123394.52316407558
            ],
            "density": 300,
            "scatter": 60000,
            "composition": [
                "Ast. Std Rand"
            ]
        }
    },
    "sensor_relay": {
        "SR 23": {
            "coordinate": [
                -54074.39557613155,
                0,
                191066.52949245548
            ]
        },
        "SR 97": {
            "coordinate": [
                -56623.90689300398,
                0,
                127578.98233882034
            ]
        },
        "SR 86": {
            "coordinate": [
                -57164.030349794106,
                0,
                86529.59962277095
            ]
        },
        "SR 43": {
            "coordinate": [
                -57704.153806584225,
                0,
                45480.21690672156
            ]
        },
        "SR 67": {
            "coordinate": [
                -58244.27726337435,
                0,
                4430.834190672176
            ]
        },
        "SR 65": {
            "coordinate": [
                -58784.40072016447,
                0,
                -36618.548525377206
            ]
        },
        "SR 40": {
            "coordinate": [
                -59324.5241769546,
                0,
                -77667.93124142662
            ]
        },
        "SR 33": {
            "coordinate": [
                -59864.64763374472,
                0,
                -118717.313957476
            ]
        },
        "SR 27": {
            "coordinate": [
                -10371.12054183802,
                0,
                206382.3516803841
            ]
        },
        "SR 90": {
            "coordinate": [
                -27314.079458195007,
                0,
                241564.76839144545
            ]
        },
        "SR 15": {
            "coordinate": [
                -65384.56256987216,
                0,
                250254.10772856616
            ]
        },
        "SR 37": {
            "coordinate": [
                -95914.71959744688,
                0,
                225907.11994067422
            ]
        },
        "SR 60": {
            "coordinate": [
                -95914.71959744688,
                0,
                186857.583420094
            ]
        },
        "SR 72": {
            "coordinate": [
                -65384.56256987218,
                0,
                162510.59563220205
            ]
        },
        "SR 11": {
            "coordinate": [
                -27314.079458195018,
                0,
                171199.93496932276
            ]
        },
        "SR 58": {
            "coordinate": [
                -16399.284122084937,
                0,
                -154972.56515775042
            ]
        },
        "SR 46": {
            "coordinate": [
                -33342.24303844193,
                0,
                -119790.14844668907
            ]
        },
        "SR 50": {
            "coordinate": [
                -71412.72615011908,
                0,
                -111100.80910956836
            ]
        },
        "SR 71": {
            "coordinate": [
                -101942.88317769379,
                0,
                -135447.7968974603
            ]
        },
        "SR 41": {
            "coordinate": [
                -101942.88317769379,
                0,
                -174497.33341804054
            ]
        },
        "SR 74": {
            "coordinate": [
                -71412.7261501191,
                0,
                -198844.32120593247
            ]
        },
        "SR 42": {
            "coordinate": [
                -33342.243038441935,
                0,
                -190154.98186881177
            ]
        },
        "SR 34": {
            "coordinate": [
                -112294.39035752794,
                0,
                1435.4768739489184
            ]
        },
        "SR 18": {
            "coordinate": [
                -67294.39035752794,
                0,
                1435.4768739489184
            ]
        },
        "SR 56": {
            "coordinate": [
                -84237.34927388493,
                0,
                36617.89358501026
            ]
        },
        "SR 81": {
            "coordinate": [
                -122307.83238556208,
                0,
                45307.23292213098
            ]
        },
        "SR 77": {
            "coordinate": [
                -152837.9894131368,
                0,
                20960.245134239038
            ]
        },
        "SR 80": {
            "coordinate": [
                -152837.9894131368,
                0,
                -18089.291386341192
            ]
        },
        "SR 28": {
            "coordinate": [
                -122307.8323855621,
                0,
                -42436.27917423315
            ]
        },
        "SR 31": {
            "coordinate": [
                -84237.34927388493,
                0,
                -33746.93983711243
            ]
        },
        "SR 85": {
            "coordinate": [
                -59248.42147674991,
                0,
                275690.3707742682
            ]
        },
        "SR 61": {
            "coordinate": [
                -97318.90458842706,
                0,
                284379.71011138894
            ]
        },
        "SR 21": {
            "coordinate": [
                -127849.06161600177,
                0,
                260032.72232349697
            ]
        },
        "SR 64": {
            "coordinate": [
                -127849.06161600177,
                0,
                220983.18580291673
            ]
        },
        "SR 32": {
            "coordinate": [
                -97318.90458842707,
                0,
                196636.1980150248
            ]
        },
        "Nixie Drop Off": {
            "coordinate": [
                -87305.46256039292,
                0,
                240507.95406320685
            ]
        },
        "SR 98": {
            "coordinate": [
                50161.44942364329,
                0,
                8698.774542664776
            ]
        },
        "SR 68": {
            "coordinate": [
                27476.264238458098,
                0,
                -23708.63286474264
            ]
        },
        "SR 96": {
            "coordinate": [
                4791.079053272908,
                0,
                -56116.04027215006
            ]
        },
        "SR 59": {
            "coordinate": [
                -17894.106131912275,
                0,
                -88523.44767955747
            ]
        },
        "SR 14": {
            "coordinate": [
                -36378.86693438141,
                0,
                157781.9578417046
            ]
        },
        "SR 48": {
            "coordinate": [
                -13873.722901459594,
                0,
                119804.52728614904
            ]
        },
        "SR 76": {
            "coordinate": [
                8631.421131462223,
                0,
                81827.09673059348
            ]
        },
        "SR 63": {
            "coordinate": [
                31136.56516438404,
                0,
                43849.66617503791
            ]
        },
        "SR 75": {
            "coordinate": [
                199865.82277620363,
                0,
                -7277.019241878914
            ]
        },
        "SR 99": {
            "coordinate": [
                180071.80363216365,
                0,
                -7067.905928333112
            ]
        },
        "SR 10": {
            "coordinate": [
                220662.23612377193,
                0,
                -4231.667506230879
            ]
        }
    }
}