{
    "systemMapCoord": [
        -22273.642853469464,
        0,
        15180.45428690149
    ],
    "systemalignment": "USFP",
    "metadata": {
        "sysdescription": "",
        "security": "Normal",
        "exports": [],
        "focus": "",
        "intel": {
            "pirate": "Mid",
            "enemy": "Low",
            "assets": [
                "Shipyard"
            ]
        },
        "development": "Outpost",
        "visible": true,
        "skybox": "sky1-ds9.png"
    },
    "objects": {
        "Solitude Gate": {
            "coordinate": [
                161195.92592592599,
                0,
                -14276.11111111114
            ],
            "type": "jumpnode",
            "jumppointtype": "Node",
            "destinations": {
                "Starway Gate": "AlMare"
            },
            "state": "Tethered",
            "drift": 0
        },
        "JP 17": {
            "coordinate": [
                171275.92592592599,
                0,
                -210116.11111111112
            ],
            "type": "jumppoint",
            "jumppointtype": "Node",
            "destinations": {
                "JP 34": "Blackspire"
            },
            "state": "Untethered",
            "drift": 3422,
            "hideonmap": true
        },
        "Starwright Yards": {
            "coordinate": [
                -53022.037037036935,
                0,
                -60658.14814814821
            ],
            "sides": [
                "USFP"
            ],
            "hull": "starbase_command",
            "type": "station",
            "facilities": [
                "Docking",
                "Refuel",
                "Repair"
            ],
            "cargo": {
                "Homing": 32,
                "EMP": 13,
                "Mine": 13,
                "High Yield Warhead": 15,
                "Warhead": 64,
                "Torpedo Casing": 40,
                "Casing": 47,
                "Transmitter": 56,
                "Navigational Array": 9,
                "Tharium Plating": 90,
                "Tactical Array": 1,
                "Sensor Suite": 7,
                "Guidance System": 60,
                "Receiver": 25,
                "Power Relay": 57,
                "Iso B Circuit": 50,
                "Micro Controller": 57,
                "Black Box": 11,
                "Repair Materials": 78
            },
            "teams": {
                "DamCon": 8,
                "Medics": 3,
                "Combat Engineers": 11
            },
            "description": ""
        },
        "Titan Slips": {
            "coordinate": [
                -49977.480124419,
                0,
                -61050.40428466928
            ],
            "sides": [
                "USFP"
            ],
            "hull": "starbase_industry",
            "type": "station",
            "facilities": [
                "Docking",
                "Refuel",
                "Repair"
            ],
            "cargo": {
                "Iron": 750,
                "Tharium": 60,
                "Reisium": 60,
                "Alerite": 54,
                "Cabrite": 815,
                "Ashfilum": 258,
                "Denebite": 30,
                "Aegirine": 151,
                "Nuidinium": 159,
                "Gredian": 180,
                "Warhead": 10,
                "Life Support": 1,
                "Micro Controller": 8,
                "Power Relay": 16
            },
            "teams": {
                "DamCon": 0,
                "Medics": 0
            },
            "description": ""
        },
        "RS 39": {
            "coordinate": [
                273584.59682636306,
                0,
                171675.75921284838
            ],
            "sides": [
                "USFP"
            ],
            "hull": "starbase_science",
            "type": "station",
            "facilities": [
                "Docking"
            ],
            "cargo": {
                "High Yield Warhead": 10,
                "Life Support": 3,
                "Medical Supplies": 16,
                "Micro Controller": 25,
                "Power Relay": 16,
                "Transmitter": 8,
                "Receiver": 6,
                "Analysis Suite": 8,
                "Sensor Suite": 8,
                "Guidance System": 15,
                "Wild Animals": 15,
                "Casing": 15,
                "EMP": 10,
                "Homing": 35
            },
            "teams": {
                "DamCon": 2,
                "Medics": 2
            },
            "description": ""
        },
        "RS 53": {
            "coordinate": [
                301584.59682636306,
                0,
                164675.75921284838
            ],
            "sides": [
                "USFP"
            ],
            "hull": "starbase_science",
            "type": "station",
            "facilities": [
                "Docking"
            ],
            "cargo": {
                "High Yield Warhead": 11,
                "Life Support": 4,
                "Medical Supplies": 15,
                "Micro Controller": 26,
                "Power Relay": 17,
                "Transmitter": 8,
                "Receiver": 7,
                "Analysis Suite": 8,
                "Sensor Suite": 9,
                "Guidance System": 15,
                "Wild Animals": 14,
                "Casing": 16,
                "EMP": 11,
                "Homing": 36
            },
            "teams": {
                "DamCon": 1,
                "Medics": 3
            },
            "description": ""
        },
        "Hullforge 5": {
            "coordinate": [
                281891.69559179514,
                0,
                165985.94439803358
            ],
            "sides": [
                "USFP"
            ],
            "hull": "starbase_industry",
            "type": "station",
            "facilities": [
                "Docking",
                "Refuel"
            ],
            "cargo": {
                "Iron": 60,
                "Tharium": 60,
                "Reisium": 60,
                "Alerite": 54,
                "Cabrite": 35,
                "Ashfilum": 58,
                "Denebite": 30,
                "Aegirine": 151,
                "Nuidinium": 159,
                "Gredian": 10,
                "Warhead": 10,
                "Life Support": 1,
                "Micro Controller": 8,
                "Power Relay": 16,
                "Casing": 15,
                "Homing": 35,
                "Torpedo Casing": 10
            },
            "teams": {
                "DamCon": 1,
                "Medics": 0
            },
            "description": ""
        },
        "Hullforge 3": {
            "coordinate": [
                -109801.3117283951,
                0,
                -171810.69958847738
            ],
            "sides": [
                "USFP"
            ],
            "hull": "starbase_industry",
            "type": "station",
            "facilities": [
                "Docking",
                "Refuel"
            ],
            "cargo": {
                "Iron": 52,
                "Tharium": 58,
                "Reisium": 59,
                "Alerite": 55,
                "Cabrite": 35,
                "Ashfilum": 52,
                "Denebite": 27,
                "Aegirine": 136,
                "Nuidinium": 161,
                "Gredian": 12,
                "Warhead": 10,
                "Life Support": 0,
                "Micro Controller": 8,
                "Power Relay": 15,
                "Casing": 14,
                "Homing": 36,
                "Torpedo Casing": 11
            },
            "teams": {
                "DamCon": 1,
                "Medics": 1
            },
            "description": ""
        },
        "Tiridian Comand": {
            "coordinate": [
                62948.794357227205,
                0,
                105222.05550914466
            ],
            "sides": [
                "TSN"
            ],
            "hull": "starbase_command",
            "type": "station",
            "facilities": [
                "Docking",
                "Refuel",
                "Repair"
            ],
            "cargo": {
                "Homing": 72,
                "Nuke": 11,
                "EMP": 11,
                "Mine": 12,
                "High Yield Warhead": 15,
                "Warhead": 64,
                "Torpedo Casing": 41,
                "Casing": 17,
                "Transmitter": 38,
                "Navigational Array": 1,
                "Tactical Array": 11,
                "Sensor Suite": 5,
                "Guidance System": 61,
                "Receiver": 15
            },
            "teams": {
                "DamCon": 9,
                "Medics": 3,
                "Combat Engineers": 11
            },
            "description": ""
        },
        "Jerum Station": {
            "coordinate": [
                76813.57059179511,
                0,
                103855.6717642887
            ],
            "sides": [
                "USFP"
            ],
            "hull": "starbase_civil",
            "type": "station",
            "facilities": [
                "Docking",
                "Refuel"
            ],
            "cargo": {
                "Repair Materials": 16,
                "Medical Supplies": 10,
                "Iso B Circuit": 25,
                "Container": 25,
                "Life Support": 1,
                "Micro Controller": 8,
                "Power Relay": 16,
                "Aid Package": 16,
                "Pets": 4,
                "Torpedo Casing": 5,
                "Casing": 6,
                "Coffee": 5,
                "Tea": 5,
                "Alcohol": 5
            },
            "teams": {
                "Diplomats": 1
            },
            "description": ""
        },
        "Tigrim Station": {
            "coordinate": [
                56301.069520121586,
                0,
                94943.66449596068
            ],
            "sides": [
                "USFP"
            ],
            "hull": "starbase_civil",
            "type": "station",
            "facilities": [
                "Docking",
                "Refuel"
            ],
            "cargo": {
                "Repair Materials": 17,
                "Medical Supplies": 11,
                "Iso B Circuit": 24,
                "Container": 27,
                "Life Support": 0,
                "Micro Controller": 8,
                "Power Relay": 16,
                "Aid Package": 17,
                "Pets": 3,
                "Torpedo Casing": 5,
                "Casing": 5,
                "Coffee": 6,
                "Tea": 6,
                "Alcohol": 4
            },
            "teams": {
                "Diplomats": 0
            },
            "description": ""
        },
        "WP 42": {
            "coordinate": [
                59985.44254739336,
                0,
                101985.00762920757
            ],
            "sides": [
                "USFP"
            ],
            "hull": "defense_platform_beam",
            "type": "platform",
            "cargo": {},
            "teams": {}
        },
        "WP 52": {
            "coordinate": [
                66901.76959244463,
                0,
                105630.09890970757
            ],
            "sides": [
                "USFP"
            ],
            "hull": "defense_platform_beam",
            "type": "platform",
            "cargo": {},
            "teams": {}
        },
        "WP 58": {
            "coordinate": [
                60359.29806334208,
                0,
                108247.08752134859
            ],
            "sides": [
                "USFP"
            ],
            "hull": "defense_platform_beam",
            "type": "platform",
            "cargo": {},
            "teams": {}
        },
        "WP 56": {
            "coordinate": [
                78304.3628288805,
                0,
                102639.25478211783
            ],
            "sides": [
                "USFP"
            ],
            "hull": "defense_platform_fighter",
            "type": "platform",
            "cargo": {},
            "teams": {}
        },
        "WP 5": {
            "coordinate": [
                54938.393082085684,
                0,
                93292.86688339991
            ],
            "sides": [
                "USFP"
            ],
            "hull": "defense_platform_beam",
            "type": "platform",
            "cargo": {},
            "teams": {}
        },
        "WP 21": {
            "coordinate": [
                64939.028133713866,
                0,
                102919.64641907936
            ],
            "sides": [
                "USFP"
            ],
            "hull": "defense_platform_torp",
            "type": "platform",
            "cargo": {},
            "teams": {}
        },
        "I 07": {
            "coordinate": [
                -130393.51851851857,
                0,
                -93750.00000000001
            ],
            "sides": [
                "USFP"
            ],
            "hull": "starbase_industry",
            "type": "station",
            "facilities": [],
            "cargo": {},
            "teams": {},
            "description": ""
        },
        "I 05": {
            "coordinate": [
                -173796.29629629635,
                0,
                -105324.07407407409
            ],
            "sides": [
                "USFP"
            ],
            "hull": "starbase_industry",
            "type": "station",
            "facilities": [],
            "cargo": {},
            "teams": {},
            "description": ""
        },
        "I 09": {
            "coordinate": [
                -170902.77777777784,
                0,
                -87384.25925925927
            ],
            "sides": [
                "USFP"
            ],
            "hull": "starbase_industry",
            "type": "station",
            "facilities": [
                "Docking",
                "Refuel"
            ],
            "cargo": {
                "Iron": 64,
                "Tharium": 50,
                "Reisium": 57,
                "Alerite": 52,
                "Cabrite": 38,
                "Ashfilum": 55,
                "Denebite": 34,
                "Aegirine": 142,
                "Nuidinium": 166,
                "Gredian": 11,
                "Warhead": 10,
                "Life Support": 0,
                "Micro Controller": 11,
                "Power Relay": 15,
                "Casing": 14,
                "Homing": 36,
                "Torpedo Casing": 10
            },
            "teams": {
                "DamCon": 3,
                "Medics": 0
            },
            "description": ""
        },
        "SWY   Foundry": {
            "coordinate": [
                -54157.392490234524,
                0,
                -62330.340183021486
            ],
            "sides": [
                "USFP"
            ],
            "hull": "usfp_industrial_refinary",
            "type": "station",
            "facilities": [
                "Docking"
            ],
            "cargo": {
                "Iron": 63,
                "Tharium": 55,
                "Reisium": 63,
                "Alerite": 51,
                "Cabrite": 32,
                "Ashfilum": 57,
                "Denebite": 32,
                "Aegirine": 136,
                "Nuidinium": 152,
                "Gredian": 9,
                "Warhead": 11,
                "Life Support": 1,
                "Micro Controller": 8,
                "Power Relay": 15,
                "Casing": 14,
                "Homing": 37,
                "Torpedo Casing": 11
            },
            "teams": {
                "DamCon": 2,
                "Medics": 0
            },
            "description": ""
        },
        "SWY   P2": {
            "coordinate": [
                -52015.511930111665,
                0,
                -63433.733198842354
            ],
            "sides": [
                "USFP"
            ],
            "hull": "usfp_industrial_processor",
            "type": "station",
            "facilities": [],
            "cargo": {},
            "teams": {},
            "description": ""
        },
        "M 22": {
            "coordinate": [
                298584.59682636306,
                0,
                150675.75921284838
            ],
            "sides": [
                "USFP"
            ],
            "hull": "starbase_industry",
            "type": "station",
            "facilities": [],
            "cargo": {},
            "teams": {}
        }
    },
    "sensor_relay": {
        "SR 52": {
            "coordinate": [
                169584.59682636306,
                0,
                -5324.240787151609
            ]
        },
        "SR 65": {
            "coordinate": [
                129917.9301596964,
                0,
                -15102.018564929385
            ]
        },
        "SR 15": {
            "coordinate": [
                90251.26349302974,
                0,
                -24879.796342707163
            ]
        },
        "SR 26": {
            "coordinate": [
                50584.596826363064,
                0,
                -34657.57412048494
            ]
        },
        "SR 57": {
            "coordinate": [
                10917.930159696407,
                0,
                -44435.35189826272
            ]
        },
        "SR 82": {
            "coordinate": [
                -28748.73650697028,
                0,
                -54213.1296760405
            ]
        },
        "SR 90": {
            "coordinate": [
                -68415.40317363694,
                0,
                -63990.907453818276
            ]
        },
        "SR 76": {
            "coordinate": [
                -108082.06984030362,
                0,
                -73768.68523159606
            ]
        },
        "SR 12": {
            "coordinate": [
                -147748.73650697025,
                0,
                -83546.46300937382
            ]
        },
        "SR 29": {
            "coordinate": [
                -187415.40317363694,
                0,
                -93324.2407871516
            ]
        },
        "SR 54": {
            "coordinate": [
                65319.69093440489,
                0,
                105166.5379386761
            ]
        },
        "SR 34": {
            "coordinate": [
                110319.69093440489,
                0,
                105166.5379386761
            ]
        },
        "SR 37": {
            "coordinate": [
                93376.7320180479,
                0,
                140348.95464973745
            ]
        },
        "SR 74": {
            "coordinate": [
                55306.24890637075,
                0,
                149038.29398685816
            ]
        },
        "SR 86": {
            "coordinate": [
                24776.091878796033,
                0,
                124691.30619896622
            ]
        },
        "SR 79": {
            "coordinate": [
                24776.091878796033,
                0,
                85641.76967838599
            ]
        },
        "SR 31": {
            "coordinate": [
                55306.24890637073,
                0,
                61294.78189049404
            ]
        },
        "SR 72": {
            "coordinate": [
                93376.73201804789,
                0,
                69984.12122761476
            ]
        },
        "SR 81": {
            "coordinate": [
                102743.08237449422,
                0,
                43442.344137610606
            ]
        },
        "SR 64": {
            "coordinate": [
                108047.8663251115,
                0,
                6308.856483289614
            ]
        },
        "SR 89": {
            "coordinate": [
                160131.19965844485,
                0,
                -26966.606479673355
            ]
        },
        "SR 19": {
            "coordinate": [
                181269.9599465107,
                0,
                4299.468623207307
            ]
        },
        "SR 94": {
            "coordinate": [
                202408.72023457653,
                0,
                35565.54372608797
            ]
        },
        "SR 18": {
            "coordinate": [
                223547.48052264238,
                0,
                66831.61882896864
            ]
        },
        "SR 69": {
            "coordinate": [
                244686.2408107082,
                0,
                98097.6939318493
            ]
        },
        "SR 91": {
            "coordinate": [
                265825.0010987741,
                0,
                129363.76903472998
            ]
        },
        "SR 75": {
            "coordinate": [
                286963.7613868399,
                0,
                160629.84413761063
            ]
        }
    },
    "terrain": {
        "1751111076285": {
            "type": "nebulas",
            "seed": 2010,
            "start": [
                -186666.6666666667,
                0,
                190000.00000000003
            ],
            "end": [
                -38333.333333333336,
                0,
                41666.66666666667
            ],
            "density": 9000,
            "scatter": 50000,
            "composition": []
        },
        "1751111094725": {
            "type": "nebulas",
            "seed": 2010,
            "start": [
                -55000.00000000001,
                0,
                52500.00000000001
            ],
            "end": [
                110833.33333333334,
                0,
                15000.000000000002
            ],
            "density": 1000,
            "scatter": 58000,
            "composition": []
        },
        "1751111112519": {
            "type": "nebulas",
            "seed": 2010,
            "start": [
                -72500.0,
                0,
                3333.3333333333335
            ],
            "end": [
                2500.0,
                0,
                149166.6666666667
            ],
            "density": 300,
            "scatter": 10000,
            "composition": []
        },
        "1751111124766": {
            "type": "nebulas",
            "seed": 2010,
            "start": [
                29166.666666666668,
                0,
                -17500.0
            ],
            "end": [
                5833.333333333334,
                0,
                -49166.66666666667
            ],
            "density": 125,
            "scatter": 10000,
            "composition": []
        },
        "1751111134558": {
            "type": "asteroids",
            "seed": 2010,
            "start": [
                -154166.6666666667,
                0,
                -80833.33333333334
            ],
            "end": [
                -134166.6666666667,
                0,
                -136666.6666666667
            ],
            "density": 125,
            "scatter": 10000,
            "composition": [
                "Ast. Std Rand"
            ]
        },
        "1751111138287": {
            "type": "asteroids",
            "seed": 2010,
            "start": [
                -157500.0,
                0,
                -104166.66666666667
            ],
            "end": [
                -160000.0,
                0,
                -139166.6666666667
            ],
            "density": 125,
            "scatter": 10000,
            "composition": [
                "Ast. Std Rand"
            ]
        },
        "1751111141730": {
            "type": "asteroids",
            "seed": 2010,
            "start": [
                -145833.33333333334,
                0,
                -98333.33333333334
            ],
            "end": [
                -116666.66666666667,
                0,
                -125000.00000000001
            ],
            "density": 125,
            "scatter": 10000,
            "composition": [
                "Ast. Std Rand"
            ]
        },
        "1751111148450": {
            "type": "asteroids",
            "seed": 2010,
            "start": [
                -145833.33333333334,
                0,
                -134166.6666666667
            ],
            "end": [
                -136666.6666666667,
                0,
                -241666.6666666667
            ],
            "density": 300,
            "scatter": 28000,
            "composition": [
                "Ast. Std Rand"
            ]
        },
        "1751111179692": {
            "type": "nebulas",
            "seed": 2010,
            "start": [
                -105000.00000000001,
                0,
                -206666.6666666667
            ],
            "end": [
                -26666.666666666668,
                0,
                -189166.6666666667
            ],
            "density": 125,
            "scatter": 10000,
            "composition": []
        },
        "1751111184089": {
            "type": "nebulas",
            "seed": 2010,
            "start": [
                -99166.66666666667,
                0,
                -192500.00000000003
            ],
            "end": [
                -44166.66666666667,
                0,
                -235833.33333333334
            ],
            "density": 125,
            "scatter": 10000,
            "composition": []
        },
        "1751111189337": {
            "type": "nebulas",
            "seed": 2010,
            "start": [
                -81666.66666666667,
                0,
                -235833.33333333334
            ],
            "end": [
                -20833.333333333336,
                0,
                -224166.6666666667
            ],
            "density": 125,
            "scatter": 10000,
            "composition": []
        },
        "1751111198231": {
            "type": "nebulas",
            "seed": 2010,
            "start": [
                125833.33333333334,
                0,
                -224166.6666666667
            ],
            "end": [
                201666.6666666667,
                0,
                -148333.33333333334
            ],
            "density": 125,
            "scatter": 10000,
            "composition": []
        },
        "1751111201518": {
            "type": "nebulas",
            "seed": 2010,
            "start": [
                116666.66666666667,
                0,
                -195000.00000000003
            ],
            "end": [
                175000.00000000003,
                0,
                -238333.33333333334
            ],
            "density": 125,
            "scatter": 10000,
            "composition": []
        },
        "1751111217084": {
            "type": "nebulas",
            "seed": 2010,
            "start": [
                198333.33333333334,
                0,
                -261666.6666666667
            ],
            "end": [
                239166.6666666667,
                0,
                -128333.33333333334
            ],
            "density": 500,
            "scatter": 40000,
            "composition": []
        },
        "1751111246216": {
            "type": "nebulas",
            "seed": 2010,
            "start": [
                206666.6666666667,
                0,
                186666.6666666667
            ],
            "end": [
                267500.0,
                0,
                114166.66666666667
            ],
            "density": 272,
            "scatter": 22000,
            "composition": []
        },
        "1751111254741": {
            "type": "asteroids",
            "seed": 2010,
            "start": [
                40000.0,
                0,
                157500.0
            ],
            "end": [
                40000.0,
                0,
                137500.0
            ],
            "density": 125,
            "scatter": 10000,
            "composition": [
                "Ast. Std Rand"
            ]
        },
        "1751111257355": {
            "type": "asteroids",
            "seed": 2010,
            "start": [
                29166.666666666668,
                0,
                151666.6666666667
            ],
            "end": [
                57500.00000000001,
                0,
                154166.6666666667
            ],
            "density": 125,
            "scatter": 10000,
            "composition": [
                "Ast. Std Rand"
            ]
        },
        "1751111261220": {
            "type": "asteroids",
            "seed": 2010,
            "start": [
                52500.00000000001,
                0,
                169166.6666666667
            ],
            "end": [
                31666.666666666668,
                0,
                136666.6666666667
            ],
            "density": 125,
            "scatter": 10000,
            "composition": [
                "Ast. Std Rand"
            ]
        },
        "1751111271254": {
            "type": "nebulas",
            "seed": 2010,
            "start": [
                238333.33333333334,
                0,
                145833.33333333334
            ],
            "end": [
                282500.0,
                0,
                151666.6666666667
            ],
            "density": 125,
            "scatter": 10000,
            "composition": []
        },
        "1751111278385": {
            "type": "nebulas",
            "seed": 2010,
            "start": [
                375833.3333333334,
                0,
                145833.33333333334
            ],
            "end": [
                349166.6666666667,
                0,
                142500.0
            ],
            "density": 125,
            "scatter": 10000,
            "composition": []
        },
        "1751111290900": {
            "type": "nebulas",
            "seed": 2010,
            "start": [
                317500.0,
                0,
                154166.6666666667
            ],
            "end": [
                364166.6666666667,
                0,
                125833.33333333334
            ],
            "density": 500,
            "scatter": 15000,
            "composition": []
        },
        "1751111303550": {
            "type": "nebulas",
            "seed": 2010,
            "start": [
                335000.00000000006,
                0,
                134166.6666666667
            ],
            "end": [
                329166.6666666667,
                0,
                108333.33333333334
            ],
            "density": 125,
            "scatter": 10000,
            "composition": []
        },
        "1751111311040": {
            "type": "nebulas",
            "seed": 2010,
            "start": [
                274166.6666666667,
                0,
                125000.00000000001
            ],
            "end": [
                329166.6666666667,
                0,
                116666.66666666667
            ],
            "density": 125,
            "scatter": 10000,
            "composition": []
        },
        "1751111315289": {
            "type": "nebulas",
            "seed": 2010,
            "start": [
                230000.00000000003,
                0,
                180833.33333333334
            ],
            "end": [
                285000.0,
                0,
                204166.6666666667
            ],
            "density": 125,
            "scatter": 10000,
            "composition": []
        },
        "1751111319755": {
            "type": "nebulas",
            "seed": 2010,
            "start": [
                282500.0,
                0,
                201666.6666666667
            ],
            "end": [
                370000.00000000006,
                0,
                155000.0
            ],
            "density": 300,
            "scatter": 14000,
            "composition": []
        }
    },
    "traffic": {
        "commercial": "medium",
        "civilian": "medium",
        "security": "medium"
    }
}