{
    "systemMapCoord": [
        12757.323939928488,
        0,
        12542.268887724755
    ],
    "systemalignment": "USFP",
    "metadata": {
        "sysdescription": "",
        "security": "Neutral",
        "exports": [],
        "focus": "",
        "intel": {
            "pirate": "Low",
            "enemy": "Low",
            "assets": []
        },
        "development": "Unclaimed",
        "visible": true
    },
    "objects": {},
    "sensor_relay": {},
    "terrain": {},
    "traffic": {}
}