{
    "systemMapCoord": [
        -36957.13578030644,
        0,
        17217.187319993573
    ],
    "systemalignment": "USFP",
    "metadata": {
        "skybox": "sky1.png",
        "sysdescription": "Vesper Point is a recently opened system undergoing a primary survey. the USFP have made claim to this system.",
        "security": "None",
        "exports": [],
        "focus": "",
        "intel": {
            "pirate": "Mid",
            "enemy": "Mid",
            "assets": []
        },
        "development": "Unclaimed",
        "visible": true
    },
    "objects": {
        "Temple Point Gate": {
            "coordinate": [
                90000.00000000001,
                0,
                74166.66666666667
            ],
            "type": "jumppoint",
            "jumppointtype": "Node",
            "destinations": {
                "Ashes": "Blackspire",
                "Long Bar Gate": "Danae"
            },
            "state": "Untethered",
            "drift": 20000
        },
        "JP 38": {
            "coordinate": [
                -212500.00000000003,
                0,
                -189166.6666666667
            ],
            "type": "jumppoint",
            "jumppointtype": "Node",
            "destinations": {},
            "state": "Untethered",
            "drift": 0,
            "hideonmap": true
        },
        "Spirit Point": {
            "coordinate": [
                71550.92592592593,
                0,
                59398.14814814815
            ],
            "sides": [
                "USFP"
            ],
            "hull": "starbase_command",
            "type": "station",
            "facilities": [],
            "cargo": {},
            "teams": {},
            "description": "Home of the Vesper Point Exploritory Team"
        }
    },
    "sensor_relay": {},
    "terrain": {
        "1751109693052": {
            "type": "asteroids",
            "seed": 2010,
            "start": [
                -142500.0,
                0,
                157500.0
            ],
            "end": [
                -162500.0,
                0,
                46666.66666666667
            ],
            "density": 125,
            "scatter": 10000,
            "composition": [
                "Ast. Std Rand"
            ]
        },
        "1751109695927": {
            "type": "asteroids",
            "seed": 2010,
            "start": [
                -156666.6666666667,
                0,
                93333.33333333334
            ],
            "end": [
                -90000.00000000001,
                0,
                -2500.0
            ],
            "density": 125,
            "scatter": 10000,
            "composition": [
                "Ast. Std Rand"
            ]
        },
        "1751109698238": {
            "type": "asteroids",
            "seed": 2010,
            "start": [
                90833.33333333334,
                0,
                180833.33333333334
            ],
            "end": [
                116666.66666666667,
                0,
                160833.33333333334
            ],
            "density": 125,
            "scatter": 10000,
            "composition": [
                "Ast. Std Rand"
            ]
        },
        "1751109700771": {
            "type": "nebulas",
            "seed": 2010,
            "start": [
                -31666.666666666668,
                0,
                172500.00000000003
            ],
            "end": [
                15000.000000000002,
                0,
                125000.00000000001
            ],
            "density": 160,
            "scatter": 1200,
            "composition": []
        },
        "1751109704673": {
            "type": "asteroids",
            "seed": 2010,
            "start": [
                175000.00000000003,
                0,
                -20833.333333333336
            ],
            "end": [
                117500.00000000001,
                0,
                -90000.00000000001
            ],
            "density": 125,
            "scatter": 10000,
            "composition": [
                "Ast. Std Rand"
            ]
        },
        "1751109711248": {
            "type": "nebulas",
            "seed": 2010,
            "start": [
                -206666.6666666667,
                0,
                9166.666666666668
            ],
            "end": [
                -226666.6666666667,
                0,
                -212500.00000000003
            ],
            "density": 125,
            "scatter": 10000,
            "composition": [],
            "hideonmap": true
        },
        "1751109715246": {
            "type": "asteroids",
            "seed": 2010,
            "start": [
                -191666.6666666667,
                0,
                -107500.00000000001
            ],
            "end": [
                -151666.6666666667,
                0,
                -210000.00000000003
            ],
            "density": 125,
            "scatter": 10000,
            "composition": [
                "Ast. Std Rand"
            ],
            "hideonmap": true
        },
        "1751109718743": {
            "type": "asteroids",
            "seed": 2010,
            "start": [
                -186666.6666666667,
                0,
                -215833.33333333334
            ],
            "end": [
                -81666.66666666667,
                0,
                -210000.00000000003
            ],
            "density": 300,
            "scatter": 20000,
            "composition": [
                "Ast. Std Rand"
            ],
            "hideonmap": true
        },
        "1751109722646": {
            "type": "asteroids",
            "seed": 2010,
            "start": [
                -150833.33333333334,
                0,
                -61666.66666666667
            ],
            "end": [
                -136666.6666666667,
                0,
                -169166.6666666667
            ],
            "density": 125,
            "scatter": 10000,
            "composition": [
                "Ast. Std Rand"
            ],
            "hideonmap": true
        },
        "1751109783060": {
            "type": "nebulas",
            "seed": 2010,
            "start": [
                -75000.0,
                0,
                128333.33333333334
            ],
            "end": [
                50000.00000000001,
                0,
                169166.6666666667
            ],
            "density": 300,
            "scatter": 30000,
            "composition": []
        },
        "1751109823076": {
            "type": "nebulas",
            "seed": 2010,
            "start": [
                -90000.00000000001,
                0,
                -186666.6666666667
            ],
            "end": [
                44166.66666666667,
                0,
                -178333.33333333334
            ],
            "density": 195,
            "scatter": 19000,
            "composition": []
        },
        "1751109828134": {
            "type": "asteroids",
            "seed": 2010,
            "start": [
                -2500.0,
                0,
                -189166.6666666667
            ],
            "end": [
                38333.333333333336,
                0,
                -230833.33333333334
            ],
            "density": 125,
            "scatter": 10000,
            "composition": [
                "Ast. Std Rand"
            ]
        },
        "1751109833865": {
            "type": "nebulas",
            "seed": 2010,
            "start": [
                12500.000000000002,
                0,
                -2500.0
            ],
            "end": [
                90833.33333333334,
                0,
                -0.0
            ],
            "density": 125,
            "scatter": 10000,
            "composition": []
        },
        "1751109837743": {
            "type": "asteroids",
            "seed": 2010,
            "start": [
                -98333.33333333334,
                0,
                20833.333333333336
            ],
            "end": [
                23333.333333333336,
                0,
                40833.333333333336
            ],
            "density": 125,
            "scatter": 10000,
            "composition": [
                "Ast. Std Rand"
            ]
        },
        "1751109841142": {
            "type": "asteroids",
            "seed": 2010,
            "start": [
                17500.0,
                0,
                26666.666666666668
            ],
            "end": [
                26666.666666666668,
                0,
                -43333.333333333336
            ],
            "density": 125,
            "scatter": 10000,
            "composition": [
                "Ast. Std Rand"
            ]
        }
    },
    "traffic": {}
}