{
    "systemMapCoord": [
        -2028.0320649982039,
        0,
        9122.70499389166
    ],
    "systemalignment": "USFP",
    "metadata": {
        "sysdescription": "Waypoint System - Standard Search and Rescue station",
        "security": "Low",
        "exports": [],
        "focus": "",
        "intel": {
            "pirate": "Mid",
            "enemy": "Low",
            "assets": []
        },
        "development": "Uninhabited",
        "visible": true,
        "skybox": "sky1.png"
    },
    "objects": {
        "Merex Gate": {
            "coordinate": [
                -30833.333333333336,
                0,
                -76666.66666666667
            ],
            "type": "jumpnode",
            "jumppointtype": "Node",
            "destinations": {},
            "state": "Tethered",
            "drift": 0
        }
    },
    "sensor_relay": {},
    "terrain": {},
    "traffic": {
        "commercial": "medium",
        "civilian": "medium",
        "security": "light"
    }
}