[
  {
    "key": "unknown",
    "name": "unknown",
    "side": "unknown",
    "artfileroot": "unknown",
    "long_desc": "",
    "roles": []
  },
  {
    "key": "cursor",
    "name": "cursor",
    "side": "cursor",
    "artfileroot": "cursor",
    "long_desc": "",
    "roles": []
  },
  {
    "key": "starbase_command",
    "name": "Command Starbase",
    "side": "USFP",
    "artfileroot": "tsn-big-base",
    "long_desc": "",
    "roles": "station"
  },
  {
    "key": "starbase_civil",
    "name": "Civilian Starbase",
    "side": "USFP",
    "artfileroot": "civil_station",
    "long_desc": "",
    "roles": "station"
  },
  {
    "key": "starbase_industry",
    "name": "Industrial Starbase",
    "side": "USFP",
    "artfileroot": "industry_station",
    "long_desc": "",
    "roles": "station"
  },
  {
    "key": "starbase_science",
    "name": "Science Starbase",
    "side": "USFP",
    "artfileroot": "science_station",
    "long_desc": "",
    "roles": "station"
  },
  {
    "key": "starbase_arvonian",
    "name": "Arvonian Base",
    "side": "Arvonian",
    "artfileroot": "arvonian_station",
    "long_desc": "",
    "roles": "station,carrier"
  },
  {
    "key": "starbase_torgoth",
    "name": "Torgoth Base",
    "side": "Torgoth",
    "artfileroot": "torgoth_station",
    "long_desc": "",
    "roles": "station"
  },
  {
    "key": "starbase_kralien",
    "name": "Kralien Base",
    "side": "Kralien",
    "artfileroot": "kralien_station",
    "long_desc": "",
    "roles": "station"
  },
  {
    "key": "monster_charbdis",
    "name": "Charbdis",
    "side": "monster",
    "artfileroot": "monster1",
    "long_desc": "",
    "roles": "charbdis,monster"
  },
  {
    "key": "asteroid_crystal_blue",
    "name": "Asteroid",
    "side": "asteroid",
    "artfileroot": "Asteroid_1",
    "long_desc": "",
    "roles": []
  },
  {
    "key": "asteroid_crystal_red",
    "name": "Asteroid",
    "side": "asteroid",
    "artfileroot": "Asteroid_2",
    "long_desc": "",
    "roles": []
  },
  {
    "key": "asteroid_crystal_yellow",
    "name": "Asteroid",
    "side": "asteroid",
    "artfileroot": "Asteroid_3",
    "long_desc": "",
    "roles": []
  },
  {
    "key": "asteroid_crystal_silver",
    "name": "Asteroid",
    "side": "asteroid",
    "artfileroot": "Asteroid_4",
    "long_desc": "",
    "roles": []
  },
  {
    "key": "asteroid_crystal_green",
    "name": "Asteroid",
    "side": "asteroid",
    "artfileroot": "Asteroid_5",
    "long_desc": "",
    "roles": []
  },
  {
    "key": "plain_asteroid_6",
    "name": "Asteroid",
    "side": "asteroid",
    "artfileroot": "Asteroid_6",
    "long_desc": "",
    "roles": []
  },
  {
    "key": "plain_asteroid_7",
    "name": "Asteroid",
    "side": "asteroid",
    "artfileroot": "Asteroid_7",
    "long_desc": "",
    "roles": []
  },
  {
    "key": "plain_asteroid_8",
    "name": "Asteroid",
    "side": "asteroid",
    "artfileroot": "Asteroid_8",
    "long_desc": "",
    "roles": []
  },
  {
    "key": "plain_asteroid_9",
    "name": "Asteroid",
    "side": "asteroid",
    "artfileroot": "Asteroid_9",
    "long_desc": "",
    "roles": []
  },
  {
    "key": "plain_asteroid_10",
    "name": "Asteroid",
    "side": "asteroid",
    "artfileroot": "Asteroid_10",
    "long_desc": "",
    "roles": []
  },
  {
    "key": "plain_asteroid_11",
    "name": "Asteroid",
    "side": "asteroid",
    "artfileroot": "Asteroid_11",
    "long_desc": "",
    "roles": []
  },
  {
    "key": "tsn_light_cruiser",
    "name": "Light Cruiser",
    "side": "TSN",
    "artfileroot": "tsn_light_cruiser",
    "long_desc": "TSN Light Cruiser^Standard long patrol vessel of the TSN.^2 forward beams^2 Torpedo tubes^Stores for 2 nukes, 8 homing, 6 mines, 4 EMP, 2 PShock.",
    "roles": "ship,warship,patrol,heavy,exploration"
  },
  {
    "key": "tsn_shuttle",
    "name": "Shuttle",
    "side": "TSN",
    "artfileroot": "TSNshuttle",
    "long_desc": "TSN Shuttle^Standard shuttle of the TSN.^1 forward beam.",
    "roles": "cockpit,shuttle"
  },
  {
    "key": "tsn_fighter",
    "name": "Fighter",
    "side": "TSN",
    "artfileroot": "TSNfighter",
    "long_desc": "TSN Fighter^Standard fighter of the TSN.^1 forward beam.  5 torpedos.",
    "roles": "cockpit,fighter"
  },
  {
    "key": "tsn_bomber",
    "name": "Bomber",
    "side": "TSN",
    "artfileroot": "TSN_Bomber",
    "long_desc": "TSN Bomber^Standard bomber of the TSN.^1 forward beam.  10 torpedos.",
    "roles": "cockpit,fighter,bomber"
  },
  {
    "key": "tsn_battle_cruiser",
    "name": "Battle Cruiser",
    "side": "TSN",
    "artfileroot": "TSN_BattleCruiser",
    "long_desc": "TSN Battle Cruiser^Heavy weapon vessel of the TSN.^4 forward beams^2 Torpedo tubes^Stores for 3 nukes, 10 homing, 6 mines, 6 EMP, 5 PShock.",
    "roles": "ship,warship,heavy"
  },
  {
    "key": "tsn_carrier",
    "name": "Carrier",
    "side": "TSN",
    "artfileroot": "TSNCarrier",
    "long_desc": "TSN Carrier^Fighter and bomber carrier of the TSN.^2 forward beams^2 Torpedo tubes^8 fighters^Stores for 1 nuke, 16 homing, 2 mines, 4 EMP, 5 PShock.",
    "roles": "ship,warship,patrol,heavy,carrier"
  },
  {
    "key": "tsn_light_carrier",
    "name": "Light Carrier",
    "side": "TSN",
    "artfileroot": "TSN_light_Carrier",
    "long_desc": "TSN Light Carrier^Six Fighters and 2 forward beams",
    "roles": "ship,warship,patrol,light,carrier"
  },
  {
    "key": "tsn_battleship",
    "name": "BattleShip",
    "side": "TSN",
    "artfileroot": "TSNBattleship",
    "long_desc": "TSN BattleShip^Heavy weapon vessel of the TSN.^4 forward beams^2 Torpedo tubes^Stores for 3 nukes, 10 homing, 6 mines, 6 EMP, 5 PShock.",
    "roles": "ship,warship,heavy"
  },
  {
    "key": "tsn_mine_layer",
    "name": "Mine Layer",
    "side": "TSN",
    "artfileroot": "TSN_MineLayer",
    "long_desc": "TSN Mine Layer^Specialized strategic vessel of the TSN.^1 forward beam^4 Torpedo tubes^Stores for 10 homing and 25 mines.",
    "roles": "ship,warship,support,heavy"
  },
  {
    "key": "tsn_warpster",
    "name": "Warpster",
    "side": "TSN",
    "artfileroot": "TSN_Warpster",
    "long_desc": "TSN Warpster^Light utility vessel of the TSN.^1 short range rapid beam^1 Torpedo tubes^Stores for 6 homing and 2 EMP.",
    "roles": "ship,patrol,support,light"
  },
  {
    "key": "tsn_juggernaut",
    "name": "Juggernaut",
    "side": "TSN",
    "artfileroot": "TSN_Juggernaut",
    "long_desc": "TSN Juggernaut^Ultra heavy warship of the TSN.^4 forward beams^6 fighters^4 Torpedo tubes^Stores for 16 homing, 7 nukes, 7 EMP 10 mines,.",
    "roles": "ship,warship,carrier,heavy"
  },
  {
    "key": "tsn_missile_cruiser",
    "name": "Missile Cruiser",
    "side": "TSN",
    "artfileroot": "tsn_missile_cruiser",
    "long_desc": "TSN Missile Cruiser^Specialized fleet support vessel of the TSN.^4 Torpedo tubes^1 defensive beam^Stores for 8 nukes, 20 homing, 14 mines, 12 EMP.",
    "roles": "ship,warship,heavy,support"
  },
  {
    "key": "tsn_destroyer",
    "name": "Destroyer",
    "side": "TSN",
    "artfileroot": "TSN_Destroyer",
    "long_desc": "TSN Destroyer^Standard local patrol vessel of the TSN.^2 forward beams^",
    "roles": "ship,support,patrol,light,defender"
  },
  {
    "key": "tsn_dreadnought",
    "name": "Dreadnought",
    "side": "TSN",
    "artfileroot": "TSN_Dreadnought",
    "long_desc": "TSN Dreadnought^Heavy war vessel of the TSN.^3 primary beams^1 main beam cannon^3 Torpedo tubes^Stores for 4 nukes, 10 homing, 8 mines, 5 EMP, 4 PShock.",
    "roles": "ship,warship,carrier,heavy"
  },
  {
    "key": "tsn_escort",
    "name": "Escort",
    "side": "TSN",
    "artfileroot": "TSN_Escort",
    "long_desc": "TSN Escort^Standard escort vessel of the TSN.^2 forward beams",
    "roles": "ship,support,patrol,light,defender"
  },
  {
    "key": "tsn_heavy_cruiser",
    "name": "Heavy Cruiser",
    "side": "TSN",
    "artfileroot": "TSN_Heavy_Cruiser",
    "long_desc": "TSN Heavy Cruiser^Standard medium range patrol vessel of the TSN.^3 forward beams^2 Torpedo tubes^Stores for 3 nukes, 10 homing, 8 mines, 6 EMP, 4 PShock.",
    "roles": "ship,warship,patrol,heavy,exploration"
  },
  {
    "key": "tsn_scout",
    "name": "Scout",
    "side": "TSN",
    "artfileroot": "TSN_Scout",
    "long_desc": "TSN Scout^Standard long range fleet scout of the TSN.^1 forward beam^1 Torpedo tube^Stores for 6 homing, 2 mines, 2 EMP, 1 PShock.",
    "roles": "ship,scout,patrol,support,medium"
  },
  {
    "key": "torgoth_destroyer",
    "name": "Barbarian",
    "side": "Torgoth",
    "artfileroot": "Torgoth_Destroyer",
    "long_desc": "Displacement: 50 kt. Armament: 3 medium beams, 1 drone launcher.",
    "roles": "ship,patrol,support"
  },
  {
    "key": "torgoth_goliath",
    "name": "Goliath",
    "side": "Torgoth",
    "artfileroot": "Torgoth_Goliath",
    "long_desc": "Displacement: 80 kt. Armament: 6 medium beams, 1 drone launcher.",
    "roles": "ship,warship,heavy"
  },
  {
    "key": "torgoth_leviathan",
    "name": "Leviathan",
    "side": "Torgoth",
    "artfileroot": "Torgoth_Leviathan",
    "long_desc": "Displacement: 90 kt. Armament: 4 medium beams, 1 heavy beam, 1 drone launcher.",
    "roles": "ship,warship,heavy"
  },
  {
    "key": "torgoth_behemoth",
    "name": "Behemoth",
    "side": "Torgoth",
    "artfileroot": "Torgoth_Behemoth",
    "long_desc": "Displacement: 150 kt. Armament: 10 standard beams, 1 drone launcher",
    "roles": "ship,leader,warship,heavy"
  },
  {
    "key": "arvonian_fighter",
    "name": "Fighter",
    "side": "Arvonian",
    "artfileroot": "ArvoFighter",
    "long_desc": "Displacement: 0.015 kt. Armament: 2 light beams.",
    "roles": "cockpit,fighter"
  },
  {
    "key": "arvonian_destroyer",
    "name": "Destroyer",
    "side": "Arvonian",
    "artfileroot": "Arvonian_des",
    "long_desc": "The basic escort ship of the Arvonian fleet.  Displacement: 20 kt. Armament: 4 standard beams.",
    "roles": "ship,support,medium,patrol"
  },
  {
    "key": "arvonian_light_carrier",
    "name": "Light Carrier",
    "side": "Arvonian",
    "artfileroot": "ArvoCarrier1",
    "long_desc": "Displacement: 25 kt. Armament: 4 medium beams. Complement: 8 fighters.",
    "roles": "ship,warship,patrol,carrier"
  },
  {
    "key": "arvonian_carrier",
    "name": "Carrier",
    "side": "Arvonian",
    "artfileroot": "ArvoCarrier2",
    "long_desc": "Displacement: 45 kt. Armament: 6 long-range beams. Complement: 12 fighters.",
    "roles": "ship,warship,carrier,leader,heavy"
  },
  {
    "key": "transport_ship",
    "name": "Transport",
    "side": "USFP",
    "artfileroot": "transport",
    "long_desc": "An unarmed colony transport, filled with homesteading cargo and civilian colonists. Displacement: 80 kt. ",
    "roles": "ship, civilian,transport"
  },
  {
    "key": "luxury_liner",
    "name": "Luxury Liner",
    "side": "USFP",
    "artfileroot": "leisure_vessel",
    "long_desc": "An unarmed luxury ship, filled with wealthy civilians in fancy clothes. Displacement: 65 kt. ",
    "roles": "ship,civilian,luxury"
  },
  {
    "key": "cargo_ship",
    "name": "Cargo",
    "side": "USFP",
    "artfileroot": "cargo",
    "long_desc": "An unarmed bulk freighter, slowly moving cheap cargo between the stars. Displacement: 75 kt. ",
    "roles": "ship,civilian,cargo"
  },
  {
    "key": "science_ship",
    "name": "Science",
    "side": "USFP",
    "artfileroot": "science_vessel",
    "long_desc": "A peaceful ship of Science, unlocking the secrets among the stars.",
    "roles": "ship,civilian,science"
  },
  {
    "key": "biomech_a",
    "name": "Biomech A",
    "side": "Biomech",
    "artfileroot": "Drone1",
    "long_desc": "A biomech.",
    "roles": "ship, biomech"
  },
  {
    "key": "biomech_b",
    "name": "Biomech B",
    "side": "Biomech",
    "artfileroot": "Drone2",
    "long_desc": "A biomech.",
    "roles": "ship, biomech"
  },
  {
    "key": "biomech_c",
    "name": "Biomech C",
    "side": "Biomech",
    "artfileroot": "Drone3",
    "long_desc": "A biomech.",
    "roles": "ship, biomech"
  },
  {
    "key": "biomech_d",
    "name": "Biomech D",
    "side": "Biomech",
    "artfileroot": "Drone4",
    "long_desc": "A biomech.",
    "roles": "ship, biomech"
  },
  {
    "key": "skaraan_defiler",
    "name": "Defiler",
    "side": "Skaraan",
    "artfileroot": "skaraan_defiler",
    "long_desc": "Displacement: 40 kt. Armament: 2 medium beams. The Skaraan's lightest ship of commerce and war.",
    "roles": "ship,warship,medium,loner"
  },
  {
    "key": "skaraan_executor",
    "name": "Executor",
    "side": "Skaraan",
    "artfileroot": "skaraan_executor",
    "long_desc": "Displacement: 70 kt. Armament: 2 super-heavy beams, 1 medium beam. Very dangerous.",
    "roles": "ship,warship,heavy,loner"
  },
  {
    "key": "skaraan_enforcer",
    "name": "Enforcer",
    "side": "Skaraan",
    "artfileroot": "skaraan_enforcer",
    "long_desc": "Displacement: 50 kt. Armament: 4 standard beams. Medium Skaraan ship of commerce and war.",
    "roles": "ship,warship,heavy,loner"
  },
  {
    "key": "kralien_cruiser",
    "name": "Cruiser",
    "side": "Kralien",
    "artfileroot": "kralien_cruiser",
    "long_desc": "Displacement: 9 kt. Armament: 2 x standard beams. The most common warship in the known universe.",
    "roles": "ship,warship,light,patrol"
  },
  {
    "key": "kralien_battleship",
    "name": "Battleship",
    "side": "Kralien",
    "artfileroot": "kralien_battleship",
    "long_desc": "Displacement: 17 kt. Armament: 2 x rapid-fire beams. Heart of the Kralien fleet.",
    "roles": "ship,warship,medium"
  },
  {
    "key": "kralien_dreadnought",
    "name": "Dreadnought",
    "side": "Kralien",
    "artfileroot": "kralien_dreadnought",
    "long_desc": "Displacement: 25 kt.  Armament: 2 rapid fire beams, 1 heavy beam. The most dangerous Kralien ship.",
    "roles": "ship,warship,heavy"
  },
  {
    "key": "pirate_fighter",
    "name": "Freebooter",
    "side": "Pirate",
    "artfileroot": "pirate_fighter",
    "long_desc": "Fighter of the pirate fleet.",
    "roles": "cockpit,fighter,pirate"
  },
  {
    "key": "pirate_longbow",
    "name": "Longbow",
    "side": "Pirate",
    "artfileroot": "longbow",
    "long_desc": "Scout class vessel^1 forward beams^1 Torpedo tube^Stores for 8 homing, 2 EMP, 1 Mine, 1 PShock.^Most common of the pirate fleet.",
    "roles": "ship,scout,pirate"
  },
  {
    "key": "pirate_strongbow",
    "name": "Strongbow",
    "side": "Pirate",
    "artfileroot": "strongbow",
    "long_desc": "Cruiser of the pirate fleet.^Pirate raider.^4 forward beams^2 Torpedo tubes^Stores for 12 homing, 12 EMP, 2 Mines,  8 PShock.",
    "roles": "ship, pirate"
  },
  {
    "key": "pirate_brigantine",
    "name": "Brigantine",
    "side": "Pirate",
    "artfileroot": "Brigantine",
    "long_desc": "Pirate corvette and light carrier.^2 forward beams, 1 rear beam^2 Torpedo tubes^Stores for 12 homing, 4 Mines, 12 EMP, 8 PShock.",
    "roles": "ship,pirate,carrier"
  },
  {
    "key": "xim_avenger",
    "name": "Avenger",
    "side": "Ximni",
    "artfileroot": "ximni_avenger",
    "long_desc": "Ximni single seat fighter.",
    "roles": "cockpit,fighter"
  },
  {
    "key": "xim_battleship",
    "name": "Battleship",
    "side": "Ximni",
    "artfileroot": "ximni_battleship",
    "long_desc": "Ximni Battleship^Beam-heavy combat vessel of the Ximni.^4 forward beams^2 Torpedo tubes^Stores for 8 homing, 2 nukes, 4 EMP, 6 mines, 5 PShock.",
    "roles": "ship,warship,heavy"
  },
  {
    "key": "xim_corsair",
    "name": "Corsair",
    "side": "Ximni",
    "artfileroot": "ximni_corsair",
    "long_desc": "Light utility ship of the Ximni fleet.^2 forward beams^2 Torpedo tubes^Stores for 8 homing, 2 nukes, 2 EMP, 3 mines, 5 PShock.",
    "roles": "ship,warship,patrol,support"
  },
  {
    "key": "xim_destroyer",
    "name": "Destroyer",
    "side": "Ximni",
    "artfileroot": "ximni_destroyer",
    "long_desc": "Standard local patrol ship of the Ximni fleet. Two forward beams.",
    "roles": "ship,warship,patrol,support,defender"
  },
  {
    "key": "xim_carrier",
    "name": "Carrier",
    "side": "Ximni",
    "artfileroot": "ximni_carrier",
    "long_desc": "Standard carrier of the Ximni fleet. Eight fighters. Two forward beams, 1 Torpedo tube. Stores for 6 homing, 1 nuke, 2 EMP, 4 mines, 2 PShock.",
    "roles": "ship,warship,patrol,heavy,carrier"
  },
  {
    "key": "xim_light_carrier",
    "name": "Light Carrier",
    "side": "Ximni",
    "artfileroot": "ximni_light_carrier",
    "long_desc": "Light carrier of the Ximni fleet. Two forward beams, six fighters",
    "roles": "ship,warship,patrol,carrier"
  },
  {
    "key": "xim_dreadnought",
    "name": "Dreadnought",
    "side": "Ximni",
    "artfileroot": "Ximni_Dreadnought",
    "long_desc": "Ximni Dreadnought^Heaviest wartime vessel of the Ximni.^4 primary beams, long range and fast firing^3 Torpedo tubes^Stores for 10 homing, 4 nukes, 5 EMP, 8 mines, 4 PShock.",
    "roles": "ship,warship,heavy,carrier"
  },
  {
    "key": "xim_escort",
    "name": "Escort",
    "side": "Ximni",
    "artfileroot": "ximni_escort",
    "long_desc": "Standard escort vessel of the Ximni fleet. Two forward beams.",
    "roles": "ship,warship,support,patrol,defender"
  },
  {
    "key": "xim_corvette",
    "name": "Corvette",
    "side": "Ximni",
    "artfileroot": "Ximni_Corvette",
    "long_desc": "Light utility vessel of the Ximni fleet. One forward beam, one torpedo tube.Stores 6 homing and 2 EMP.",
    "roles": "ship,support,patrol,exploration"
  },
  {
    "key": "xim_light_cruiser",
    "name": "Light Cruiser",
    "side": "Ximni",
    "artfileroot": "Ximni_light_cruiser",
    "long_desc": "Standard long range patrol ship of the Ximni fleet. ^3 beams^2 Torpedo tubes^Stores for 8 homing, 2 nukes, 4 EMP, 6 mines, 2 PShock.",
    "roles": "ship,warship,heavy,patrol,exploration"
  },
  {
    "key": "xim_missile_cruiser",
    "name": "Missile Cruiser",
    "side": "Ximni",
    "artfileroot": "Ximni_missle_cruiser",
    "long_desc": "Specialized Ximni fleet fire upport ship. ^4 Torpedo tubes, 1 rear beam^Stores for 20 homing, 8 nukes, 12 EMP, 14 mines, 6 PShock.",
    "roles": "ship,warship,medium,support"
  },
  {
    "key": "xim_scout",
    "name": "Scout",
    "side": "Ximni",
    "artfileroot": "Ximni_scout",
    "long_desc": "Ximni Scout^Long range scout vessel of the Ximni.^1 forward beam^1 Torpedo tube^Stores for 6 homing, 2 EMP, 2 mines, 1 PShock.",
    "roles": "ship,warship,support,patrol,exploration"
  },
  {
    "key": "alien_1a",
    "name": "Alien Object 1A",
    "side": "pickup",
    "artfileroot": "alien1_a",
    "long_desc": "",
    "roles": []
  },
  {
    "key": "alien_1b",
    "name": "Alien Object 1B",
    "side": "pickup",
    "artfileroot": "alien1_b",
    "long_desc": "",
    "roles": []
  },
  {
    "key": "alien_1c",
    "name": "Alien Object 1C",
    "side": "pickup",
    "artfileroot": "alien1_c",
    "long_desc": "",
    "roles": []
  },
  {
    "key": "alien_2a",
    "name": "Alien Object 2A",
    "side": "pickup",
    "artfileroot": "alien2_a",
    "long_desc": "",
    "roles": []
  },
  {
    "key": "alien_2b",
    "name": "Alien Object 2B",
    "side": "pickup",
    "artfileroot": "alien2_b",
    "long_desc": "",
    "roles": []
  },
  {
    "key": "alien_2c",
    "name": "Alien Object 2C",
    "side": "pickup",
    "artfileroot": "alien2_c",
    "long_desc": "",
    "roles": []
  },
  {
    "key": "alien_3a",
    "name": "Alien Object 3A",
    "side": "pickup",
    "artfileroot": "alien3_a",
    "long_desc": "",
    "roles": []
  },
  {
    "key": "alien_3b",
    "name": "Alien Object 3B",
    "side": "pickup",
    "artfileroot": "alien3_b",
    "long_desc": "",
    "roles": []
  },
  {
    "key": "alien_3c",
    "name": "Alien Object 3C",
    "side": "pickup",
    "artfileroot": "alien3_c",
    "long_desc": "",
    "roles": []
  },
  {
    "key": "alien_4a",
    "name": "Alien Object 4A",
    "side": "pickup",
    "artfileroot": "alien4_a",
    "long_desc": "",
    "roles": []
  },
  {
    "key": "alien_4b",
    "name": "Alien Object 4B",
    "side": "pickup",
    "artfileroot": "alien4_b",
    "long_desc": "",
    "roles": []
  },
  {
    "key": "alien_4c",
    "name": "Alien Object 4C",
    "side": "pickup",
    "artfileroot": "alien4_c",
    "long_desc": "",
    "roles": []
  },
  {
    "key": "alien_5a",
    "name": "Alien Object 5A",
    "side": "pickup",
    "artfileroot": "alien5_a",
    "long_desc": "",
    "roles": []
  },
  {
    "key": "alien_5b",
    "name": "Alien Object 5B",
    "side": "pickup",
    "artfileroot": "alien5_b",
    "long_desc": "",
    "roles": []
  },
  {
    "key": "alien_5c",
    "name": "Alien Object 5C",
    "side": "pickup",
    "artfileroot": "alien5_c",
    "long_desc": "",
    "roles": []
  },
  {
    "key": "alien_small_1a",
    "name": "Alien Small 1A",
    "side": "pickup",
    "artfileroot": "alien1lod_a",
    "long_desc": "",
    "roles": []
  },
  {
    "key": "alien_small_1b",
    "name": "Alien Small 1B",
    "side": "pickup",
    "artfileroot": "alien1lod_b",
    "long_desc": "",
    "roles": []
  },
  {
    "key": "alien_small_1c",
    "name": "Alien Small 1C",
    "side": "pickup",
    "artfileroot": "alien1lod_c",
    "long_desc": "",
    "roles": []
  },
  {
    "key": "alien_small_2a",
    "name": "Alien Small 2A",
    "side": "pickup",
    "artfileroot": "alien2lod_a",
    "long_desc": "",
    "roles": []
  },
  {
    "key": "alien_small_2b",
    "name": "Alien Small 2B",
    "side": "pickup",
    "artfileroot": "alien2lod_b",
    "long_desc": "",
    "roles": []
  },
  {
    "key": "alien_small_2c",
    "name": "Alien Small 2C",
    "side": "pickup",
    "artfileroot": "alien2lod_c",
    "long_desc": "",
    "roles": []
  },
  {
    "key": "alien_small_3a",
    "name": "Alien Small 3A",
    "side": "pickup",
    "artfileroot": "alien3lod_a",
    "long_desc": "",
    "roles": []
  },
  {
    "key": "alien_small_3b",
    "name": "Alien Small 3B",
    "side": "pickup",
    "artfileroot": "alien3lod_b",
    "long_desc": "",
    "roles": []
  },
  {
    "key": "alien_small_3c",
    "name": "Alien Small 3C",
    "side": "pickup",
    "artfileroot": "alien3lod_c",
    "long_desc": "",
    "roles": []
  },
  {
    "key": "alien_small_4a",
    "name": "Alien Small 4A",
    "side": "pickup",
    "artfileroot": "alien4lod_a",
    "long_desc": "",
    "roles": []
  },
  {
    "key": "alien_small_4b",
    "name": "Alien Small 4B",
    "side": "pickup",
    "artfileroot": "alien4lod_b",
    "long_desc": "",
    "roles": []
  },
  {
    "key": "alien_small_4c",
    "name": "Alien Small 4C",
    "side": "pickup",
    "artfileroot": "alien4lod_c",
    "long_desc": "",
    "roles": []
  },
  {
    "key": "alien_small_5a",
    "name": "Alien Small 5A",
    "side": "pickup",
    "artfileroot": "alien5lod_a",
    "long_desc": "",
    "roles": []
  },
  {
    "key": "alien_small_5b",
    "name": "Alien Small 5B",
    "side": "pickup",
    "artfileroot": "alien5lod_b",
    "long_desc": "",
    "roles": []
  },
  {
    "key": "alien_small_5c",
    "name": "Alien Small 5C",
    "side": "pickup",
    "artfileroot": "alien5lod_c",
    "long_desc": "",
    "roles": []
  },
  {
    "key": "danger_1a",
    "name": "Danger Object 1A",
    "side": "pickup",
    "artfileroot": "mine1_a",
    "long_desc": "",
    "roles": []
  },
  {
    "key": "danger_1b",
    "name": "Danger Object 1B",
    "side": "pickup",
    "artfileroot": "mine1_b",
    "long_desc": "",
    "roles": []
  },
  {
    "key": "danger_1c",
    "name": "Danger Object 1C",
    "side": "pickup",
    "artfileroot": "mine1_c",
    "long_desc": "",
    "roles": []
  },
  {
    "key": "danger_2a",
    "name": "Danger Object 2A",
    "side": "pickup",
    "artfileroot": "mine2_a",
    "long_desc": "",
    "roles": []
  },
  {
    "key": "danger_2b",
    "name": "Danger Object 2B",
    "side": "pickup",
    "artfileroot": "mine2_b",
    "long_desc": "",
    "roles": []
  },
  {
    "key": "danger_2c",
    "name": "Danger Object 2C",
    "side": "pickup",
    "artfileroot": "mine2_c",
    "long_desc": "",
    "roles": []
  },
  {
    "key": "danger_3a",
    "name": "Danger Object 3A",
    "side": "pickup",
    "artfileroot": "mine3_a",
    "long_desc": "",
    "roles": []
  },
  {
    "key": "danger_3b",
    "name": "Danger Object 3B",
    "side": "pickup",
    "artfileroot": "mine3_b",
    "long_desc": "",
    "roles": []
  },
  {
    "key": "danger_3c",
    "name": "Danger Object 3C",
    "side": "pickup",
    "artfileroot": "mine3_c",
    "long_desc": "",
    "roles": []
  },
  {
    "key": "danger_4a",
    "name": "Danger Object 4A",
    "side": "pickup",
    "artfileroot": "mine4_a",
    "long_desc": "",
    "roles": []
  },
  {
    "key": "danger_4b",
    "name": "Danger Object 4B",
    "side": "pickup",
    "artfileroot": "mine4_b",
    "long_desc": "",
    "roles": []
  },
  {
    "key": "danger_4c",
    "name": "Danger Object 4C",
    "side": "pickup",
    "artfileroot": "mine4_c",
    "long_desc": "",
    "roles": []
  },
  {
    "key": "danger_5a",
    "name": "Danger Object 5A",
    "side": "pickup",
    "artfileroot": "mine5_a",
    "long_desc": "",
    "roles": []
  },
  {
    "key": "danger_5b",
    "name": "Danger Object 5B",
    "side": "pickup",
    "artfileroot": "mine5_b",
    "long_desc": "",
    "roles": []
  },
  {
    "key": "danger_5c",
    "name": "Danger Object 5C",
    "side": "pickup",
    "artfileroot": "mine5_c",
    "long_desc": "",
    "roles": []
  },
  {
    "key": "danger_small_1a",
    "name": "Danger Small 1A",
    "side": "pickup",
    "artfileroot": "mine1lod_a",
    "long_desc": "",
    "roles": []
  },
  {
    "key": "danger_small_1b",
    "name": "Danger Small 1B",
    "side": "pickup",
    "artfileroot": "mine1lod_b",
    "long_desc": "",
    "roles": []
  },
  {
    "key": "danger_small_1c",
    "name": "Danger Small 1C",
    "side": "pickup",
    "artfileroot": "mine1lod_c",
    "long_desc": "",
    "roles": []
  },
  {
    "key": "danger_small_2a",
    "name": "Danger Small 2A",
    "side": "pickup",
    "artfileroot": "mine2lod_a",
    "long_desc": "",
    "roles": []
  },
  {
    "key": "danger_small_2b",
    "name": "Danger Small 2B",
    "side": "pickup",
    "artfileroot": "mine2lod_b",
    "long_desc": "",
    "roles": []
  },
  {
    "key": "danger_small_2c",
    "name": "Danger Small 2C",
    "side": "pickup",
    "artfileroot": "mine2lod_c",
    "long_desc": "",
    "roles": []
  },
  {
    "key": "danger_small_3a",
    "name": "Danger Small 3A",
    "side": "pickup",
    "artfileroot": "mine3lod_a",
    "long_desc": "",
    "roles": []
  },
  {
    "key": "danger_small_3b",
    "name": "Danger Small 3B",
    "side": "pickup",
    "artfileroot": "mine3lod_b",
    "long_desc": "",
    "roles": []
  },
  {
    "key": "danger_small_3c",
    "name": "Danger Small 3C",
    "side": "pickup",
    "artfileroot": "mine3lod_c",
    "long_desc": "",
    "roles": []
  },
  {
    "key": "danger_small_4a",
    "name": "Danger Small 4A",
    "side": "pickup",
    "artfileroot": "mine4lod_a",
    "long_desc": "",
    "roles": []
  },
  {
    "key": "danger_small_4b",
    "name": "Danger Small 4B",
    "side": "pickup",
    "artfileroot": "mine4lod_b",
    "long_desc": "",
    "roles": []
  },
  {
    "key": "danger_small_4c",
    "name": "Danger Small 4C",
    "side": "pickup",
    "artfileroot": "mine4lod_c",
    "long_desc": "",
    "roles": []
  },
  {
    "key": "danger_small_5a",
    "name": "Danger Small 5A",
    "side": "pickup",
    "artfileroot": "mine5lod_a",
    "long_desc": "",
    "roles": []
  },
  {
    "key": "danger_small_5b",
    "name": "Danger Small 5B",
    "side": "pickup",
    "artfileroot": "mine5lod_b",
    "long_desc": "",
    "roles": []
  },
  {
    "key": "danger_small_5c",
    "name": "Danger Small 5C",
    "side": "pickup",
    "artfileroot": "mine5lod_c",
    "long_desc": "",
    "roles": []
  },
  {
    "key": "container_1a",
    "name": "Container Object 1A",
    "side": "pickup",
    "artfileroot": "container1_a",
    "long_desc": "",
    "roles": []
  },
  {
    "key": "container_1b",
    "name": "Container Object 1B",
    "side": "pickup",
    "artfileroot": "container1_b",
    "long_desc": "",
    "roles": []
  },
  {
    "key": "container_1c",
    "name": "Container Object 1C",
    "side": "pickup",
    "artfileroot": "container1_c",
    "long_desc": "",
    "roles": []
  },
  {
    "key": "container_2a",
    "name": "Container Object 2A",
    "side": "pickup",
    "artfileroot": "container2_a",
    "long_desc": "",
    "roles": []
  },
  {
    "key": "container_2b",
    "name": "Container Object 2B",
    "side": "pickup",
    "artfileroot": "container2_b",
    "long_desc": "",
    "roles": []
  },
  {
    "key": "container_2c",
    "name": "Container Object 2C",
    "side": "pickup",
    "artfileroot": "container2_c",
    "long_desc": "",
    "roles": []
  },
  {
    "key": "container_3a",
    "name": "Container Object 3A",
    "side": "pickup",
    "artfileroot": "container3_a",
    "long_desc": "",
    "roles": []
  },
  {
    "key": "container_3b",
    "name": "Container Object 3B",
    "side": "pickup",
    "artfileroot": "container3_b",
    "long_desc": "",
    "roles": []
  },
  {
    "key": "container_3c",
    "name": "Container Object 3C",
    "side": "pickup",
    "artfileroot": "container3_c",
    "long_desc": "",
    "roles": []
  },
  {
    "key": "container_4a",
    "name": "Container Object 4A",
    "side": "pickup",
    "artfileroot": "container4_a",
    "long_desc": "",
    "roles": []
  },
  {
    "key": "container_4b",
    "name": "Container Object 4B",
    "side": "pickup",
    "artfileroot": "container4_b",
    "long_desc": "",
    "roles": []
  },
  {
    "key": "container_4c",
    "name": "Container Object 4C",
    "side": "pickup",
    "artfileroot": "container4_c",
    "long_desc": "",
    "roles": []
  },
  {
    "key": "container_5a",
    "name": "Container Object 5A",
    "side": "pickup",
    "artfileroot": "container5_a",
    "long_desc": "",
    "roles": []
  },
  {
    "key": "container_5b",
    "name": "Container Object 5B",
    "side": "pickup",
    "artfileroot": "container5_b",
    "long_desc": "",
    "roles": []
  },
  {
    "key": "container_5c",
    "name": "Container Object 5C",
    "side": "pickup",
    "artfileroot": "container5_c",
    "long_desc": "",
    "roles": []
  },
  {
    "key": "container_small_1a",
    "name": "Container Small 1A",
    "side": "pickup",
    "artfileroot": "container1lod_a",
    "long_desc": "",
    "roles": []
  },
  {
    "key": "container_small_1b",
    "name": "Container Small 1B",
    "side": "pickup",
    "artfileroot": "container1lod_b",
    "long_desc": "",
    "roles": []
  },
  {
    "key": "container_small_1c",
    "name": "Container Small 1C",
    "side": "pickup",
    "artfileroot": "container1lod_c",
    "long_desc": "",
    "roles": []
  },
  {
    "key": "container_small_2a",
    "name": "Container Small 2A",
    "side": "pickup",
    "artfileroot": "container2lod_a",
    "long_desc": "",
    "roles": []
  },
  {
    "key": "container_small_2b",
    "name": "Container Small 2B",
    "side": "pickup",
    "artfileroot": "container2lod_b",
    "long_desc": "",
    "roles": []
  },
  {
    "key": "container_small_2c",
    "name": "Container Small 2C",
    "side": "pickup",
    "artfileroot": "container2lod_c",
    "long_desc": "",
    "roles": []
  },
  {
    "key": "container_small_3a",
    "name": "Container Small 3A",
    "side": "pickup",
    "artfileroot": "container3lod_a",
    "long_desc": "",
    "roles": []
  },
  {
    "key": "container_small_3b",
    "name": "Container Small 3B",
    "side": "pickup",
    "artfileroot": "container3lod_b",
    "long_desc": "",
    "roles": []
  },
  {
    "key": "container_small_3c",
    "name": "Container Small 3C",
    "side": "pickup",
    "artfileroot": "container3lod_c",
    "long_desc": "",
    "roles": []
  },
  {
    "key": "container_small_6a",
    "name": "Container Small 4A",
    "side": "pickup",
    "artfileroot": "container4lod_a",
    "long_desc": "",
    "roles": []
  },
  {
    "key": "container_small_4b",
    "name": "Container Small 4B",
    "side": "pickup",
    "artfileroot": "container4lod_b",
    "long_desc": "",
    "roles": []
  },
  {
    "key": "container_small_4c",
    "name": "Container Small 4C",
    "side": "pickup",
    "artfileroot": "container4lod_c",
    "long_desc": "",
    "roles": []
  },
  {
    "key": "container_small_6a",
    "name": "Container Small 6A",
    "side": "pickup",
    "artfileroot": "container6lod_a",
    "long_desc": "",
    "roles": []
  },
  {
    "key": "container_small_6b",
    "name": "Container Small 6B",
    "side": "pickup",
    "artfileroot": "container6lod_b",
    "long_desc": "",
    "roles": []
  },
  {
    "key": "container_small_6c",
    "name": "Container Small 6C",
    "side": "pickup",
    "artfileroot": "container6lod_c",
    "long_desc": "",
    "roles": []
  },
  {
    "key": "wreck",
    "name": "wreck",
    "side": "wreck",
    "artfileroot": "wreck",
    "long_desc": "",
    "roles": []
  },
  {
    "key": "generic-cube",
    "name": "cube",
    "side": "generic",
    "artfileroot": "cube",
    "long_desc": "",
    "roles": []
  },
  {
    "key": "generic-cylinder",
    "name": "cylinder",
    "side": "generic",
    "artfileroot": "cylinder",
    "long_desc": "",
    "roles": []
  },
  {
    "key": "generic-dodecahedron",
    "name": "dodecahedron",
    "side": "generic",
    "artfileroot": "dodecahedron",
    "long_desc": "",
    "roles": []
  },
  {
    "key": "generic-disk",
    "name": "disk",
    "side": "generic",
    "artfileroot": "disk",
    "long_desc": "",
    "roles": []
  },
  {
    "key": "generic-hexagon",
    "name": "hexagon",
    "side": "generic",
    "artfileroot": "hexagon",
    "long_desc": "",
    "roles": []
  },
  {
    "key": "generic-icosahedron",
    "name": "icosahedron",
    "side": "generic",
    "artfileroot": "icosahedron",
    "long_desc": "",
    "roles": []
  },
  {
    "key": "generic-cone",
    "name": "cone",
    "side": "generic",
    "artfileroot": "cone",
    "long_desc": "",
    "roles": []
  },
  {
    "key": "generic-octohedron",
    "name": "octohedron",
    "side": "generic",
    "artfileroot": "octohedron",
    "long_desc": "",
    "roles": []
  },
  {
    "key": "generic-rectangle",
    "name": "rectangle",
    "side": "generic",
    "artfileroot": "rectangle",
    "long_desc": "",
    "roles": []
  },
  {
    "key": "generic-sphere",
    "name": "sphere",
    "side": "generic",
    "artfileroot": "sphere",
    "long_desc": "",
    "roles": []
  },
  {
    "key": "generic-tetrahedron",
    "name": "tetrahedron",
    "side": "generic",
    "artfileroot": "tetrahedron",
    "long_desc": "",
    "roles": []
  },
  {
    "key": "generic-torus",
    "name": "torus",
    "side": "generic",
    "artfileroot": "torus",
    "long_desc": "",
    "roles": []
  },
  {
    "key": "escape-pod",
    "name": "escape-pod",
    "side": "pickup",
    "artfileroot": "escape-pod",
    "long_desc": "",
    "roles": []
  },
  {
    "key": "jump_node",
    "name": "Jump Node",
    "side": "USFP",
    "artfileroot": "TSN Mod/USFP/JumpNode",
    "long_desc": "",
    "roles": "node"
  },
  {
    "key": "defense_platform_beam",
    "name": "LR Beam Platform",
    "side": "USFP",
    "artfileroot": "TSN Mod/USFP/DefensePlatBeam",
    "long_desc": "",
    "roles": "defense"
  },
  {
    "key": "defense_platform_torp",
    "name": "Torpedo Platform",
    "side": "USFP",
    "artfileroot": "TSN Mod/USFP/DefensePlatTorp",
    "long_desc": "",
    "roles": "defense"
  },
  {
    "key": "defense_platform_fighter",
    "name": "Fighter Platform",
    "side": "USFP",
    "artfileroot": "TSN Mod/USFP/DefensePlatFighter",
    "long_desc": "",
    "roles": "defense"
  },
  {
    "key": "usfp_industrial_unit",
    "name": "Industrial Unit",
    "side": "USFP",
    "artfileroot": "TSN Mod/USFP/IndustrialUnit",
    "long_desc": "",
    "roles": "industrial"
  },
  {
    "key": "usfp_industrial_storage",
    "name": "Storage Module",
    "side": "USFP",
    "artfileroot": "TSN Mod/USFP/IndustrialStorage",
    "long_desc": "",
    "roles": "industrial,platform"
  },
  {
    "key": "usfp_industrial_refinary",
    "name": "Storage Module",
    "side": "USFP",
    "artfileroot": "TSN Mod/USFP/IndustrialRefinary",
    "long_desc": "",
    "roles": "industrial"
  },
  {
    "key": "usfp_industrial_processor",
    "name": "Storage Module",
    "side": "USFP",
    "artfileroot": "TSN Mod/USFP/IndustrialProcessor",
    "long_desc": "",
    "roles": "industrial"
  },
  {
    "key": "usfp_industrial_assembly",
    "name": "Assembly Yard",
    "side": "USFP",
    "artfileroot": "TSN Mod/USFP/IndustrialAssembler",
    "long_desc": "",
    "roles": "industrial"
  },
  {
    "key": "pirate_military_base",
    "name": "Pirate Base",
    "side": "pirate",
    "artfileroot": "TSN Mod/Pirate/PirateBaseAst",
    "long_desc": "",
    "roles": "pirate"
  },
  {
    "key": "pirate_cache_1",
    "name": "Cache",
    "side": "pirate",
    "artfileroot": "TSN Mod/Pirate/PirateCache",
    "long_desc": "",
    "roles": "pirate"
  },
  {
    "key": "hegemony_generator",
    "name": "Generator",
    "side": "kralien",
    "artfileroot": "TSN Mod/Hegemony/HegGen",
    "long_desc": "",
    "roles": "generator"
  },
  {
    "key": "arvonian_command",
    "name": "Command",
    "side": "Arvonian",
    "artfileroot": "TSN Mod/Hegemony/AVCommand",
    "long_desc": "Arvonian Command and Control vessel^",
    "roles": "ship"
  },
  {
    "key": "torgoth_command",
    "name": "Command",
    "side": "Torgoth",
    "artfileroot": "TSN Mod/Hegemony/TorgothCmd",
    "long_desc": "Torgoth Command and Control vessel^",
    "roles": "ship"
  },
  {
    "key": "kralien_drone_cruiser",
    "name": "Drone Cruiser",
    "side": "Kralien",
    "artfileroot": "kralien_cruiser",
    "long_desc": "Kralien Drone Cruiser",
    "roles": "ship"
  },
  {
    "key": "pirate_arrow",
    "name": "Arrow",
    "side": "Pirate",
    "artfileroot": "TSN Mod/Pirate/Arrow",
    "long_desc": "Arrow Class Scout Cruiser",
    "roles": "ship"
  },
  {
    "key": "pirate_axe",
    "name": "Axe",
    "side": "Pirate",
    "artfileroot": "TSN Mod/Pirate/Axe",
    "long_desc": "Axe Class Cruiser",
    "roles": "ship"
  },
  {
    "key": "usfp_patrol_boat",
    "name": "Patrol Boat",
    "side": "USFP",
    "artfileroot": "TSN Mod/USFP/PatrolBoat",
    "long_desc": "Sword Class Patrol Boat",
    "roles": "ship"
  },
  {
    "key": "hjorden_cruiser",
    "name": "Hjorden Cruiser",
    "side": "Hjorden",
    "artfileroot": "TSN Mod/Hjorden/HjordenCruiser",
    "long_desc": "Hjorden Cruiser",
    "roles": "ship"
  },
  {
    "key": "tsn_lion_class_supply",
    "name": "Lion Supply Ship",
    "side": "TSN",
    "artfileroot": "TSN Mod/TSN/LionClass",
    "long_desc": "Lion Class Supply Ship",
    "roles": "ship"
  },
  {
    "key": "tsn_nemesis_class_interceptor",
    "name": "Lancer",
    "side": "TSN",
    "artfileroot": "TSN Mod/TSN/NemesisClass",
    "long_desc": "Nemesis Class Interceptor",
    "roles": "ship"
  }
]