{
    "systemMapCoord": [
        26921.667504710527,
        0,
        -14794.609098284036
    ],
    "systemalignment": "Unknown",
    "metadata": {
        "sysdescription": "",
        "security": "Neutral",
        "exports": [],
        "focus": "",
        "intel": {
            "pirate": "Low",
            "enemy": "Low",
            "assets": []
        },
        "development": "Unclaimed",
        "visible": true
    },
    "objects": {},
    "sensor_relay": {},
    "terrain": {},
    "traffic": {}
}