{
    "systemMapCoord": [
        -20633.056117437467,
        0,
        22.07135557410019
    ],
    "systemalignment": "USFP",
    "metadata": {
        "skybox": "sky1.png",
        "sysdescription": "Atlantis is the Regional Capital for the Lower Arc",
        "security": "Neutral",
        "exports": [],
        "focus": "Industry",
        "intel": {
            "pirate": "None",
            "enemy": "None",
            "assets": [
                "Armory",
                "Shipyard",
                "Slingshot",
                "Listening Post",
                "Fortification"
            ]
        },
        "development": "Regional Capital",
        "visible": true
    },
    "objects": {},
    "sensor_relay": {},
    "terrain": {},
    "traffic": {}
}