{
    "systemMapCoord": [
        -26218.15935843644,
        0,
        -3402.12228295024
    ],
    "systemalignment": "USFP",
    "metadata": {
        "skybox": "sky1.png",
        "sysdescription": "",
        "security": "Neutral",
        "exports": [],
        "focus": "",
        "intel": {},
        "development": "Unclaimed",
        "visible": true
    },
    "objects": {
        "Krisenda Gate": {
            "coordinate": [
                -122829.90725586518,
                0.0,
                87917.69036073668
            ],
            "type": "jumpnode",
            "jumppointtype": "Node",
            "destinations": {},
            "state": "Tethered",
            "drift": 0
        },
        "Atlantis Gate": {
            "coordinate": [
                4618.652414916747,
                0.0,
                82140.29838542805
            ],
            "type": "jumpnode",
            "jumppointtype": "Node",
            "destinations": {},
            "state": "Tethered",
            "drift": 0
        },
        "Promethean Gate": {
            "coordinate": [
                239201.98574825004,
                0.0,
                84015.29838542805
            ],
            "type": "jumpnode",
            "jumppointtype": "Node",
            "destinations": {
                "Cerebus Gate": "Promethean"
            },
            "state": "Tethered",
            "drift": 0
        },
        "Hjorden Gate": {
            "coordinate": [
                81624.71808707036,
                0.0,
                -98303.16011937305
            ],
            "type": "jumpnode",
            "jumppointtype": "Node",
            "destinations": {},
            "state": "Tethered",
            "drift": 0
        },
        "Forward Command": {
            "coordinate": [
                -144613.600671503,
                0.0,
                63877.69550476963
            ],
            "sides": [
                "USFP"
            ],
            "hull": "starbase_command",
            "type": "station",
            "facilities": [
                "Docking",
                "Refuel",
                "Repair"
            ],
            "cargo": {
                "Homing": 74,
                "Nuke": 13,
                "EMP": 13,
                "Mine": 11,
                "High Yield Warhead": 16,
                "Warhead": 59,
                "Torpedo Casing": 37,
                "Casing": 15,
                "Transmitter": 33,
                "Navigational Array": 2,
                "Tactical Array": 11,
                "Sensor Suite": 7,
                "Guidance System": 65,
                "Receiver": 16
            },
            "teams": {
                "DamCon": 8,
                "Medics": 2,
                "Combat Engineers": 11
            },
            "description": ""
        },
        "Gate Control": {
            "coordinate": [
                -4544.156227058556,
                0.0,
                96407.27369406998
            ],
            "sides": [
                "USFP"
            ],
            "hull": "starbase_civil",
            "type": "station",
            "facilities": [],
            "cargo": {},
            "teams": {},
            "description": ""
        },
        "Shanari Lab": {
            "coordinate": [
                -69015.60684434256,
                0.0,
                90219.00208913174
            ],
            "sides": [
                "USFP"
            ],
            "hull": "starbase_science",
            "type": "station",
            "facilities": [
                "Docking",
                "Refuel"
            ],
            "cargo": {},
            "teams": {},
            "description": ""
        },
        "Arden Market": {
            "coordinate": [
                -53969.31054804626,
                0.0,
                30612.520607650244
            ],
            "sides": [
                "USFP"
            ],
            "hull": "starbase_civil",
            "type": "station",
            "facilities": [
                "Refuel",
                "Docking"
            ],
            "cargo": {
                "High Yield Warhead": 2,
                "Warhead": 12,
                "Life Support": 2,
                "Micro Controller": 24,
                "Medical Supplies": 24,
                "Power Relay": 15,
                "Transmitter": 8,
                "Receiver": 7,
                "Analysis Suite": 9,
                "Sensor Suite": 9,
                "Guidance System": 16,
                "Wild Animals": 14,
                "Pets": 4,
                "Casing": 16,
                "EMP": 9,
                "Homing": 37,
                "Coolant": 15,
                "Tea": 13,
                "Coffee": 15,
                "Alcohol": 15
            },
            "teams": {
                "DamCon": 3,
                "Medics": 3
            },
            "description": ""
        },
        "Cordell Memorial": {
            "coordinate": [
                -25798.01425174998,
                0.0,
                8181.965052094718
            ],
            "sides": [
                "USFP"
            ],
            "hull": "starbase_civil",
            "type": "station",
            "facilities": [
                "Docking"
            ],
            "cargo": {},
            "teams": {
                "DamCon": 4,
                "Diplomats": 2,
                "Combat Engineers": 6,
                "Medics": 2
            },
            "description": ""
        },
        "Dalton Refineries": {
            "coordinate": [
                -73645.2364739722,
                0.0,
                12094.002089131734
            ],
            "sides": [
                "USFP"
            ],
            "hull": "starbase_industry",
            "type": "station",
            "facilities": [
                "Docking",
                "Refuel",
                "Repair"
            ],
            "cargo": {
                "Iron": 750,
                "Tharium": 60,
                "Reisium": 60,
                "Alerite": 54,
                "Cabrite": 815,
                "Ashfilum": 258,
                "Aegirine": 151,
                "Nuidinium": 159,
                "Gredian": 180,
                "Warhead": 10,
                "Life Support": 1,
                "Micro Controller": 8,
                "Power Relay": 16,
                "Casing": 15,
                "Homing": 55,
                "Torpedo Casing": 10
            },
            "teams": {
                "DamCon": 2,
                "Medics": 1,
                "Combat Engineers": 2
            },
            "description": ""
        },
        "Cerberus Command": {
            "coordinate": [
                103438.0968593612,
                0.0,
                28297.705792835422
            ],
            "sides": [
                "USFP"
            ],
            "hull": "starbase_command",
            "type": "station",
            "facilities": [
                "Docking",
                "Refuel",
                "Repair"
            ],
            "cargo": {
                "Homing": 95,
                "Nuke": 22,
                "EMP": 32,
                "Mine": 25,
                "High Yield Warhead": 25,
                "Warhead": 60,
                "Torpedo Casing": 80,
                "Casing": 16,
                "Transmitter": 35,
                "Navigational Array": 2,
                "Tactical Array": 10,
                "Sensor Suite": 6,
                "Guidance System": 60,
                "Receiver": 15
            },
            "teams": {
                "DamCon": 18,
                "Medics": 2,
                "Combat Engineers": 10
            },
            "description": ""
        },
        "Noreel Metals": {
            "coordinate": [
                201636.3857482501,
                0.0,
                -25153.649762720055
            ],
            "sides": [
                "USFP"
            ],
            "hull": "starbase_industry",
            "type": "station",
            "facilities": [
                "Docking"
            ],
            "cargo": {
                "Iron": 750,
                "Tharium": 60,
                "Reisium": 60,
                "Alerite": 54,
                "Cabrite": 815,
                "Ashfilum": 258,
                "Aegirine": 151,
                "Nuidinium": 159,
                "Gredian": 180
            },
            "teams": {},
            "description": ""
        },
        "Emora Denebite": {
            "coordinate": [
                217469.7190815834,
                0.0,
                -60153.64976272006
            ],
            "sides": [
                "USFP"
            ],
            "hull": "starbase_industry",
            "type": "station",
            "facilities": [
                "Docking"
            ],
            "cargo": {
                "Denebite": 600,
                "Nuidinium": 5,
                "Gredian": 5,
                "Life Support": 1,
                "Micro Controller": 8,
                "AMC": 1,
                "Repair Materials": 3
            },
            "teams": {},
            "description": ""
        },
        "Kolaris Bazaar": {
            "coordinate": [
                196636.38574825012,
                0.0,
                -85153.64976272006
            ],
            "sides": [
                "USFP"
            ],
            "hull": "starbase_civil",
            "type": "station",
            "facilities": [
                "Docking",
                "Refuel",
                "Repair"
            ],
            "cargo": {
                "Warhead": 60,
                "Torpedo Casing": 60,
                "Casing": 60,
                "Navigational Array": 1,
                "Tactical Array": 10,
                "Guidance System": 60
            },
            "teams": {
                "DamCon": 8,
                "Medics": 2,
                "Combat Engineers": 2
            },
            "description": ""
        },
        "Olnara Admin": {
            "coordinate": [
                177469.71908158343,
                0.0,
                -105986.9830960534
            ],
            "sides": [
                "USFP"
            ],
            "hull": "starbase_civil",
            "type": "station",
            "facilities": [
                "Docking",
                "Refuel"
            ],
            "cargo": {
                "Repair Materials": 16,
                "Medical Supplies": 10,
                "Iso B Circuit": 25,
                "Container": 25,
                "Life Support": 1,
                "Micro Controller": 8,
                "Power Relay": 16,
                "Aid Package": 16,
                "Pets": 4,
                "Torpedo Casing": 5,
                "Casing": 6,
                "Comms Relay": 5,
                "Tea": 5,
                "Alcohol": 5,
                "Coffee": 2
            },
            "teams": {},
            "description": ""
        },
        "Serena Resorts": {
            "coordinate": [
                57469.71908158343,
                0.0,
                -45153.64976272006
            ],
            "sides": [
                "USFP"
            ],
            "hull": "starbase_civil",
            "type": "station",
            "facilities": [
                "Docking",
                "Refuel",
                "Repair"
            ],
            "cargo": {
                "Life Support": 3,
                "Medical Supplies": 16,
                "Micro Controller": 25,
                "Power Relay": 16,
                "Transmitter": 8,
                "Receiver": 6,
                "Analysis Suite": 8,
                "Sensor Suite": 8,
                "Tea": 20,
                "Alcohol": 50,
                "Coffee": 70
            },
            "teams": {
                "Medics": 2
            },
            "description": ""
        },
        "Diana Concourse": {
            "coordinate": [
                85545.63643412114,
                0.0,
                -53089.49938549099
            ],
            "sides": [
                "USFP"
            ],
            "hull": "starbase_civil",
            "type": "station",
            "facilities": [
                "Docking",
                "Refuel",
                "Repair"
            ],
            "cargo": {
                "Repair Materials": 15,
                "Medical Supplies": 9,
                "Iso B Circuit": 23,
                "Container": 24,
                "Micro Controller": 8,
                "Power Relay": 16,
                "Aid Package": 15,
                "Pets": 3,
                "Coffee": 5,
                "Tea": 6,
                "Alcohol": 5
            },
            "teams": {
                "Diplomats": 11
            },
            "description": ""
        },
        "Morbek HQ": {
            "coordinate": [
                -45863.61425174992,
                0.0,
                -30153.64976272006
            ],
            "sides": [
                "USFP"
            ],
            "hull": "starbase_civil",
            "type": "station",
            "facilities": [
                "Docking",
                "Refuel"
            ],
            "cargo": {
                "Repair Materials": 16,
                "Medical Supplies": 10,
                "Iso B Circuit": 25,
                "Container": 25,
                "Life Support": 3,
                "Micro Controller": 8,
                "Power Relay": 16,
                "Aid Package": 16,
                "Pets": 4,
                "Coffee": 5,
                "Tea": 5,
                "Alcohol": 5
            },
            "teams": {},
            "description": ""
        },
        "Ltaris Offices": {
            "coordinate": [
                -9196.94758508324,
                0.0,
                -48486.983096053395
            ],
            "sides": [
                "USFP"
            ],
            "hull": "starbase_civil",
            "type": "station",
            "facilities": [
                "Docking"
            ],
            "cargo": {
                "Aid Package": 16,
                "Coffee": 5,
                "Tea": 5,
                "Alcohol": 5,
                "Black Box": 2,
                "Comms Relay": 5,
                "Receiver": 2,
                "Sensor Buoy": 8,
                "Sensor Suite": 1,
                "Transmitter": 2
            },
            "teams": {},
            "description": ""
        },
        "Quesenc Industries": {
            "coordinate": [
                -55863.61425174991,
                0.0,
                -72653.64976272006
            ],
            "sides": [
                "USFP"
            ],
            "hull": "starbase_industry",
            "type": "station",
            "facilities": [
                "Docking",
                "Refuel",
                "Repair"
            ],
            "cargo": {
                "Iron": 747,
                "Tharium": 60,
                "Reisium": 56,
                "Alerite": 51,
                "Cabrite": 882,
                "Ashfilum": 281,
                "Denebite": 30,
                "Aegirine": 150,
                "Nuidinium": 165,
                "Gredian": 195,
                "Warhead": 9,
                "Life Support": 0,
                "Micro Controller": 8,
                "Power Relay": 17,
                "Casing": 14,
                "Homing": 36,
                "Torpedo Casing": 9
            },
            "teams": {
                "DamCon": 1,
                "Medics": 1
            },
            "description": ""
        },
        "Scolcha Port": {
            "coordinate": [
                -30707.900088512604,
                0.0,
                -106134.87404255544
            ],
            "sides": [
                "USFP"
            ],
            "hull": "starbase_civil",
            "type": "station",
            "facilities": [
                "Docking",
                "Refuel",
                "Repair"
            ],
            "cargo": {
                "High Yield Warhead": 3,
                "Warhead": 13,
                "Life Support": 3,
                "Micro Controller": 25,
                "Medical Supplies": 25,
                "Power Relay": 16,
                "Transmitter": 8,
                "Receiver": 6,
                "Analysis Suite": 2,
                "Sensor Suite": 8,
                "Guidance System": 15,
                "Wild Animals": 15,
                "Pets": 4,
                "Casing": 15,
                "EMP": 10,
                "Homing": 35,
                "Coolant": 15,
                "Tea": 12,
                "Coffee": 15,
                "Alcohol": 16,
                "Computer Core": 1,
                "FCS": 1,
                "AMC": 1,
                "Warp Inhibitor": 4
            },
            "teams": {
                "DamCon": 2,
                "Medics": 2
            },
            "description": ""
        },
        "WP 4": {
            "coordinate": [
                86997.5954949094,
                0.0,
                -64223.35033584828
            ],
            "sides": [
                "USFP"
            ],
            "hull": "defense_platform_beam",
            "type": "platform",
            "cargo": {},
            "teams": {},
            "hideonmap": true
        },
        "WP 50": {
            "coordinate": [
                57526.57354703559,
                0.0,
                -55850.90091883868
            ],
            "sides": [
                "USFP"
            ],
            "hull": "defense_platform_beam",
            "type": "platform",
            "cargo": {},
            "teams": {},
            "hideonmap": true
        },
        "WP 77": {
            "coordinate": [
                159335.55845787236,
                0.0,
                -106755.39337425707
            ],
            "sides": [
                "USFP"
            ],
            "hull": "defense_platform_beam",
            "type": "platform",
            "cargo": {},
            "teams": {},
            "hideonmap": true
        },
        "WP 91": {
            "coordinate": [
                12712.822701714493,
                0.0,
                -85321.92286671248
            ],
            "sides": [
                "USFP"
            ],
            "hull": "defense_platform_beam",
            "type": "platform",
            "cargo": {},
            "teams": {},
            "hideonmap": true
        },
        "WP 70": {
            "coordinate": [
                5108.342237021846,
                0.0,
                -50854.22310676735
            ],
            "sides": [
                "USFP"
            ],
            "hull": "defense_platform_beam",
            "type": "platform",
            "cargo": {},
            "teams": {},
            "hideonmap": true
        },
        "WP 11": {
            "coordinate": [
                174004.0898364732,
                0.0,
                -79454.51031527214
            ],
            "sides": [
                "USFP"
            ],
            "hull": "defense_platform_beam",
            "type": "platform",
            "cargo": {},
            "teams": {},
            "hideonmap": true
        },
        "WP 34": {
            "coordinate": [
                186462.2945689835,
                0.0,
                -29059.06278440795
            ],
            "sides": [
                "USFP"
            ],
            "hull": "defense_platform_beam",
            "type": "platform",
            "cargo": {},
            "teams": {},
            "hideonmap": true
        },
        "WP 22": {
            "coordinate": [
                196174.33589271465,
                0.0,
                -60539.47259236406
            ],
            "sides": [
                "USFP"
            ],
            "hull": "defense_platform_beam",
            "type": "platform",
            "cargo": {},
            "teams": {}
        },
        "WP 94": {
            "coordinate": [
                -15816.083345968542,
                0.0,
                -112113.76100114323
            ],
            "sides": [
                "USFP"
            ],
            "hull": "defense_platform_beam",
            "type": "platform",
            "cargo": {},
            "teams": {},
            "hideonmap": true
        },
        "Drift Maw": {
            "coordinate": [
                -237247.28190563948,
                0.0,
                -24818.32204366718
            ],
            "sides": [
                "Pirate"
            ],
            "hull": "starbase_command",
            "type": "station",
            "facilities": [],
            "cargo": {},
            "teams": {},
            "description": "Regional command of raiding parties",
            "hideonmap": true
        },
        "WP 45": {
            "coordinate": [
                -236751.911535269,
                0.0,
                -8712.612167123983
            ],
            "sides": [
                "USFP"
            ],
            "hull": "defense_platform_beam",
            "type": "platform",
            "cargo": {},
            "teams": {},
            "hideonmap": true
        },
        "WP 55": {
            "coordinate": [
                -232893.88684391105,
                0.0,
                -33789.77266095114
            ],
            "sides": [
                "USFP"
            ],
            "hull": "defense_platform_torp",
            "type": "platform",
            "cargo": {},
            "teams": {},
            "hideonmap": true
        },
        "WP 89": {
            "coordinate": [
                -253630.76955996038,
                0.0,
                -27520.48253749436
            ],
            "sides": [
                "USFP"
            ],
            "hull": "defense_platform_beam",
            "type": "platform",
            "cargo": {},
            "teams": {}
        },
        "WP 66": {
            "coordinate": [
                -136593.08951880818,
                0.0,
                74790.47425262915
            ],
            "sides": [
                "USFP"
            ],
            "hull": "defense_platform_beam",
            "type": "platform",
            "cargo": {},
            "teams": {},
            "hideonmap": true
        },
        "WP 21": {
            "coordinate": [
                -154275.70268753247,
                0.0,
                53490.96293575672
            ],
            "sides": [
                "USFP"
            ],
            "hull": "defense_platform_beam",
            "type": "platform",
            "cargo": {},
            "teams": {},
            "hideonmap": true
        },
        "DS 12": {
            "coordinate": [
                -156807.46373305997,
                0.0,
                76269.39429518099
            ],
            "sides": [
                "TSN"
            ],
            "hull": "starbase_command",
            "type": "station",
            "facilities": [
                "Docking",
                "Refuel",
                "Repair"
            ],
            "cargo": {
                "Homing": 140,
                "Nuke": 24,
                "EMP": 26,
                "Mine": 22,
                "High Yield Warhead": 16,
                "Warhead": 57,
                "Torpedo Casing": 107,
                "Navigational Array": 1,
                "Tactical Array": 9,
                "Guidance System": 60,
                "Medical Supplies": 12,
                "Repair Materials": 4
            },
            "teams": {
                "DamCon": 10,
                "Medics": 3,
                "Combat Engineers": 9
            },
            "description": ""
        },
        "DS 48": {
            "coordinate": [
                -139829.97833692707,
                0.0,
                45619.22799394175
            ],
            "sides": [
                "USFP"
            ],
            "hull": "starbase_civil",
            "type": "station",
            "facilities": [
                "Docking",
                "Refuel"
            ],
            "cargo": {
                "Repair Materials": 16,
                "Medical Supplies": 10,
                "Iso B Circuit": 25,
                "Container": 25,
                "Life Support": 1,
                "Micro Controller": 8,
                "Power Relay": 16,
                "Aid Package": 16,
                "Pets": 4,
                "Torpedo Casing": 5,
                "Casing": 6,
                "Coffee": 5,
                "Tea": 5,
                "Alcohol": 5
            },
            "teams": {
                "Diplomats": 1
            },
            "description": ""
        },
        "RS 230": {
            "coordinate": [
                -53969.31054804626,
                0.0,
                59547.70579283545
            ],
            "sides": [
                "USFP"
            ],
            "hull": "starbase_science",
            "type": "station",
            "facilities": [
                "Docking",
                "Refuel"
            ],
            "cargo": {
                "High Yield Warhead": 10,
                "Life Support": 3,
                "Medical Supplies": 16,
                "Micro Controller": 25,
                "Power Relay": 16,
                "Transmitter": 8,
                "Receiver": 6,
                "Analysis Suite": 8,
                "Sensor Suite": 8,
                "Guidance System": 15,
                "Wild Animals": 15,
                "Casing": 15,
                "EMP": 10,
                "Homing": 35
            },
            "teams": {
                "DamCon": 2,
                "Medics": 2
            },
            "description": ""
        },
        "M 331": {
            "coordinate": [
                -7094.310548046255,
                0.0,
                56654.18727431693
            ],
            "sides": [
                "USFP"
            ],
            "hull": "starbase_industry",
            "type": "station",
            "facilities": [
                "Docking"
            ],
            "cargo": {
                "Cabrite": 5,
                "Gredian": 20,
                "Iron": 500,
                "Nuidinium": 3,
                "Reisium": 9,
                "Tharium": 15
            },
            "teams": {},
            "description": ""
        },
        "M 572": {
            "coordinate": [
                1725.1338963981937,
                0.0,
                25797.705792835466
            ],
            "sides": [
                "USFP"
            ],
            "hull": "starbase_industry",
            "type": "station",
            "facilities": [
                "Docking"
            ],
            "cargo": {
                "Tharium Plating": 10,
                "Coolant": 23,
                "Ashfilum": 6,
                "Aegirine": 12
            },
            "teams": {},
            "description": ""
        },
        "RS 90": {
            "coordinate": [
                95914.94871121304,
                0.0,
                90797.70579283543
            ],
            "sides": [
                "USFP"
            ],
            "hull": "starbase_science",
            "type": "station",
            "facilities": [],
            "cargo": {},
            "teams": {},
            "description": ""
        },
        "RS 557": {
            "coordinate": [
                68137.17093343526,
                0.0,
                47394.928015057645
            ],
            "sides": [
                "USFP"
            ],
            "hull": "starbase_science",
            "type": "station",
            "facilities": [],
            "cargo": {},
            "teams": {}
        },
        "SY 14": {
            "coordinate": [
                118160.31908158341,
                0.0,
                19547.70579283542
            ],
            "sides": [
                "TSN"
            ],
            "hull": "starbase_industry",
            "type": "station",
            "facilities": [
                "Repair",
                "Docking"
            ],
            "cargo": {},
            "teams": {},
            "description": ""
        },
        "RS 223": {
            "coordinate": [
                241243.65241491675,
                0.0,
                59056.9650520948
            ],
            "sides": [
                "USFP"
            ],
            "hull": "starbase_science",
            "type": "station",
            "facilities": [
                "Docking"
            ],
            "cargo": {
                "Life Support": 2,
                "Medical Supplies": 17,
                "Power Relay": 16,
                "Transmitter": 7,
                "Receiver": 6,
                "Analysis Suite": 8,
                "Sensor Suite": 9,
                "AMC": 1,
                "Computer Core": 1
            },
            "teams": {
                "DamCon": 3,
                "Medics": 3
            },
            "description": ""
        },
        "RS 484": {
            "coordinate": [
                231636.3857482501,
                0.0,
                -102653.64976272006
            ],
            "sides": [
                "USFP"
            ],
            "hull": "starbase_civil",
            "type": "station",
            "facilities": [
                "Docking"
            ],
            "cargo": {
                "Life Support": 3,
                "Medical Supplies": 16,
                "Micro Controller": 25,
                "Power Relay": 16,
                "Transmitter": 8,
                "Receiver": 6,
                "Analysis Suite": 8,
                "Sensor Suite": 8
            },
            "teams": {
                "DamCon": 2,
                "Medics": 2
            },
            "description": ""
        },
        "RS 45": {
            "coordinate": [
                369.8819759592748,
                0.0,
                -81298.411422528
            ],
            "sides": [
                "USFP"
            ],
            "hull": "starbase_science",
            "type": "station",
            "facilities": [
                "Docking",
                "Refuel"
            ],
            "cargo": {
                "Medical Supplies": 16,
                "Transmitter": 8,
                "Receiver": 6,
                "Analysis Suite": 8,
                "Sensor Suite": 8,
                "Homing": 35
            },
            "teams": {
                "DamCon": 2,
                "Medics": 2
            },
            "description": ""
        },
        "M 218": {
            "coordinate": [
                -70662.35396368401,
                0.0,
                -60376.12918658831
            ],
            "sides": [
                "USFP"
            ],
            "hull": "starbase_industry",
            "type": "station",
            "facilities": [],
            "cargo": {},
            "teams": {},
            "description": ""
        },
        "M 243": {
            "coordinate": [
                -69054.84367561816,
                0.0,
                -85292.53865160889
            ],
            "sides": [
                "USFP"
            ],
            "hull": "starbase_industry",
            "type": "station",
            "facilities": [],
            "cargo": {},
            "teams": {},
            "description": ""
        },
        "DS 31": {
            "coordinate": [
                -158060.11630936302,
                0.0,
                -47408.150791526554
            ],
            "sides": [
                "USFP"
            ],
            "hull": "starbase_command",
            "type": "station",
            "facilities": [
                "Docking",
                "Refuel",
                "Repair"
            ],
            "cargo": {
                "Homing": 149,
                "Nuke": 25,
                "EMP": 23,
                "Mine": 22,
                "High Yield Warhead": 16,
                "Warhead": 62,
                "Torpedo Casing": 95,
                "Navigational Array": 2,
                "Tactical Array": 11,
                "Guidance System": 60,
                "Medical Supplies": 11,
                "Repair Materials": 5
            },
            "teams": {
                "DamCon": 11,
                "Medics": 3,
                "Combat Engineers": 11
            },
            "description": ""
        },
        "DS 67": {
            "coordinate": [
                -152363.09984845767,
                0.0,
                -75375.61478329606
            ],
            "sides": [
                "USFP"
            ],
            "hull": "starbase_command",
            "type": "station",
            "facilities": [
                "Docking",
                "Refuel",
                "Repair"
            ],
            "cargo": {
                "Homing": 80,
                "Nuke": 11,
                "EMP": 12,
                "Mine": 13,
                "High Yield Warhead": 16,
                "Warhead": 56,
                "Torpedo Casing": 40,
                "Casing": 15,
                "Transmitter": 36,
                "Navigational Array": 0,
                "Tactical Array": 10,
                "Sensor Suite": 5,
                "Guidance System": 65,
                "Receiver": 14
            },
            "teams": {
                "DamCon": 10,
                "Medics": 2,
                "Combat Engineers": 8
            },
            "description": ""
        }
    },
    "sensor_relay": {
        "SR 19": {
            "coordinate": [
                -147433.94361879272,
                0.0,
                28958.532904130174
            ],
            "hideonmap": true
        },
        "SR 59": {
            "coordinate": [
                -116942.24908861441,
                0.0,
                41751.63561332087
            ],
            "hideonmap": true
        },
        "SR 51": {
            "coordinate": [
                -167653.0258375856,
                0.0,
                89088.4210707412
            ],
            "hideonmap": true
        },
        "SR 62": {
            "coordinate": [
                -171984.3730026519,
                0.0,
                53680.628762439206
            ],
            "hideonmap": true
        },
        "SR 53": {
            "coordinate": [
                -133415.1143149519,
                0.0,
                -33598.80162947737
            ],
            "hideonmap": true
        },
        "SR 60": {
            "coordinate": [
                -124312.7480598079,
                0.0,
                -62533.98681466255
            ],
            "hideonmap": true
        },
        "SR 57": {
            "coordinate": [
                -120872.543030109,
                0.0,
                77800.35152083241
            ],
            "hideonmap": true
        },
        "SR 74": {
            "coordinate": [
                -160988.37607849733,
                0.0,
                -33286.14944920785
            ],
            "hideonmap": true
        },
        "SR 23": {
            "coordinate": [
                -181341.8140968805,
                0.0,
                -49517.474641135814
            ],
            "hideonmap": true
        },
        "SR 16": {
            "coordinate": [
                -181341.8140968805,
                0.0,
                -75550.4989881893
            ],
            "hideonmap": true
        },
        "SR 37": {
            "coordinate": [
                -164672.25382198152,
                0.0,
                -91312.96701276473
            ],
            "hideonmap": true
        },
        "SR 65": {
            "coordinate": [
                -135608.0540040459,
                0.0,
                -85988.93128870345
            ],
            "hideonmap": true
        }
    },
    "terrain": {
        "1753744585889": {
            "type": "blackhole",
            "name": "Charon\u2019s Toll",
            "coordinate": [
                202686.97351976822,
                0,
                71805.55145623459
            ],
            "size": 1000,
            "strength": 500
        },
        "1753746373624": {
            "type": "nebulas",
            "seed": 2010,
            "start": [
                -230922.88506299807,
                0.0,
                107357.67147843243
            ],
            "end": [
                -186756.21839633147,
                0.0,
                -106808.99518823423
            ],
            "density": 325,
            "scatter": 50000,
            "composition": []
        },
        "1753746420080": {
            "type": "asteroids",
            "seed": 2010,
            "start": [
                -208422.88506299807,
                0.0,
                89857.67147843244
            ],
            "end": [
                -197589.5517296648,
                0.0,
                22357.671478432432
            ],
            "density": 225,
            "scatter": 10000,
            "composition": [
                "Ast. Std Rand"
            ]
        },
        "1753746446412": {
            "type": "nebulas",
            "seed": 2010,
            "start": [
                -169256.21839633145,
                0.0,
                92357.67147843243
            ],
            "end": [
                -95922.8850629981,
                0.0,
                92357.67147843243
            ],
            "density": 125,
            "scatter": 20000,
            "composition": []
        },
        "1753746469304": {
            "type": "nebulas",
            "seed": 2010,
            "start": [
                -67589.55172966477,
                0.0,
                59857.67147843245
            ],
            "end": [
                -38422.8850629981,
                0.0,
                61524.3381450991
            ],
            "density": 125,
            "scatter": 10000,
            "composition": []
        },
        "1753746485180": {
            "type": "asteroids",
            "seed": 2010,
            "start": [
                -8422.885062998103,
                0.0,
                70691.00481176576
            ],
            "end": [
                9910.448270335231,
                0.0,
                2357.6714784324286
            ],
            "density": 325,
            "scatter": 20000,
            "composition": [
                "Ast. Std Rand"
            ]
        },
        "1753746544372": {
            "type": "nebulas",
            "seed": 2010,
            "start": [
                26831.744566631533,
                0.0,
                14232.671478432423
            ],
            "end": [
                142239.96951995126,
                0.0,
                33089.98441434314
            ],
            "density": 225,
            "scatter": 15000,
            "composition": []
        },
        "1753746560700": {
            "type": "nebulas",
            "seed": 2010,
            "start": [
                78336.37419626117,
                0.0,
                112612.30110806205
            ],
            "end": [
                124053.96678885375,
                0.0,
                84255.81962658057
            ],
            "density": 125,
            "scatter": 10000,
            "composition": []
        },
        "1753746622652": {
            "type": "nebulas",
            "seed": 2010,
            "start": [
                194179.92953463018,
                0.0,
                78172.1825394042
            ],
            "end": [
                201806.58205998398,
                0.0,
                70433.37335926577
            ],
            "density": 125,
            "scatter": 1000,
            "composition": []
        },
        "1753746639019": {
            "type": "nebulas",
            "seed": 2010,
            "start": [
                201694.42540519935,
                0.0,
                73349.44638366575
            ],
            "end": [
                212461.46426452242,
                0.0,
                73461.60303845037
            ],
            "density": 125,
            "scatter": 1000,
            "composition": []
        },
        "1753746646876": {
            "type": "nebulas",
            "seed": 2010,
            "start": [
                200797.1721669224,
                0.0,
                72003.56652625036
            ],
            "end": [
                204274.02846524553,
                0.0,
                81088.25556380421
            ],
            "density": 125,
            "scatter": 1000,
            "composition": []
        },
        "1753746656091": {
            "type": "nebulas",
            "seed": 2010,
            "start": [
                193397.48806570424,
                0.0,
                69938.01680388901
            ],
            "end": [
                203713.24519132244,
                0.0,
                69984.74674012729
            ],
            "density": 125,
            "scatter": 1000,
            "composition": []
        },
        "1753746662644": {
            "type": "nebulas",
            "seed": 2010,
            "start": [
                203488.93188175317,
                0.0,
                73349.44638366575
            ],
            "end": [
                209769.70454969164,
                0.0,
                66171.42047745039
            ],
            "density": 125,
            "scatter": 1000,
            "composition": []
        },
        "1753746669052": {
            "type": "nebulas",
            "seed": 2010,
            "start": [
                200236.38889299938,
                0.0,
                62470.25086955808
            ],
            "end": [
                204722.65508438394,
                0.0,
                71330.62659754268
            ],
            "density": 125,
            "scatter": 1000,
            "composition": []
        },
        "1753746892728": {
            "type": "nebulas",
            "seed": 2010,
            "start": [
                134716.82137180312,
                0.0,
                33089.98441434314
            ],
            "end": [
                225573.30285328464,
                0.0,
                13414.0584884172
            ],
            "density": 125,
            "scatter": 15000,
            "composition": []
        },
        "1753746922648": {
            "type": "asteroids",
            "seed": 2010,
            "start": [
                232517.74729772905,
                0.0,
                53923.317747676454
            ],
            "end": [
                175804.78433476607,
                0.0,
                1261.2807106394205
            ],
            "density": 125,
            "scatter": 20000,
            "composition": [
                "Ast. Std Rand"
            ]
        },
        "1753746971175": {
            "type": "asteroids",
            "seed": 2010,
            "start": [
                223489.95165872583,
                0.0,
                -61229.84226032538
            ],
            "end": [
                186115.33746119498,
                0.0,
                -98202.5788858398
            ],
            "density": 125,
            "scatter": 10000,
            "composition": [
                "Ast. Std Rand"
            ]
        },
        "1753746997463": {
            "type": "nebulas",
            "seed": 2010,
            "start": [
                151553.86626777932,
                0.0,
                -82127.47600518136
            ],
            "end": [
                253630.76955996038,
                0.0,
                -104632.62003810318
            ],
            "density": 225,
            "scatter": 20000,
            "composition": []
        },
        "1753747023983": {
            "type": "asteroids",
            "seed": 2010,
            "start": [
                110006.15536242953,
                0.0,
                -20251.18999695093
            ],
            "end": [
                124589.48869576286,
                0.0,
                -64695.634441395385
            ],
            "density": 125,
            "scatter": 5000,
            "composition": [
                "Ast. Std Rand"
            ]
        },
        "1753747037551": {
            "type": "asteroids",
            "seed": 2010,
            "start": [
                124589.48869576286,
                0.0,
                -54973.412219173166
            ],
            "end": [
                111395.04425131842,
                0.0,
                -96640.07888583984
            ],
            "density": 125,
            "scatter": 5000,
            "composition": [
                "Ast. Std Rand"
            ]
        },
        "1753747057755": {
            "type": "nebulas",
            "seed": 2010,
            "start": [
                -5966.066859792705,
                0.0,
                -70251.18999695094
            ],
            "end": [
                47506.15536242952,
                0.0,
                -112612.30110806206
            ],
            "density": 125,
            "scatter": 10000,
            "composition": []
        },
        "1753747080727": {
            "type": "asteroids",
            "seed": 2010,
            "start": [
                -74021.62241534826,
                0.0,
                -40390.07888583982
            ],
            "end": [
                -66382.73352645937,
                0.0,
                -96640.07888583984
            ],
            "density": 525,
            "scatter": 7000,
            "composition": [
                "Ast. Std Rand"
            ]
        },
        "1753747106279": {
            "type": "nebulas",
            "seed": 2010,
            "start": [
                -93466.06685979271,
                0.0,
                -59140.07888583982
            ],
            "end": [
                -46243.84463757049,
                0.0,
                -77195.63444139538
            ],
            "density": 525,
            "scatter": 5000,
            "composition": []
        },
        "1753747496503": {
            "type": "asteroids",
            "seed": 2010,
            "start": [
                -244247.28190563945,
                0.0,
                6181.677956332831
            ],
            "end": [
                -228247.28190563948,
                0.0,
                -55818.32204366718
            ],
            "density": 525,
            "scatter": 10000,
            "composition": [
                "Ast. Std Rand"
            ]
        }
    },
    "traffic": {}
}