{
    "systemMapCoord": [
        -42242.3654920407,
        0,
        4106.890274082332
    ],
    "systemalignment": "Unknown",
    "metadata": {
        "skybox": "sky1.png",
        "sysdescription": "",
        "security": "Neutral",
        "exports": [],
        "focus": "",
        "intel": {},
        "development": "Unclaimed",
        "visible": true
    },
    "objects": {
        "Gate X323": {
            "coordinate": [
                115000.00000000001,
                0,
                -77500.0
            ],
            "type": "jump_point",
            "jumppointtype": "Node",
            "destinations": {},
            "state": "Tethered",
            "drift": 0
        }
    },
    "sensor_relay": {},
    "terrain": {},
    "traffic": {}
}