{
    "systemMapCoord": [
        -37617.04326460747,
        0,
        -3934.0359223572173
    ],
    "systemalignment": "Hjorden",
    "metadata": {
        "sysdescription": "",
        "security": "Neutral",
        "exports": [],
        "focus": "",
        "intel": {},
        "development": "Unclaimed",
        "visible": true,
        "skybox": "sky1.png"
    },
    "objects": {
        "Orate Gate": {
            "coordinate": [
                30000.000000000004,
                0,
                18333.333333333336
            ],
            "type": "jump_point",
            "jumppointtype": "Node",
            "destinations": {},
            "state": "Tethered",
            "drift": 0
        }
    },
    "sensor_relay": {},
    "terrain": {},
    "traffic": {}
}