{
    "systemMapCoord": [
        19545.322107905897,
        0,
        -38027.02338206231
    ],
    "systemalignment": "Torgoth",
    "metadata": {
        "sysdescription": "",
        "security": "Neutral",
        "exports": [],
        "focus": "",
        "intel": {
            "pirate": "Low",
            "enemy": "Low",
            "assets": []
        },
        "development": "Unclaimed",
        "visible": true
    },
    "objects": {},
    "sensor_relay": {},
    "terrain": {},
    "traffic": {}
}