{
    "systemMapCoord": [
        -2324.456790381875,
        0,
        18064.379131711972
    ],
    "systemalignment": "USFP",
    "sensor_relay": {
        "SR 94": {
            "coordinate": [
                -146411.52501524158,
                0,
                -140701.95806660567
            ]
        },
        "SR 67": {
            "coordinate": [
                -107712.20326550829,
                0,
                -125259.44025301017
            ]
        },
        "SR 95": {
            "coordinate": [
                -69012.881515775,
                0,
                -109816.92243941467
            ]
        },
        "SR 91": {
            "coordinate": [
                -30313.559766041726,
                0,
                -94374.40462581918
            ]
        },
        "SR 46": {
            "coordinate": [
                8385.76198369157,
                0,
                -78931.88681222369
            ]
        },
        "SR 59": {
            "coordinate": [
                47085.083733424835,
                0,
                -63489.3689986282
            ]
        },
        "SR 88": {
            "coordinate": [
                24367.837648605448,
                0,
                -32176.40817901228
            ]
        },
        "SR 92": {
            "coordinate": [
                -23.898319615866058,
                0,
                2206.4507601738296
            ]
        },
        "SR 57": {
            "coordinate": [
                -24415.63428783718,
                0,
                36589.30969935995
            ]
        },
        "SR 93": {
            "coordinate": [
                -48807.37025605849,
                0,
                70972.16863854605
            ]
        },
        "SR 10": {
            "coordinate": [
                -73199.1062242798,
                0,
                105355.02757773217
            ]
        },
        "SR 37": {
            "coordinate": [
                -176738.39734796525,
                0,
                -151679.1695244627
            ]
        },
        "SR 14": {
            "coordinate": [
                -131738.39734796525,
                0,
                -151679.1695244627
            ]
        },
        "SR 86": {
            "coordinate": [
                -148681.35626432224,
                0,
                -116496.75281340134
            ]
        },
        "SR 18": {
            "coordinate": [
                -186751.8393759994,
                0,
                -107807.41347628064
            ]
        },
        "SR 15": {
            "coordinate": [
                -217281.9964035741,
                0,
                -132154.40126417257
            ]
        },
        "SR 76": {
            "coordinate": [
                -217281.9964035741,
                0,
                -171203.9377847528
            ]
        },
        "SR 22": {
            "coordinate": [
                -186751.8393759994,
                0,
                -195550.92557264474
            ]
        },
        "SR 12": {
            "coordinate": [
                -148681.35626432224,
                0,
                -186861.58623552404
            ]
        },
        "SR 65": {
            "coordinate": [
                95992.22679469598,
                0,
                -62652.12405692724
            ]
        },
        "SR 73": {
            "coordinate": [
                79049.267878339,
                0,
                -27469.7073458659
            ]
        },
        "SR 51": {
            "coordinate": [
                40978.78476666184,
                0,
                -18780.36800874518
            ]
        },
        "SR 84": {
            "coordinate": [
                10448.627739087126,
                0,
                -43127.35579663712
            ]
        },
        "SR 30": {
            "coordinate": [
                40978.784766661825,
                0,
                -106523.8801051093
            ]
        },
        "SR 83": {
            "coordinate": [
                79049.26787833899,
                0,
                -97834.5407679886
            ]
        }
    },
    "objects": {
        "Relyn Station": {
            "coordinate": [
                -69596.99380215476,
                0,
                105195.30332111627
            ],
            "sides": [
                "TSN"
            ],
            "hull": "starbase_command",
            "type": "station",
            "facilities": [
                "Docking",
                "Refuel",
                "Repair"
            ],
            "cargo": {
                "Homing": 12,
                "Nuke": 18,
                "Mine": 20,
                "EMP": 6
            },
            "teams": {
                "Marines": 3,
                "Combat Engineers": 3
            },
            "dockaccesscode": "23511",
            "description": "Relyn Station was built in 2352 and serves as the primary command and control center of the Oberon System."
        },
        "Larosea Station": {
            "coordinate": [
                36804.828125,
                0.0,
                -70432.203125
            ],
            "sides": [
                "TSN"
            ],
            "hull": "starbase_command",
            "type": "station",
            "facilities": [
                "Docking",
                "Refuel",
                "Repair"
            ],
            "cargo": {},
            "teams": {
                "DamCon": 4
            },
            "dockaccesscode": "17338"
        },
        "Azura": {
            "coordinate": [
                43127.4375,
                0.0,
                -59322.4375
            ],
            "sides": [
                "USFP"
            ],
            "hull": "starbase_civil",
            "type": "station",
            "facilities": [],
            "cargo": {},
            "teams": {}
        },
        "Orica": {
            "coordinate": [
                53262.5234375,
                0.0,
                -63930.703125
            ],
            "sides": [
                "USFP"
            ],
            "hull": "starbase_civil",
            "type": "station",
            "facilities": [],
            "cargo": {},
            "teams": {}
        },
        "Tirell": {
            "coordinate": [
                51764.8203125,
                0.0,
                -50293.69140625
            ],
            "sides": [
                "USFP"
            ],
            "hull": "starbase_civil",
            "type": "station",
            "facilities": [],
            "cargo": {},
            "teams": {}
        },
        "Aturin Gate": {
            "coordinate": [
                -182021.48409100657,
                0,
                -152951.0115705018
            ],
            "type": "jumpnode",
            "jumppointtype": "Node",
            "destinations": {
                "Merex Gate": "Waypoint 46",
                "Vermilion Gate": "Corus",
                "Rock Breaker Gate": "Hypherion"
            },
            "state": "Tethered",
            "drift": 0
        },
        "AU 22": {
            "coordinate": [
                -76530.41823309615,
                0,
                100530.78193587107
            ],
            "sides": [
                "USFP"
            ],
            "hull": "usfp_industrial_assembly",
            "type": "station",
            "facilities": [],
            "cargo": {},
            "teams": {},
            "description": ""
        },
        "PU 13": {
            "coordinate": [
                -68637.87539651922,
                0,
                96099.50587634319
            ],
            "sides": [
                "USFP"
            ],
            "hull": "usfp_industrial_processor",
            "type": "station",
            "facilities": [],
            "cargo": {},
            "teams": {},
            "description": ""
        },
        "RU 36": {
            "coordinate": [
                -63270.65182756056,
                0,
                97411.74415759319
            ],
            "sides": [
                "USFP"
            ],
            "hull": "usfp_industrial_refinary",
            "type": "station",
            "facilities": [],
            "cargo": {},
            "teams": {},
            "description": ""
        },
        "SM 02": {
            "coordinate": [
                -75462.11629979708,
                0,
                91473.38763592395
            ],
            "sides": [
                "USFP"
            ],
            "hull": "usfp_industrial_storage",
            "type": "station",
            "facilities": [],
            "cargo": {},
            "teams": {},
            "description": ""
        },
        "SM 01": {
            "coordinate": [
                -55735.00377407692,
                0,
                86003.93280964221
            ],
            "sides": [
                "USFP"
            ],
            "hull": "usfp_industrial_storage",
            "type": "station",
            "facilities": [],
            "cargo": {},
            "teams": {},
            "description": ""
        },
        "I 981": {
            "coordinate": [
                -59427.23789723368,
                0,
                104681.90534622202
            ],
            "sides": [
                "USFP"
            ],
            "hull": "usfp_industrial_unit",
            "type": "station",
            "facilities": [],
            "cargo": {},
            "teams": {},
            "description": ""
        },
        "RS 33 (Xenara)": {
            "coordinate": [
                46873.99609375,
                177.78456115722656,
                -93096.5703125
            ],
            "sides": [
                "USFP"
            ],
            "hull": "starbase_science",
            "type": "station",
            "facilities": [],
            "cargo": {},
            "teams": {}
        },
        "SM 43": {
            "coordinate": [
                56148.125,
                0.0,
                -56322.40234375
            ],
            "sides": [
                "USFP"
            ],
            "hull": "usfp_industrial_storage",
            "type": "station",
            "facilities": [],
            "cargo": {},
            "teams": {}
        },
        "SM 2X": {
            "coordinate": [
                43321.09375,
                0.0,
                -89569.0234375
            ],
            "sides": [
                "USFP"
            ],
            "hull": "usfp_industrial_storage",
            "type": "station",
            "facilities": [],
            "cargo": {},
            "teams": {}
        },
        "Transit Auth": {
            "coordinate": [
                -170877.68275605852,
                0,
                -140794.98528235022
            ],
            "sides": [
                "USFP"
            ],
            "hull": "starbase_command",
            "type": "station",
            "facilities": [
                "Docking",
                "Refuel",
                "Repair"
            ],
            "cargo": {
                "Homing": 50,
                "Nuke": 2,
                "EMP": 6,
                "Mine": 6,
                "High Yield Warhead": 15,
                "Warhead": 60,
                "Torpedo Casing": 60,
                "Casing": 60,
                "Navigational Array": 1,
                "Tactical Array": 10,
                "Guidance System": 60
            },
            "teams": {
                "DamCon": 8,
                "Medics": 2,
                "Combat Engineers": 2
            },
            "description": ""
        }
    },
    "terrain": {
        "2810173012224": {
            "type": "asteroids",
            "seed": 2010,
            "start": [
                -29941.450903063524,
                0,
                -19952.63203017826
            ],
            "end": [
                22804.980424096986,
                0,
                9350.940929355356
            ],
            "density": 94,
            "scatter": 2935,
            "composition": [
                "Ast. Std Rand"
            ]
        },
        "2810173053248": {
            "type": "asteroids",
            "seed": 2010,
            "start": [
                -137946.0483824874,
                0,
                -133259.78080704156
            ],
            "end": [
                -161388.9067501143,
                0,
                -105630.69773090987
            ],
            "density": 150,
            "scatter": 9000,
            "composition": [
                "Ast. Std Rand"
            ]
        },
        "2810173250048": {
            "type": "asteroids",
            "seed": 2010,
            "start": [
                -167807.78463648836,
                0,
                -173447.53800868767
            ],
            "end": [
                -197948.6025377229,
                0,
                -176238.3544810242
            ],
            "density": 173,
            "scatter": 8000,
            "composition": [
                "Ast. Std Rand"
            ]
        },
        "2810173253312": {
            "type": "asteroids",
            "seed": 2010,
            "start": [
                -199064.92912665755,
                0,
                -139120.4953989483
            ],
            "end": [
                -189297.07147347965,
                0,
                -179308.2526005944
            ],
            "density": 300,
            "scatter": 6000,
            "composition": [
                "Ast. Std Rand"
            ]
        },
        "2810173254976": {
            "type": "asteroids",
            "seed": 2010,
            "start": [
                -197111.35759602196,
                0,
                -137166.92386831273
            ],
            "end": [
                -162226.15169181526,
                0,
                -118468.45350365793
            ],
            "density": 300,
            "scatter": 4000,
            "composition": [
                "Ast. Std Rand"
            ]
        },
        "2810169025984": {
            "type": "asteroids",
            "seed": 2010,
            "start": [
                -89385.84176383172,
                0,
                115122.88523091002
            ],
            "end": [
                -85478.69870256056,
                0,
                83865.74074074083
            ],
            "density": 75,
            "scatter": 5160,
            "composition": [
                "Ast. Std Rand"
            ]
        },
        "2810173011776": {
            "type": "nebulas",
            "seed": 2010,
            "start": [
                -32499,
                0,
                -3642
            ],
            "end": [
                -28291,
                0,
                6801
            ],
            "density": 54,
            "scatter": 3990,
            "composition": []
        },
        "2810173000000": {
            "type": "nebulas",
            "seed": 2010,
            "start": [
                40910,
                0,
                -83714
            ],
            "end": [
                61544,
                0,
                -103081
            ],
            "density": 166,
            "scatter": 7105,
            "composition": []
        },
        "2810173246144": {
            "type": "nebulas",
            "seed": 2010,
            "start": [
                45098,
                0,
                -101550
            ],
            "end": [
                29324,
                0,
                -102712
            ],
            "density": 66,
            "scatter": 1270,
            "composition": []
        },
        "2810172999744": {
            "type": "nebulas",
            "seed": 2010,
            "start": [
                47517,
                0,
                -80356
            ],
            "end": [
                66451,
                0,
                -75905
            ],
            "density": 34,
            "scatter": 5008,
            "composition": []
        },
        "2810173041600": {
            "type": "nebulas",
            "seed": 2010,
            "start": [
                -47523.594678783695,
                0,
                -60977.63417352532
            ],
            "end": [
                -102223.59753657978,
                0,
                -88327.63560242337
            ],
            "density": 800,
            "scatter": 22000,
            "composition": []
        },
        "2810173246976": {
            "type": "nebulas",
            "seed": 2010,
            "start": [
                15827.939243255647,
                0,
                -32511.306155692666
            ],
            "end": [
                -21010.838191586612,
                0,
                -59024.062642889745
            ],
            "density": 300,
            "scatter": 12520,
            "composition": []
        },
        "2810173246912": {
            "type": "nebulas",
            "seed": 2010,
            "start": [
                -51430.73774005484,
                0,
                72144.3115569274
            ],
            "end": [
                -81571.55564128942,
                0,
                79958.59767946969
            ],
            "density": 90,
            "scatter": 5875,
            "composition": []
        },
        "2810173247424": {
            "type": "nebulas",
            "seed": 2010,
            "start": [
                -55337.88080132599,
                0,
                116239.21181984464
            ],
            "end": [
                -50314.41115112023,
                0,
                92796.35345221775
            ],
            "density": 129,
            "scatter": 7246,
            "composition": []
        },
        "4611686018427388820": {
            "type": "blackhole",
            "name": "Blackhole",
            "coordinate": [
                478.4486454047058,
                0,
                -157539.88411636942
            ]
        },
        "1753439038099": {
            "type": "nebulas",
            "seed": 2010,
            "start": [
                -81571.55564128942,
                0,
                113448.3953475081
            ],
            "end": [
                -56454.207390260606,
                0,
                136612.17206790135
            ],
            "density": 125,
            "scatter": 10000,
            "composition": []
        },
        "1753439042543": {
            "type": "asteroids",
            "seed": 2010,
            "start": [
                -90502.16835276633,
                0,
                78005.0261488341
            ],
            "end": [
                -114782.27166209418,
                0,
                47864.208247599534
            ],
            "density": 125,
            "scatter": 10000,
            "composition": [
                "Ast. Std Rand"
            ]
        },
        "1753439059088": {
            "type": "asteroids",
            "seed": 2010,
            "start": [
                -197948.6025377229,
                0,
                -26371.50991655229
            ],
            "end": [
                -126503.70084590763,
                0,
                -16603.652263374417
            ],
            "density": 3645,
            "scatter": 40000,
            "composition": [
                "Ast. Std Rand"
            ]
        },
        "1753439074430": {
            "type": "nebulas",
            "seed": 2010,
            "start": [
                -207716.4601909008,
                0,
                -8789.36614083212
            ],
            "end": [
                -193204.21453475082,
                0,
                -33348.551097393625
            ],
            "density": 125,
            "scatter": 10000,
            "composition": []
        }
    },
    "traffic": {},
    "sysdescription": "",
    "metadata": {
        "skybox": "sky1.png",
        "sysdescription": "",
        "security": "Neutral",
        "exports": [],
        "focus": "",
        "intel": {},
        "development": "Unclaimed",
        "visible": true
    }
}