{
    "systemMapCoord": [
        6857.810648940376,
        0,
        -10953.934924939636
    ],
    "systemalignment": "Unknown",
    "metadata": {
        "sysdescription": "",
        "security": "Neutral",
        "exports": [],
        "focus": "",
        "intel": {},
        "development": "Unclaimed",
        "visible": true
    },
    "objects": {},
    "sensor_relay": {},
    "terrain": {
        "1749851666957": {
            "type": "asteroids",
            "seed": 2010,
            "start": [
                -130000.00000000001,
                0,
                17500.0
            ],
            "end": [
                15000.000000000002,
                0,
                134166.6666666667
            ],
            "density": 125,
            "scatter": 10000,
            "composition": [
                "Ast. Std Rand"
            ]
        }
    },
    "traffic": {}
}