{
    "systemMapCoord": [
        -17629.493663626643,
        0,
        -6878.049156361075
    ],
    "systemalignment": "USFP",
    "metadata": {
        "sysdescription": "dfsssss",
        "security": "High",
        "exports": [
            "Agriculture"
        ],
        "focus": "Mining",
        "intel": {
            "pirate": "High",
            "enemy": "High",
            "assets": [
                "Shipyard"
            ]
        },
        "development": "Regional Capital",
        "visible": true
    },
    "objects": {
        "Volantis Command": {
            "coordinate": [
                -51251.5,
                0.0,
                -47446.12109375
            ],
            "sides": [
                "TSN"
            ],
            "hull": "starbase_command",
            "type": "station",
            "facilities": [],
            "cargo": {},
            "teams": {
                "DamCon": 6,
                "Medics": 4,
                "Marines": 2,
                "Combat Engineers": 4
            }
        },
        "Station": {
            "coordinate": [
                -48426.0,
                0.0,
                -45989.67578125
            ],
            "sides": [
                "USFP"
            ],
            "hull": "starbase_industry",
            "type": "station",
            "facilities": [],
            "cargo": {},
            "teams": {
                "DamCon": 6,
                "Medics": 2
            }
        },
        "Waypoint 52": {
            "coordinate": [
                91716.0,
                0.0,
                -92632.0
            ],
            "type": "jumpnode",
            "jumppointtype": "Node",
            "destinations": {},
            "state": "Tethered",
            "drift": 0
        },
        "Promethean": {
            "coordinate": [
                -71151.0,
                0.0,
                49152.0
            ],
            "type": "jumpnode",
            "jumppointtype": "Node",
            "destinations": {},
            "state": "Tethered",
            "drift": 0
        }
    },
    "terrain": {
        "1419715529728": {
            "type": "asteroids",
            "seed": 2010,
            "start": [
                77212,
                0,
                -71722
            ],
            "end": [
                25397,
                0,
                -24338
            ],
            "density": 369,
            "scatter": 7199,
            "composition": [
                "Ast. Std Rand"
            ]
        },
        "2909954858112": {
            "type": "asteroids",
            "seed": 2010,
            "start": [
                -50037,
                0,
                5735
            ],
            "end": [
                -49841,
                0,
                18111
            ],
            "density": 53,
            "scatter": 4070,
            "composition": [
                "Ast. Std Rand"
            ]
        },
        "2909960186048": {
            "type": "asteroids",
            "seed": 2010,
            "start": [
                -49472,
                0,
                17462
            ],
            "end": [
                -49992,
                0,
                29728
            ],
            "density": 53,
            "scatter": 4070,
            "composition": [
                "Ast. Std Rand"
            ]
        },
        "2909954829632": {
            "type": "asteroids",
            "seed": 2010,
            "start": [
                -52467,
                0,
                14719
            ],
            "end": [
                -60159,
                0,
                20134
            ],
            "density": 57,
            "scatter": 4070,
            "composition": [
                "Ast. Std Rand"
            ]
        },
        "2909954833728": {
            "type": "asteroids",
            "seed": 2010,
            "start": [
                -61775,
                0,
                16355
            ],
            "end": [
                -69232,
                0,
                15546
            ],
            "density": 27,
            "scatter": 2289,
            "composition": [
                "Ast. Std Rand"
            ]
        },
        "1419737178688": {
            "type": "nebulas",
            "seed": 2010,
            "start": [
                85613,
                0,
                -79175
            ],
            "end": [
                49294,
                0,
                -71721
            ],
            "density": 109,
            "scatter": 2617,
            "composition": []
        },
        "1419737284288": {
            "type": "nebulas",
            "seed": 2010,
            "start": [
                -44854,
                0,
                -56162
            ],
            "end": [
                -30293,
                0,
                -59229
            ],
            "density": 87,
            "scatter": 3180,
            "composition": []
        },
        "1419737184576": {
            "type": "nebulas",
            "seed": 2010,
            "start": [
                -65898,
                0,
                -50182
            ],
            "end": [
                -51493,
                0,
                -56394
            ],
            "density": 87,
            "scatter": 3180,
            "composition": []
        },
        "1419714906304": {
            "type": "nebulas",
            "seed": 2010,
            "start": [
                -63461,
                0,
                -80781
            ],
            "end": [
                -98525,
                0,
                -70102
            ],
            "density": 236,
            "scatter": 7680,
            "composition": []
        },
        "2038615152640": {
            "type": "nebulas",
            "seed": 2010,
            "start": [
                -48110,
                0,
                -56590
            ],
            "end": [
                -45298,
                0,
                -74375
            ],
            "density": 95,
            "scatter": 3023,
            "composition": []
        },
        "2909960184192": {
            "type": "nebulas",
            "seed": 2010,
            "start": [
                -60336,
                0,
                -80253
            ],
            "end": [
                -51068,
                0,
                -82824
            ],
            "density": 63,
            "scatter": 3169,
            "composition": []
        },
        "2909960185088": {
            "type": "nebulas",
            "seed": 2010,
            "start": [
                -63103,
                0,
                -78515
            ],
            "end": [
                -77127,
                0,
                -76386
            ],
            "density": 39,
            "scatter": 1997,
            "composition": []
        },
        "2909960184384": {
            "type": "nebulas",
            "seed": 2010,
            "start": [
                -52999,
                0,
                16342
            ],
            "end": [
                -50318,
                0,
                20062
            ],
            "density": 7,
            "scatter": 1738,
            "composition": []
        },
        "2909960185152": {
            "type": "nebulas",
            "seed": 2010,
            "start": [
                -74675,
                0,
                14557
            ],
            "end": [
                -76975,
                0,
                18957
            ],
            "density": 5,
            "scatter": 1738,
            "composition": []
        },
        "2909954650752": {
            "type": "nebulas",
            "seed": 2010,
            "start": [
                -68479,
                0,
                14042
            ],
            "end": [
                -74253,
                0,
                15306
            ],
            "density": 9,
            "scatter": 1738,
            "composition": []
        }
    }
}