{
    "systemMapCoord": [
        -22592.926232439357,
        0,
        6984.200542158465
    ],
    "systemalignment": "USFP",
    "metadata": {
        "skybox": "sky1-rainbow.png",
        "sysdescription": "Al Mare system is the priciple and home of the USFP Member race the Al\u2019Marey. The Al'Marey have a few scatered systems in USFP space and live semi nomadicly.\n\nThe system\u2019s most infamous feature is the shattered remains of Hugo, a former super-Earth-class world destroyed in a cataclysmic event approximately 8,244 years ago. The dense debris field left behind poses navigational hazards but also serves as a rich source of salvage and rare minerals it also has several spectacular nebular.",
        "security": "High",
        "exports": [],
        "focus": "Military",
        "intel": {
            "pirate": "Low",
            "enemy": "None",
            "assets": [
                "Armory",
                "Fortification"
            ]
        },
        "development": "Colony",
        "visible": true
    },
    "objects": {
        "Starway Gate": {
            "coordinate": [
                -50835.43114756576,
                0.0,
                82813.30306468181
            ],
            "type": "jumpnode",
            "jumppointtype": "Node",
            "destinations": {
                "Solitude Gate": "Tiridian"
            },
            "state": "Tethered",
            "drift": 0
        },
        "Hydrogen Gate": {
            "coordinate": [
                169668.39532229403,
                0.0,
                -166857.19007184467
            ],
            "type": "jumpnode",
            "jumppointtype": "Node",
            "destinations": {
                "Rose Gate": "Waypoint 60"
            },
            "state": "Tethered",
            "drift": 0
        },
        "Kinton": {
            "coordinate": [
                140987.69066133891,
                0.0,
                50088.03475379449
            ],
            "sides": [
                "USFP"
            ],
            "hull": "starbase_civil",
            "type": "station",
            "facilities": [],
            "cargo": {
                "Repair Materials": 16,
                "Medical Supplies": 10,
                "Iso B Circuit": 25,
                "Container": 25,
                "Life Support": 1,
                "Micro Controller": 8,
                "Power Relay": 16,
                "Aid Package": 16,
                "Pets": 4,
                "Torpedo Casing": 5,
                "Casing": 6,
                "Coffee": 5,
                "Tea": 5,
                "Alcohol": 5
            },
            "teams": {
                "Diplomats": 1
            },
            "description": ""
        },
        "Nyland": {
            "coordinate": [
                159506.20917985745,
                0.0,
                50088.03475379449
            ],
            "sides": [
                "USFP"
            ],
            "hull": "starbase_civil",
            "type": "station",
            "facilities": [],
            "cargo": {
                "Repair Materials": 16,
                "Medical Supplies": 10,
                "Iso B Circuit": 25,
                "Container": 25,
                "Life Support": 1,
                "Micro Controller": 8,
                "Power Relay": 16,
                "Aid Package": 16,
                "Pets": 4,
                "Torpedo Casing": 5,
                "Casing": 6,
                "Coffee": 5,
                "Tea": 5,
                "Alcohol": 5
            },
            "teams": {
                "Diplomats": 1
            },
            "description": ""
        },
        "Syren": {
            "coordinate": [
                97006.20917985744,
                0.0,
                -216115.66894990928
            ],
            "sides": [
                "USFP"
            ],
            "hull": "starbase_civil",
            "type": "station",
            "facilities": [
                "Docking",
                "Refuel"
            ],
            "cargo": {
                "Repair Materials": 16,
                "Medical Supplies": 10,
                "Iso B Circuit": 25,
                "Container": 25,
                "Life Support": 1,
                "Micro Controller": 8,
                "Power Relay": 16,
                "Aid Package": 16,
                "Pets": 4,
                "Torpedo Casing": 5,
                "Casing": 6,
                "Coffee": 5,
                "Tea": 5,
                "Alcohol": 5,
                "Homing": 30
            },
            "teams": {
                "Diplomats": 1
            },
            "description": ""
        },
        "Conrad Mineing": {
            "coordinate": [
                -59822.49452384628,
                0.0,
                -77805.48376472405
            ],
            "sides": [
                "USFP"
            ],
            "hull": "starbase_industry",
            "type": "station",
            "facilities": [
                "Docking",
                "Refuel"
            ],
            "cargo": {
                "Iron": 750,
                "Tharium": 60,
                "Reisium": 60,
                "Alerite": 54,
                "Cabrite": 815,
                "Ashfilum": 258,
                "Denebite": 30,
                "Aegirine": 151,
                "Nuidinium": 159,
                "Gredian": 180,
                "Warhead": 10,
                "Life Support": 1,
                "Micro Controller": 8,
                "Power Relay": 16,
                "Casing": 15,
                "Homing": 35,
                "Torpedo Casing": 10
            },
            "teams": {
                "DamCon": 1,
                "Medics": 0
            },
            "description": ""
        },
        "DS 223": {
            "coordinate": [
                -46512.3093386611,
                0.0,
                -85328.6319128722
            ],
            "sides": [
                "USFP"
            ],
            "hull": "starbase_civil",
            "type": "station",
            "facilities": [],
            "cargo": {
                "Repair Materials": 16,
                "Medical Supplies": 10,
                "Iso B Circuit": 25,
                "Container": 25,
                "Life Support": 1,
                "Micro Controller": 8,
                "Power Relay": 16,
                "Aid Package": 16,
                "Pets": 4,
                "Torpedo Casing": 5,
                "Casing": 6,
                "Coffee": 5,
                "Tea": 5,
                "Alcohol": 5
            },
            "teams": {
                "Diplomats": 1
            },
            "description": ""
        },
        "CC Cargo 022": {
            "coordinate": [
                11936.764735412988,
                0.0,
                11893.590309350038
            ],
            "sides": [
                "USFP"
            ],
            "hull": "starbase_industry",
            "type": "station",
            "facilities": [
                "Docking",
                "Refuel"
            ],
            "cargo": {
                "Repair Materials": 16,
                "Medical Supplies": 30,
                "Iso B Circuit": 25,
                "Container": 25,
                "Life Support": 1,
                "Micro Controller": 8,
                "Power Relay": 16,
                "Aid Package": 16
            },
            "teams": {
                "Diplomats": 1
            },
            "description": ""
        },
        "Direct Shiping 12": {
            "coordinate": [
                21084.837866414346,
                0.0,
                11414.0164067437
            ],
            "sides": [
                "USFP"
            ],
            "hull": "starbase_industry",
            "type": "station",
            "facilities": [
                "Docking",
                "Refuel"
            ],
            "cargo": {
                "Repair Materials": 16,
                "Medical Supplies": 30,
                "Iso B Circuit": 25,
                "Container": 25,
                "Life Support": 1,
                "Micro Controller": 8,
                "Power Relay": 16,
                "Aid Package": 16
            },
            "teams": {
                "Diplomats": 1
            },
            "description": ""
        },
        "AlMare Command": {
            "coordinate": [
                28548.6616926679,
                0.0,
                -2475.7171127438414
            ],
            "sides": [
                "TSN"
            ],
            "hull": "starbase_command",
            "type": "station",
            "facilities": [
                "Refuel",
                "Docking"
            ],
            "cargo": {
                "Homing": 84,
                "Nuke": 10,
                "EMP": 11,
                "Mine": 13,
                "High Yield Warhead": 17,
                "Warhead": 67,
                "Torpedo Casing": 41,
                "Casing": 16,
                "Transmitter": 37,
                "Navigational Array": 0,
                "Tactical Array": 11,
                "Sensor Suite": 7,
                "Guidance System": 54,
                "Receiver": 15
            },
            "teams": {
                "DamCon": 8,
                "Medics": 0,
                "Combat Engineers": 12
            },
            "description": ""
        },
        "AlMare Armory": {
            "coordinate": [
                149609.00821319656,
                0.0,
                91843.07697496218
            ],
            "sides": [
                "TSN"
            ],
            "hull": "starbase_command",
            "type": "station",
            "facilities": [
                "Docking",
                "Refuel",
                "Repair"
            ],
            "cargo": {
                "Homing": 170,
                "Nuke": 24,
                "EMP": 23,
                "Mine": 22,
                "High Yield Warhead": 15,
                "Warhead": 59,
                "Torpedo Casing": 96,
                "Navigational Array": 2,
                "Tactical Array": 12,
                "Guidance System": 58,
                "Medical Supplies": 11,
                "Repair Materials": 6
            },
            "teams": {
                "DamCon": 9,
                "Medics": 2,
                "Combat Engineers": 11
            },
            "description": ""
        },
        "Hawthorne": {
            "coordinate": [
                -141756.07538329216,
                0.0,
                156167.5354126845
            ],
            "sides": [
                "USFP"
            ],
            "hull": "starbase_civil",
            "type": "station",
            "facilities": [],
            "cargo": {
                "Repair Materials": 15,
                "Medical Supplies": 9,
                "Iso B Circuit": 24,
                "Container": 25,
                "Life Support": 2,
                "Micro Controller": 8,
                "Power Relay": 17,
                "Aid Package": 17,
                "Pets": 5,
                "Torpedo Casing": 4,
                "Casing": 7,
                "Coffee": 6,
                "Tea": 4,
                "Alcohol": 4
            },
            "teams": {
                "Diplomats": 0
            },
            "description": ""
        },
        "Caoder": {
            "coordinate": [
                -154256.07538329216,
                0.0,
                144361.97985712893
            ],
            "sides": [
                "USFP"
            ],
            "hull": "starbase_command",
            "type": "station",
            "facilities": [],
            "cargo": {
                "Repair Materials": 16,
                "Medical Supplies": 10,
                "Iso B Circuit": 25,
                "Container": 25,
                "Life Support": 1,
                "Micro Controller": 8,
                "Power Relay": 16,
                "Aid Package": 16,
                "Pets": 4,
                "Torpedo Casing": 5,
                "Casing": 6,
                "Coffee": 5,
                "Tea": 5,
                "Alcohol": 5
            },
            "teams": {
                "Diplomats": 1
            },
            "description": ""
        },
        "Cariten": {
            "coordinate": [
                -161200.51982773666,
                0.0,
                167973.09096824005
            ],
            "sides": [
                "USFP"
            ],
            "hull": "starbase_civil",
            "type": "station",
            "facilities": [
                "Docking",
                "Refuel"
            ],
            "cargo": {
                "Repair Materials": 18,
                "Medical Supplies": 10,
                "Iso B Circuit": 26,
                "Container": 18,
                "Life Support": 3,
                "Micro Controller": 8,
                "Power Relay": 12,
                "Aid Package": 13,
                "Pets": 3,
                "Torpedo Casing": 2,
                "Casing": 7,
                "Coffee": 1,
                "Tea": 3,
                "Alcohol": 5
            },
            "teams": {
                "Diplomats": 0
            },
            "description": ""
        },
        "Hugo Moinitoring": {
            "coordinate": [
                -171577.76329687866,
                0.0,
                67549.80076381232
            ],
            "sides": [
                "USFP"
            ],
            "hull": "starbase_science",
            "type": "station",
            "facilities": [
                "Docking"
            ],
            "cargo": {
                "High Yield Warhead": 10,
                "Life Support": 3,
                "Medical Supplies": 16,
                "Micro Controller": 25,
                "Power Relay": 16,
                "Transmitter": 8,
                "Receiver": 6,
                "Analysis Suite": 8,
                "Sensor Suite": 8,
                "Guidance System": 15,
                "Wild Animals": 15,
                "Casing": 15,
                "EMP": 10,
                "Homing": 35
            },
            "teams": {
                "DamCon": 2,
                "Medics": 2
            },
            "description": ""
        },
        "RS 291": {
            "coordinate": [
                90640.4684391167,
                0.0,
                -202226.78006102034
            ],
            "sides": [
                "USFP"
            ],
            "hull": "starbase_science",
            "type": "station",
            "facilities": [
                "Docking",
                "Refuel"
            ],
            "cargo": {
                "High Yield Warhead": 10,
                "Life Support": 3,
                "Medical Supplies": 16,
                "Micro Controller": 25,
                "Power Relay": 16,
                "Transmitter": 8,
                "Receiver": 6,
                "Analysis Suite": 8,
                "Sensor Suite": 8,
                "Guidance System": 15,
                "Wild Animals": 15,
                "Casing": 15,
                "EMP": 10,
                "Homing": 35
            },
            "teams": {
                "DamCon": 2,
                "Medics": 2
            },
            "description": ""
        },
        "SM 24": {
            "coordinate": [
                17904.164363572483,
                0.0,
                15113.665668871152
            ],
            "sides": [
                "USFP"
            ],
            "hull": "usfp_industrial_storage",
            "type": "station",
            "facilities": [],
            "cargo": {},
            "teams": {}
        },
        "SM 22": {
            "coordinate": [
                14745.708346332416,
                0.0,
                9767.531790804489
            ],
            "sides": [
                "USFP"
            ],
            "hull": "usfp_industrial_storage",
            "type": "station",
            "facilities": [],
            "cargo": {},
            "teams": {},
            "description": ""
        }
    },
    "sensor_relay": {
        "SR 12": {
            "coordinate": [
                -60002.09781423243,
                0.0,
                94479.96973134846
            ]
        },
        "SR 93": {
            "coordinate": [
                -30106.264480899103,
                0.0,
                60938.30306468179
            ]
        },
        "SR 22": {
            "coordinate": [
                -210.4311475657596,
                0.0,
                27396.63639801512
            ]
        },
        "SR 14": {
            "coordinate": [
                29685.40218576757,
                0.0,
                -6145.03026865155
            ]
        },
        "SR 39": {
            "coordinate": [
                59581.23551910091,
                0.0,
                -39686.69693531822
            ]
        },
        "SR 35": {
            "coordinate": [
                89477.06885243425,
                0.0,
                -73228.36360198491
            ]
        },
        "SR 32": {
            "coordinate": [
                119372.90218576757,
                0.0,
                -106770.03026865156
            ]
        },
        "SR 43": {
            "coordinate": [
                149268.7355191009,
                0.0,
                -140311.69693531824
            ]
        },
        "SR 15": {
            "coordinate": [
                181183.38863855734,
                0.0,
                -158241.15725596648
            ]
        },
        "SR 97": {
            "coordinate": [
                160633.91491294914,
                0.0,
                -178755.7028177695
            ]
        },
        "SR 59": {
            "coordinate": [
                212497.9021857676,
                0.0,
                -171353.3636019849
            ]
        },
        "SR 31": {
            "coordinate": [
                195554.94326941064,
                0.0,
                -136170.94689092354
            ]
        },
        "SR 89": {
            "coordinate": [
                157484.46015773347,
                0.0,
                -127481.60755380282
            ]
        },
        "SR 84": {
            "coordinate": [
                126954.30313015873,
                0.0,
                -151828.59534169477
            ]
        },
        "SR 34": {
            "coordinate": [
                126954.30313015873,
                0.0,
                -190878.131862275
            ]
        },
        "SR 79": {
            "coordinate": [
                157484.46015773344,
                0.0,
                -215225.11965016695
            ]
        },
        "SR 13": {
            "coordinate": [
                195554.94326941058,
                0.0,
                -206535.78031304624
            ]
        },
        "SR 25": {
            "coordinate": [
                -11668.764480899088,
                0.0,
                82813.30306468181
            ]
        },
        "SR 72": {
            "coordinate": [
                -28611.72339725608,
                0.0,
                117995.71977574316
            ]
        },
        "SR 99": {
            "coordinate": [
                -66682.20650893323,
                0.0,
                126685.05911286386
            ]
        },
        "SR 62": {
            "coordinate": [
                -97212.36353650795,
                0.0,
                102338.07132497193
            ]
        },
        "SR 86": {
            "coordinate": [
                -97212.36353650795,
                0.0,
                63288.53480439169
            ]
        },
        "SR 63": {
            "coordinate": [
                -66682.20650893325,
                0.0,
                38941.54701649975
            ]
        },
        "SR 81": {
            "coordinate": [
                -28611.723397256093,
                0.0,
                47630.88635362046
            ]
        },
        "SR 95": {
            "coordinate": [
                -148837.69403898495,
                0.0,
                162634.01346481068
            ]
        },
        "SR 30": {
            "coordinate": [
                -116017.6923243073,
                0.0,
                136378.01209306857
            ]
        },
        "SR 90": {
            "coordinate": [
                -83197.69060962963,
                0.0,
                110122.01072132644
            ]
        },
        "Oterage Point": {
            "coordinate": [
                -181657.69575366256,
                0.0,
                188890.0148365528
            ],
            "description": "Tourist Site"
        },
        "NAV HAZ 123": {
            "coordinate": [
                -172818.76123926556,
                0.0,
                40989.22977615801
            ],
            "description": "Caution Radiological Hazard"
        },
        "NAV HAZ 122": {
            "coordinate": [
                -181453.02049852483,
                0.0,
                -6646.44409215475
            ]
        },
        "NAV HAZ 124": {
            "coordinate": [
                -225318.76123926556,
                0.0,
                23489.229776158012
            ],
            "description": "Caution Radiological Hazard"
        },
        "SR 80": {
            "coordinate": [
                -57513.33428453308,
                0.0,
                -85810.5387423606
            ]
        },
        "SR 45": {
            "coordinate": [
                -23624.445395644187,
                0.0,
                -58588.31652013838
            ]
        },
        "SR 16": {
            "coordinate": [
                10264.443493244704,
                0.0,
                -31366.094297916163
            ]
        },
        "SR 10": {
            "coordinate": [
                44153.332382133594,
                0.0,
                -4143.8720756939365
            ]
        },
        "SR 52": {
            "coordinate": [
                78042.22127102248,
                0.0,
                23078.35014652829
            ]
        },
        "SR 47": {
            "coordinate": [
                111931.11015991139,
                0.0,
                50300.57236875051
            ]
        },
        "SR 19": {
            "coordinate": [
                145819.99904880027,
                0.0,
                77522.79459097273
            ]
        }
    },
    "terrain": {
        "1751112269599": {
            "type": "nebulas",
            "seed": 2010,
            "start": [
                237497.9021857676,
                0.0,
                -159686.69693531824
            ],
            "end": [
                103331.23551910091,
                0.0,
                -173853.3636019849
            ],
            "density": 600,
            "scatter": 60000,
            "composition": []
        },
        "1751112276593": {
            "type": "nebulas",
            "seed": 2010,
            "start": [
                144164.56885243425,
                0.0,
                -138853.3636019849
            ],
            "end": [
                193331.2355191009,
                0.0,
                -191353.36360198486
            ],
            "density": 125,
            "scatter": 10000,
            "composition": []
        },
        "1751112285901": {
            "type": "nebulas",
            "seed": 2010,
            "start": [
                167497.9021857676,
                0.0,
                -133020.03026865155
            ],
            "end": [
                170831.2355191009,
                0.0,
                -197186.69693531824
            ],
            "density": 125,
            "scatter": 10000,
            "composition": []
        },
        "1751112295534": {
            "type": "nebulas",
            "seed": 2010,
            "start": [
                205831.2355191009,
                0.0,
                -86353.36360198488
            ],
            "end": [
                89164.56885243425,
                0.0,
                -107186.6969353182
            ],
            "density": 125,
            "scatter": 10000,
            "composition": []
        },
        "1751112301777": {
            "type": "nebulas",
            "seed": 2010,
            "start": [
                70831.23551910091,
                0.0,
                -74686.6969353182
            ],
            "end": [
                126664.56885243425,
                0.0,
                -223853.36360198492
            ],
            "density": 125,
            "scatter": 10000,
            "composition": []
        },
        "1751112313827": {
            "type": "asteroids",
            "seed": 2010,
            "start": [
                161664.56885243425,
                0.0,
                -94686.6969353182
            ],
            "end": [
                196664.56885243428,
                0.0,
                -129686.69693531822
            ],
            "density": 125,
            "scatter": 10000,
            "composition": [
                "Ast. Std Rand"
            ]
        },
        "1751112321419": {
            "type": "asteroids",
            "seed": 2010,
            "start": [
                -83335.43114756576,
                0.0,
                -89686.6969353182
            ],
            "end": [
                -22502.097814232417,
                0.0,
                -158853.3636019849
            ],
            "density": 125,
            "scatter": 10000,
            "composition": [
                "Ast. Std Rand"
            ]
        },
        "1751112325364": {
            "type": "nebulas",
            "seed": 2010,
            "start": [
                -48335.43114756576,
                0.0,
                137813.30306468182
            ],
            "end": [
                21664.568852434248,
                0.0,
                94479.96973134846
            ],
            "density": 125,
            "scatter": 10000,
            "composition": []
        },
        "1751112332432": {
            "type": "asteroids",
            "seed": 2010,
            "start": [
                64797.62250559036,
                0.0,
                -20775.81652013838
            ],
            "end": [
                148709.6595426274,
                0.0,
                36130.04767739249
            ],
            "density": 600,
            "scatter": 15000,
            "composition": [
                "Ast. Std Rand"
            ]
        },
        "1751112995360": {
            "type": "nebulas",
            "seed": 2010,
            "start": [
                -157545.04143267492,
                0.0,
                187684.3821205034
            ],
            "end": [
                -161563.8171528395,
                0.0,
                208582.0158653594
            ],
            "density": 125,
            "scatter": 10000,
            "composition": []
        },
        "1751112998760": {
            "type": "nebulas",
            "seed": 2010,
            "start": [
                -161965.694724856,
                0.0,
                207376.38314931002
            ],
            "end": [
                -181255.81818164611,
                0.0,
                223853.36360198492
            ],
            "density": 125,
            "scatter": 10000,
            "composition": []
        },
        "1751113003728": {
            "type": "nebulas",
            "seed": 2010,
            "start": [
                -176031.4097454321,
                0.0,
                221040.22059786972
            ],
            "end": [
                -205368.47250263375,
                0.0,
                218628.95516577095
            ],
            "density": 125,
            "scatter": 10000,
            "composition": []
        },
        "1751113007160": {
            "type": "nebulas",
            "seed": 2010,
            "start": [
                -201349.69678246917,
                0.0,
                219834.58788182033
            ],
            "end": [
                -215013.5342310288,
                0.0,
                197329.44384889846
            ],
            "density": 125,
            "scatter": 10000,
            "composition": []
        },
        "1751113010600": {
            "type": "nebulas",
            "seed": 2010,
            "start": [
                -209387.24822279834,
                0.0,
                201348.2195690631
            ],
            "end": [
                -210994.75851086422,
                0.0,
                166384.87080363097
            ],
            "density": 125,
            "scatter": 10000,
            "composition": []
        },
        "1751113015251": {
            "type": "nebulas",
            "seed": 2010,
            "start": [
                -204162.83978658437,
                0.0,
                176029.93253202603
            ],
            "end": [
                -185721.12453738454,
                0.0,
                166085.3231689335
            ],
            "density": 125,
            "scatter": 10000,
            "composition": []
        },
        "1751113021284": {
            "type": "asteroids",
            "seed": 2010,
            "start": [
                -177237.04246148147,
                0.0,
                146692.86977482442
            ],
            "end": [
                -143458.5503339158,
                0.0,
                104884.5487061992
            ],
            "density": 125,
            "scatter": 10000,
            "composition": [
                "Ast. Std Rand"
            ]
        },
        "1751113027475": {
            "type": "asteroids",
            "seed": 2010,
            "start": [
                -119768.54966312756,
                0.0,
                221442.09816988616
            ],
            "end": [
                -95655.89534213992,
                0.0,
                186076.87183243758
            ],
            "density": 125,
            "scatter": 10000,
            "composition": [
                "Ast. Std Rand"
            ]
        },
        "1751113032573": {
            "type": "nebulas",
            "seed": 2010,
            "start": [
                -178442.67517753085,
                0.0,
                219834.58788182033
            ],
            "end": [
                -71945.11859316872,
                0.0,
                198535.07656494784
            ],
            "density": 125,
            "scatter": 10000,
            "composition": []
        },
        "1751113047563": {
            "type": "nebulas",
            "seed": 2010,
            "start": [
                -188977.0770884438,
                0.0,
                169341.27571999282
            ],
            "end": [
                -175022.99472676113,
                0.0,
                170038.97983807698
            ],
            "density": 125,
            "scatter": 10000,
            "composition": []
        },
        "1751113053364": {
            "type": "nebulas",
            "seed": 2010,
            "start": [
                -151533.62275126198,
                0.0,
                192132.94357740786
            ],
            "end": [
                -161068.91236507846,
                0.0,
                180737.10964870034
            ],
            "density": 125,
            "scatter": 10000,
            "composition": []
        },
        "1751113250604": {
            "type": "asteroids",
            "seed": 2010,
            "start": [
                -187263.20568371,
                0.0,
                35761.6063193679
            ],
            "end": [
                -202534.55342033552,
                0.0,
                3611.4005580510275
            ],
            "density": 600,
            "scatter": 10000,
            "composition": [
                "Ast. Std Rand"
            ]
        },
        "1751113258333": {
            "type": "asteroids",
            "seed": 2010,
            "start": [
                -213787.12543679646,
                0.0,
                22097.768870808228
            ],
            "end": [
                -171589.98037506803,
                0.0,
                19284.625866693008
            ],
            "density": 600,
            "scatter": 10000,
            "composition": [
                "Ast. Std Rand"
            ]
        },
        "1751113279756": {
            "type": "asteroids",
            "seed": 2010,
            "start": [
                -165963.69436683756,
                0.0,
                54247.974632125115
            ],
            "end": [
                -157524.2653544919,
                0.0,
                -3220.5181662288087
            ],
            "density": 125,
            "scatter": 10000,
            "composition": [
                "Ast. Std Rand"
            ]
        },
        "1751113284504": {
            "type": "asteroids",
            "seed": 2010,
            "start": [
                -164758.06165078818,
                0.0,
                3611.4005580510275
            ],
            "end": [
                -195702.63469605573,
                0.0,
                -20099.37619092017
            ],
            "density": 125,
            "scatter": 10000,
            "composition": [
                "Ast. Std Rand"
            ]
        },
        "1751113288399": {
            "type": "asteroids",
            "seed": 2010,
            "start": [
                -196908.2674121051,
                0.0,
                -13267.457466640335
            ],
            "end": [
                -237497.9021857676,
                0.0,
                17677.115578627156
            ],
            "density": 125,
            "scatter": 10000,
            "composition": [
                "Ast. Std Rand"
            ]
        },
        "1751113292203": {
            "type": "asteroids",
            "seed": 2010,
            "start": [
                -235086.63675366883,
                0.0,
                16471.482862577774
            ],
            "end": [
                -199721.41041622031,
                0.0,
                57061.117636240335
            ],
            "density": 125,
            "scatter": 10000,
            "composition": [
                "Ast. Std Rand"
            ]
        },
        "1751113296880": {
            "type": "asteroids",
            "seed": 2010,
            "start": [
                -202534.55342033552,
                0.0,
                57061.117636240335
            ],
            "end": [
                -163150.55136272236,
                0.0,
                48621.68862389466
            ],
            "density": 125,
            "scatter": 10000,
            "composition": [
                "Ast. Std Rand"
            ]
        },
        "1751113306432": {
            "type": "asteroids",
            "seed": 2010,
            "start": [
                -227852.84045737254,
                0.0,
                52640.46434405926
            ],
            "end": [
                -154711.12235037668,
                0.0,
                -4828.028454294654
            ],
            "density": 125,
            "scatter": 30000,
            "composition": [
                "Ast. Std Rand"
            ]
        },
        "1751113513586": {
            "type": "asteroids",
            "seed": 2010,
            "start": [
                -47085.09354379236,
                0.0,
                39988.07236875052
            ],
            "end": [
                -60105.926877125705,
                0.0,
                -49228.74861890382
            ],
            "density": 400,
            "scatter": 18000,
            "composition": [
                "Ast. Std Rand"
            ]
        },
        "1751113609787": {
            "type": "asteroids",
            "seed": 2010,
            "start": [
                37791.44966608419,
                0.0,
                -35725.66219915073
            ],
            "end": [
                -22972.439222804707,
                0.0,
                -96489.55108803963
            ],
            "density": 600,
            "scatter": 17500,
            "composition": [
                "Ast. Std Rand"
            ]
        },
        "1751113621847": {
            "type": "asteroids",
            "seed": 2010,
            "start": [
                34415.67806114592,
                0.0,
                -37654.674544829744
            ],
            "end": [
                72995.92497472616,
                0.0,
                -15953.285655940854
            ],
            "density": 125,
            "scatter": 14000,
            "composition": [
                "Ast. Std Rand"
            ]
        }
    },
    "traffic": {
        "commercial": "medium",
        "civilian": "heavy",
        "security": "medium"
    }
}