{
    "systemMapCoord": [
        -15853.73690947946,
        0,
        8671.31090781728
    ],
    "systemalignment": "USFP",
    "metadata": {
        "skybox": "sky1.png",
        "sysdescription": "",
        "security": "Neutral",
        "exports": [],
        "focus": "",
        "intel": {},
        "development": "Unclaimed",
        "visible": true
    },
    "objects": {
        "Poseidon Gate": {
            "coordinate": [
                180415.88301477756,
                0.0,
                109843.74575648156
            ],
            "type": "jumpnode",
            "jumppointtype": "Node",
            "destinations": {},
            "state": "Tethered",
            "drift": 0
        },
        "Atlantis Gate": {
            "coordinate": [
                -99213.74661485212,
                0.0,
                -124785.88387314806
            ],
            "type": "jumpnode",
            "jumppointtype": "Node",
            "destinations": {
                "Arietis Gate": "Atlantis"
            },
            "state": "Tethered",
            "drift": 0
        },
        "Waypoint 89 Gate": {
            "coordinate": [
                200971.15636297144,
                0.0,
                -74810.78956587781
            ],
            "type": "jumpnode",
            "jumppointtype": "Node",
            "destinations": {
                "Areski Transit": "Waypoint 89"
            },
            "state": "Tethered",
            "drift": 0
        },
        "Mira Hotels": {
            "coordinate": [
                184664.93428363913,
                0,
                15908.500043175676
            ],
            "sides": [
                "USFP"
            ],
            "hull": "starbase_civil",
            "type": "station",
            "facilities": [
                "Docking"
            ],
            "cargo": {},
            "teams": {},
            "description": ""
        },
        "Kala Distributors": {
            "coordinate": [
                192501.54693796014,
                0,
                2981.43814331284
            ],
            "sides": [
                "USFP"
            ],
            "hull": "starbase_industry",
            "type": "station",
            "facilities": [
                "Docking",
                "Refuel"
            ],
            "cargo": {
                "Life Support": 3,
                "Micro Controller": 25,
                "Medical Supplies": 25,
                "Power Relay": 16,
                "Transmitter": 8,
                "Receiver": 6,
                "Analysis Suite": 8,
                "Sensor Suite": 8,
                "Wild Animals": 15,
                "Pets": 4,
                "Casing": 15,
                "Coolant": 15,
                "Tea": 12,
                "Coffee": 15,
                "Alcohol": 16
            },
            "teams": {
                "DamCon": 2,
                "Medics": 2
            },
            "description": ""
        },
        "Medusa Mining": {
            "coordinate": [
                162909.96171848144,
                0.0,
                -121046.01813240732
            ],
            "sides": [
                "USFP"
            ],
            "hull": "starbase_industry",
            "type": "station",
            "facilities": [
                "Docking",
                "Refuel"
            ],
            "cargo": {
                "Iron": 750,
                "Tharium": 60,
                "Reisium": 60,
                "Alerite": 54,
                "Cabrite": 815,
                "Ashfilum": 258,
                "Denebite": 30,
                "Aegirine": 151,
                "Nuidinium": 159,
                "Gredian": 180,
                "Warhead": 10,
                "Life Support": 1,
                "Micro Controller": 8,
                "Power Relay": 16,
                "Casing": 15,
                "Homing": 35,
                "Torpedo Casing": 10
            },
            "teams": {
                "DamCon": 1,
                "Medics": 0
            },
            "description": ""
        },
        "Ares Weaponry": {
            "coordinate": [
                179692.36912588883,
                0.0,
                -137249.721836111
            ],
            "sides": [
                "USFP"
            ],
            "hull": "starbase_industry",
            "type": "station",
            "facilities": [
                "Docking",
                "Refuel"
            ],
            "cargo": {
                "Life Support": 3,
                "Micro Controller": 25,
                "Medical Supplies": 25,
                "Power Relay": 16,
                "Transmitter": 8,
                "Receiver": 6,
                "Analysis Suite": 8,
                "Sensor Suite": 8,
                "Guidance System": 15,
                "Casing": 15,
                "Coolant": 15,
                "Tea": 12,
                "Coffee": 15,
                "Alcohol": 16,
                "AMC": 2,
                "Computer Core": 2,
                "FCS": 2,
                "Tactical Array": 2,
                "EMP": 10,
                "Mine": 6,
                "Nuke": 5,
                "Homing": 50
            },
            "teams": {
                "DamCon": 2,
                "Medics": 2
            },
            "description": ""
        },
        "Ashima Foundries": {
            "coordinate": [
                156544.22097774065,
                0.0,
                -149402.4996138888
            ],
            "sides": [
                "USFP"
            ],
            "hull": "starbase_industry",
            "type": "station",
            "facilities": [
                "Docking"
            ],
            "cargo": {
                "Iron": 150,
                "Tharium": 60,
                "Reisium": 60,
                "Alerite": 54,
                "Cabrite": 156,
                "Ashfilum": 258,
                "Denebite": 30,
                "Aegirine": 151,
                "Nuidinium": 159,
                "Gredian": 180,
                "Warhead": 40,
                "Life Support": 1,
                "Micro Controller": 8,
                "Power Relay": 16,
                "Casing": 15,
                "Homing": 35,
                "Torpedo Casing": 40
            },
            "teams": {
                "DamCon": 1,
                "Medics": 2
            },
            "description": ""
        },
        "Draeka Processors": {
            "coordinate": [
                179692.36912588883,
                0.0,
                -159819.16628055545
            ],
            "sides": [
                "USFP"
            ],
            "hull": "starbase_industry",
            "type": "station",
            "facilities": [
                "Docking"
            ],
            "cargo": {
                "Life Support": 3,
                "Micro Controller": 25,
                "Computer Core": 7,
                "Iso B Circuit": 36,
                "Transmitter": 4,
                "Receiver": 6,
                "Analysis Suite": 8,
                "Sensor Suite": 9,
                "Guidance System": 45,
                "Casing": 12,
                "EMP": 3,
                "Homing": 35,
                "Coolant": 13,
                "Tea": 7,
                "Coffee": 7,
                "Alcohol": 3
            },
            "teams": {
                "DamCon": 2,
                "Medics": 2
            },
            "description": ""
        },
        "Aram": {
            "coordinate": [
                15930.082711414743,
                0,
                14511.650643162908
            ],
            "sides": [
                "USFP"
            ],
            "hull": "starbase_civil",
            "type": "station",
            "facilities": [
                "Docking",
                "Refuel"
            ],
            "cargo": {
                "Repair Materials": 16,
                "Medical Supplies": 10,
                "Iso B Circuit": 25,
                "Container": 25,
                "Life Support": 1,
                "Micro Controller": 8,
                "Power Relay": 16,
                "Aid Package": 16,
                "Pets": 4,
                "Torpedo Casing": 5,
                "Casing": 6,
                "Coffee": 5,
                "Tea": 5,
                "Alcohol": 5,
                "EMP": 7,
                "Homing": 25
            },
            "teams": {
                "Diplomats": 1
            },
            "description": ""
        },
        "Arietis Command": {
            "coordinate": [
                28111.50778615404,
                0.0,
                91175.52536324885
            ],
            "sides": [
                "TSN"
            ],
            "hull": "starbase_command",
            "type": "station",
            "facilities": [
                "Docking",
                "Refuel",
                "Repair"
            ],
            "cargo": {
                "Homing": 76,
                "Nuke": 12,
                "EMP": 11,
                "Mine": 13,
                "High Yield Warhead": 16,
                "Warhead": 57,
                "Torpedo Casing": 39,
                "Casing": 16,
                "Transmitter": 38,
                "Navigational Array": 2,
                "Tactical Array": 9,
                "Sensor Suite": 6,
                "Guidance System": 60,
                "Receiver": 15
            },
            "teams": {
                "DamCon": 7,
                "Medics": 3,
                "Combat Engineers": 10
            },
            "description": ""
        },
        "Fortir": {
            "coordinate": [
                -102948.44406792054,
                0.0,
                145198.23281035668
            ],
            "sides": [
                "USFP"
            ],
            "hull": "starbase_civil",
            "type": "station",
            "facilities": [],
            "cargo": {},
            "teams": {},
            "description": ""
        },
        "Callee": {
            "coordinate": [
                -106420.66629014276,
                0.0,
                129573.2328103567
            ],
            "sides": [
                "USFP"
            ],
            "hull": "starbase_civil",
            "type": "station",
            "facilities": [],
            "cargo": {},
            "teams": {},
            "description": ""
        },
        "Aliar": {
            "coordinate": [
                -89638.25888273533,
                0.0,
                134781.56614369003
            ],
            "sides": [
                "USFP"
            ],
            "hull": "starbase_civil",
            "type": "station",
            "facilities": [],
            "cargo": {},
            "teams": {},
            "description": ""
        },
        "Tallith Markets": {
            "coordinate": [
                -57946.19355351723,
                0,
                3882.0033864883508
            ],
            "sides": [
                "USFP"
            ],
            "hull": "starbase_civil",
            "type": "station",
            "facilities": [
                "Docking",
                "Refuel"
            ],
            "cargo": {
                "High Yield Warhead": 3,
                "Warhead": 13,
                "Life Support": 3,
                "Micro Controller": 25,
                "Medical Supplies": 25,
                "Power Relay": 16,
                "Transmitter": 8,
                "Receiver": 6,
                "Analysis Suite": 8,
                "Sensor Suite": 8,
                "Guidance System": 15,
                "Wild Animals": 15,
                "Pets": 4,
                "Casing": 15,
                "EMP": 10,
                "Homing": 35,
                "Coolant": 15,
                "Tea": 12,
                "Coffee": 15,
                "Alcohol": 16
            },
            "teams": {
                "DamCon": 2,
                "Medics": 2
            },
            "description": ""
        },
        "Rannar Lodging": {
            "coordinate": [
                -62934.83381414822,
                0,
                -8487.788280178313
            ],
            "sides": [
                "USFP"
            ],
            "hull": "starbase_civil",
            "type": "station",
            "facilities": [
                "Docking"
            ],
            "cargo": {},
            "teams": {},
            "description": ""
        },
        "WP 77": {
            "coordinate": [
                17563.399536578025,
                0.0,
                68298.76551204875
            ],
            "sides": [
                "USFP"
            ],
            "hull": "defense_platform_beam",
            "type": "platform",
            "cargo": {},
            "teams": {}
        },
        "WP 35": {
            "coordinate": [
                5127.469654059904,
                0.0,
                79604.15631433795
            ],
            "sides": [
                "USFP"
            ],
            "hull": "defense_platform_beam",
            "type": "platform",
            "cargo": {},
            "teams": {}
        },
        "WP 9": {
            "coordinate": [
                766.818916034064,
                0.0,
                96885.25368355145
            ],
            "sides": [
                "USFP"
            ],
            "hull": "defense_platform_torp",
            "type": "platform",
            "cargo": {},
            "teams": {}
        },
        "WP 86": {
            "coordinate": [
                6258.0087342888055,
                0.0,
                112066.77847519696
            ],
            "sides": [
                "USFP"
            ],
            "hull": "defense_platform_fighter",
            "type": "platform",
            "cargo": {},
            "teams": {}
        },
        "WP 30": {
            "coordinate": [
                16917.377205018656,
                0.0,
                124502.70835771509
            ],
            "sides": [
                "USFP"
            ],
            "hull": "defense_platform_beam",
            "type": "platform",
            "cargo": {},
            "teams": {}
        },
        "WP 31": {
            "coordinate": [
                35006.002488681355,
                0.0,
                124825.71952349477
            ],
            "sides": [
                "USFP"
            ],
            "hull": "defense_platform_fighter",
            "type": "platform",
            "cargo": {},
            "teams": {}
        },
        "WP 64": {
            "coordinate": [
                48410.96586853857,
                0.0,
                118850.01295657048
            ],
            "sides": [
                "USFP"
            ],
            "hull": "defense_platform_beam",
            "type": "platform",
            "cargo": {},
            "teams": {}
        },
        "WP 6": {
            "coordinate": [
                57293.77292748009,
                0.0,
                104314.51049648436
            ],
            "sides": [
                "USFP"
            ],
            "hull": "defense_platform_torp",
            "type": "platform",
            "cargo": {},
            "teams": {}
        },
        "WP 5": {
            "coordinate": [
                58747.323173488694,
                0.0,
                87356.42429305054
            ],
            "sides": [
                "USFP"
            ],
            "hull": "defense_platform_beam",
            "type": "platform",
            "cargo": {},
            "teams": {}
        },
        "WP 66": {
            "coordinate": [
                47409.63125462154,
                0.0,
                74629.7843613307
            ],
            "sides": [
                "USFP"
            ],
            "hull": "defense_platform_torp",
            "type": "platform",
            "cargo": {},
            "teams": {}
        },
        "WP 1": {
            "coordinate": [
                34359.98015712199,
                0.0,
                67006.72084892998
            ],
            "sides": [
                "USFP"
            ],
            "hull": "defense_platform_fighter",
            "type": "platform",
            "cargo": {},
            "teams": {}
        },
        "Daggerhold": {
            "coordinate": [
                -221533.4910886868,
                0.0,
                137414.98225444695
            ],
            "sides": [
                "Pirate"
            ],
            "hull": "pirate_military_base",
            "type": "station",
            "facilities": [],
            "cargo": {},
            "teams": {},
            "description": "",
            "hideonmap": true
        },
        "Skorn's Peak": {
            "coordinate": [
                -221533.4910886868,
                0.0,
                118248.31558778026
            ],
            "sides": [
                "Kralien"
            ],
            "hull": "starbase_kralien",
            "type": "station",
            "facilities": [],
            "cargo": {},
            "teams": {},
            "description": "",
            "hideonmap": true
        },
        "RS 48X": {
            "coordinate": [
                143137.58517527155,
                0.0,
                145447.03742314826
            ],
            "sides": [
                "USFP"
            ],
            "hull": "starbase_science",
            "type": "station",
            "facilities": [
                "Docking"
            ],
            "cargo": {
                "Life Support": 3,
                "Medical Supplies": 16,
                "Micro Controller": 25,
                "Power Relay": 16,
                "Transmitter": 8,
                "Receiver": 6,
                "Analysis Suite": 8,
                "Sensor Suite": 8,
                "Guidance System": 15,
                "Casing": 15,
                "EMP": 10,
                "Homing": 35
            },
            "teams": {
                "DamCon": 2,
                "Medics": 2
            },
            "description": ""
        },
        "RS 82X": {
            "coordinate": [
                149567.62632753496,
                0.0,
                130175.68968652276
            ],
            "sides": [
                "USFP"
            ],
            "hull": "starbase_science",
            "type": "station",
            "facilities": [
                "Refuel",
                "Docking"
            ],
            "cargo": {},
            "teams": {},
            "description": ""
        },
        "Pr 811L": {
            "coordinate": [
                131081.25801477773,
                0.0,
                137007.60841080258
            ],
            "sides": [
                "USFP"
            ],
            "hull": "starbase_science",
            "type": "station",
            "facilities": [],
            "cargo": {},
            "teams": {},
            "description": ""
        },
        "M 142": {
            "coordinate": [
                58888.57825902229,
                0,
                -123247.76254275578
            ],
            "sides": [
                "USFP"
            ],
            "hull": "usfp_industrial_assembly",
            "type": "station",
            "facilities": [],
            "cargo": {},
            "teams": {},
            "description": ""
        },
        "M 080": {
            "coordinate": [
                61444.84111948738,
                0.0,
                -115538.08060382931
            ],
            "sides": [
                "USFP"
            ],
            "hull": "usfp_industrial_storage",
            "type": "station",
            "facilities": [],
            "cargo": {},
            "teams": {},
            "description": ""
        },
        "DS 16": {
            "coordinate": [
                13950.991126516223,
                0.0,
                102025.31598397721
            ],
            "sides": [
                "TSN"
            ],
            "hull": "starbase_command",
            "type": "station",
            "facilities": [
                "Docking",
                "Refuel"
            ],
            "cargo": {
                "Homing": 142,
                "Nuke": 24,
                "EMP": 26,
                "Mine": 20,
                "High Yield Warhead": 15,
                "Warhead": 60,
                "Torpedo Casing": 91,
                "Navigational Array": 0,
                "Tactical Array": 10,
                "Guidance System": 62,
                "Medical Supplies": 13,
                "Repair Materials": 5
            },
            "teams": {
                "DamCon": 9,
                "Medics": 2,
                "Combat Engineers": 9
            },
            "description": ""
        },
        "DS 31": {
            "coordinate": [
                39748.617268146845,
                0.0,
                108342.02605803091
            ],
            "sides": [
                "USFP"
            ],
            "hull": "starbase_command",
            "type": "station",
            "facilities": [
                "Docking",
                "Refuel"
            ],
            "cargo": {
                "Warhead": 60,
                "Tharium": 58,
                "Repair Materials": 55,
                "Alerite": 54,
                "Cabrite": 35,
                "Ashfilum": 58,
                "Denebite": 30,
                "Aegirine": 151,
                "Nuidinium": 159,
                "Gredian": 10,
                "Life Support": 1,
                "Micro Controller": 8,
                "Power Relay": 16,
                "Casing": 15,
                "Homing": 35,
                "Torpedo Casing": 10
            },
            "teams": {
                "DamCon": 1,
                "Medics": 0
            },
            "description": ""
        },
        "DS 52": {
            "coordinate": [
                22761.177002859178,
                0.0,
                79306.88283513345
            ],
            "sides": [
                "TSN"
            ],
            "hull": "starbase_command",
            "type": "station",
            "facilities": [
                "Docking",
                "Refuel"
            ],
            "cargo": {
                "Homing": 38,
                "EMP": 13,
                "Mine": 13,
                "High Yield Warhead": 15,
                "Warhead": 66,
                "Torpedo Casing": 44,
                "Casing": 51,
                "Transmitter": 61,
                "Navigational Array": 7,
                "Tharium Plating": 84,
                "Tactical Array": 1,
                "Sensor Suite": 7,
                "Guidance System": 56,
                "Receiver": 25,
                "Power Relay": 61,
                "Iso B Circuit": 52,
                "Micro Controller": 47,
                "Black Box": 12,
                "Repair Materials": 82
            },
            "teams": {
                "DamCon": 8,
                "Medics": 2,
                "Combat Engineers": 11
            },
            "description": ""
        },
        "DS 22": {
            "coordinate": [
                40688.93376625595,
                0.0,
                83687.40458037237
            ],
            "sides": [
                "TSN"
            ],
            "hull": "starbase_command",
            "type": "station",
            "facilities": [
                "Docking",
                "Refuel"
            ],
            "cargo": {
                "Homing": 64,
                "Nuke": 12,
                "EMP": 10,
                "Mine": 13,
                "High Yield Warhead": 15,
                "Warhead": 59,
                "Torpedo Casing": 40,
                "Casing": 18,
                "Transmitter": 37,
                "Navigational Array": 0,
                "Tactical Array": 8,
                "Sensor Suite": 6,
                "Guidance System": 60,
                "Receiver": 15
            },
            "teams": {
                "DamCon": 10,
                "Medics": 2,
                "Combat Engineers": 8
            },
            "description": ""
        },
        "DS 37": {
            "coordinate": [
                -35182.19382763927,
                0.0,
                -90896.02756910647
            ],
            "sides": [
                "USFP"
            ],
            "hull": "starbase_industry",
            "type": "station",
            "facilities": [
                "Refuel",
                "Docking"
            ],
            "cargo": {
                "Iron": 750,
                "Tharium": 60,
                "Reisium": 60,
                "Alerite": 54,
                "Cabrite": 815,
                "Ashfilum": 258,
                "Denebite": 30,
                "Aegirine": 151,
                "Nuidinium": 159,
                "Gredian": 180,
                "Life Support": 1,
                "Micro Controller": 8,
                "Power Relay": 16,
                "Casing": 15,
                "Homing": 35,
                "Torpedo Casing": 10
            },
            "teams": {
                "DamCon": 1,
                "Medics": 0
            },
            "description": ""
        },
        "M 552": {
            "coordinate": [
                -43291.39615029169,
                0.0,
                -103992.59257862702
            ],
            "sides": [
                "USFP"
            ],
            "hull": "usfp_industrial_unit",
            "type": "station",
            "facilities": [],
            "cargo": {},
            "teams": {},
            "description": ""
        },
        "DW Econ": {
            "coordinate": [
                59607.199710777844,
                0,
                -118701.32867112731
            ],
            "sides": [
                "USFP"
            ],
            "hull": "starbase_industry",
            "type": "station",
            "facilities": [
                "Docking",
                "Refuel"
            ],
            "cargo": {
                "High Yield Warhead": 3,
                "Warhead": 7,
                "Life Support": 3,
                "Micro Controller": 25,
                "Medical Supplies": 25,
                "Power Relay": 16,
                "Transmitter": 8,
                "Receiver": 6,
                "Analysis Suite": 8,
                "Sensor Suite": 8,
                "Guidance System": 15,
                "Wild Animals": 15,
                "Pets": 4,
                "Casing": 15,
                "EMP": 10,
                "Homing": 35,
                "Coolant": 15,
                "Tea": 12,
                "Coffee": 15,
                "Alcohol": 16
            },
            "teams": {
                "DamCon": 1,
                "Medics": 1
            },
            "description": "Direct Wearhouseing Econ Station, Storage and Logistincs at comptetitive rates!"
        }
    },
    "sensor_relay": {
        "SR 85": {
            "coordinate": [
                186365.99794238695,
                0,
                112960.90534979424
            ]
        },
        "SR 34": {
            "coordinate": [
                148428.75514403303,
                0,
                91339.89197530864
            ]
        },
        "SR 75": {
            "coordinate": [
                110491.51234567912,
                0,
                69718.87860082302
            ]
        },
        "SR 56": {
            "coordinate": [
                72554.26954732522,
                0,
                48097.86522633743
            ]
        },
        "SR 91": {
            "coordinate": [
                34617.026748971286,
                0,
                26476.851851851825
            ]
        },
        "SR 32": {
            "coordinate": [
                -4123.971193415539,
                0,
                8472.736625514377
            ]
        },
        "SR 95": {
            "coordinate": [
                -26227.237654320896,
                0,
                -25284.979423868346
            ]
        },
        "SR 27": {
            "coordinate": [
                -51947.402263374395,
                0,
                -59846.45061728399
            ]
        },
        "SR 42": {
            "coordinate": [
                -77667.5668724279,
                0,
                -94407.92181069964
            ]
        },
        "SR 73": {
            "coordinate": [
                -91499.1260743122,
                0,
                -140185.05848257677
            ]
        },
        "SR 99": {
            "coordinate": [
                140150.07716049394,
                0,
                138681.06995884774
            ]
        },
        "SR 96": {
            "coordinate": [
                150933.7920096023,
                0,
                102043.23131001371
            ]
        },
        "SR 92": {
            "coordinate": [
                161717.50685871067,
                0,
                65405.39266117969
            ]
        },
        "SR 41": {
            "coordinate": [
                172501.22170781903,
                0,
                28767.55401234566
            ]
        },
        "SR 98": {
            "coordinate": [
                183284.9365569274,
                0,
                -7870.284636488359
            ]
        },
        "SR 45": {
            "coordinate": [
                194068.6514060358,
                0,
                -44508.12328532239
            ]
        },
        "SR 62": {
            "coordinate": [
                204852.36625514415,
                0,
                -81145.96193415642
            ]
        },
        "SR 90": {
            "coordinate": [
                175515.3034979425,
                0,
                -147053.88374485602
            ]
        },
        "SR 77": {
            "coordinate": [
                181543.46707818942,
                0,
                -110081.14711934162
            ]
        },
        "SR 80": {
            "coordinate": [
                187571.63065843633,
                0,
                -73108.4104938272
            ]
        },
        "SR 19": {
            "coordinate": [
                27624.35699588488,
                0,
                97689.55761316871
            ]
        },
        "SR 68": {
            "coordinate": [
                72624.35699588488,
                0,
                97689.55761316871
            ]
        },
        "SR 43": {
            "coordinate": [
                55681.39807952789,
                0,
                132871.97432423005
            ]
        },
        "SR 67": {
            "coordinate": [
                17610.91496785073,
                0,
                141561.31366135078
            ]
        },
        "SR 10": {
            "coordinate": [
                -12919.24205972398,
                0,
                117214.32587345883
            ]
        },
        "SR 26": {
            "coordinate": [
                -12919.24205972398,
                0,
                78164.78935287861
            ]
        },
        "SR 15": {
            "coordinate": [
                17610.914967850724,
                0,
                53817.80156498665
            ]
        },
        "SR 35": {
            "coordinate": [
                55681.39807952788,
                0,
                62507.14090210736
            ]
        },
        "Tri State Point": {
            "coordinate": [
                -111425.28292181062,
                0,
                139886.70267489713
            ]
        },
        "SR 58": {
            "coordinate": [
                -85048.65626031971,
                0,
                150017.05637875956
            ]
        },
        "SR 84": {
            "coordinate": [
                -99390.35202093802,
                0,
                117651.33756763447
            ]
        },
        "SR 16": {
            "coordinate": [
                -116314.0178431129,
                0,
                -111307.31915842257
            ]
        },
        "SR 94": {
            "coordinate": [
                -69127.54182238871,
                0,
                -115964.04193100208
            ]
        },
        "SR 71": {
            "coordinate": [
                -29567.71832701833,
                0,
                -109517.2558799047
            ]
        },
        "SR 36": {
            "coordinate": [
                9992.105168352049,
                0,
                -103070.4698288073
            ]
        },
        "SR 97": {
            "coordinate": [
                49551.92866372243,
                0,
                -96623.6837777099
            ]
        },
        "SR 79": {
            "coordinate": [
                89111.75215909282,
                0,
                -90176.8977266125
            ]
        },
        "SR 14": {
            "coordinate": [
                128671.57565446319,
                0,
                -83730.1116755151
            ]
        },
        "SR 39": {
            "coordinate": [
                168231.39914983354,
                0,
                -77283.32562441772
            ]
        },
        "SR 23": {
            "coordinate": [
                207791.22264520393,
                0,
                -70836.53957332032
            ]
        },
        "SR 65": {
            "coordinate": [
                -117457.72860087971,
                0,
                -133720.43946362156
            ]
        },
        "SR 54": {
            "coordinate": [
                -34486.46606246662,
                0,
                -83276.3406715508
            ]
        }
    },
    "terrain": {
        "1754163130156": {
            "type": "asteroids",
            "seed": 2010,
            "start": [
                -117994.74036421684,
                0.0,
                77489.89947702334
            ],
            "end": [
                -30031.777401253876,
                0.0,
                154457.49206961595
            ],
            "density": 125,
            "scatter": 15000,
            "composition": [
                "Ast. Std Rand"
            ]
        },
        "1754163162105": {
            "type": "nebulas",
            "seed": 2010,
            "start": [
                -32346.59221606866,
                0.0,
                168925.08466220854
            ],
            "end": [
                -112786.4070308835,
                0.0,
                60128.78836591223
            ],
            "density": 55,
            "scatter": 20000,
            "composition": []
        },
        "1754163196521": {
            "type": "asteroids",
            "seed": 2010,
            "start": [
                -56441.99698476017,
                0,
                -4398.671389968268
            ],
            "end": [
                -69503.01807529516,
                0,
                3638.8800503609514
            ],
            "density": 125,
            "scatter": 5000,
            "composition": [
                "Ast. Std Rand"
            ]
        },
        "1754163244089": {
            "type": "nebulas",
            "seed": 2010,
            "start": [
                -1853.626785857547,
                0,
                39472.96355516206
            ],
            "end": [
                -60795.67068160516,
                0,
                -23487.856060750168
            ],
            "density": 125,
            "scatter": 5000,
            "composition": []
        },
        "1754163276765": {
            "type": "asteroids",
            "seed": 2010,
            "start": [
                -81828.25945429457,
                0.0,
                -117294.97992398261
            ],
            "end": [
                -10941.52105694657,
                0.0,
                -99433.75450102882
            ],
            "density": 325,
            "scatter": 10000,
            "composition": [
                "Ast. Std Rand"
            ]
        },
        "1754163301917": {
            "type": "nebulas",
            "seed": 2010,
            "start": [
                -64804.27897304171,
                0.0,
                -78502.6309585048
            ],
            "end": [
                -63687.952384107084,
                0.0,
                -91061.30508401922
            ],
            "density": 125,
            "scatter": 5000,
            "composition": []
        },
        "1754163356664": {
            "type": "asteroids",
            "seed": 2010,
            "start": [
                77527.3611161216,
                0.0,
                -122318.4495741884
            ],
            "end": [
                -17081.317296086956,
                0.0,
                -99154.67285379516
            ],
            "density": 325,
            "scatter": 10000,
            "composition": [
                "Ast. Std Rand"
            ]
        },
        "1754163426480": {
            "type": "asteroids",
            "seed": 2010,
            "start": [
                190276.34659851764,
                0.0,
                -166413.34983710566
            ],
            "end": [
                221533.4910886868,
                0.0,
                -152180.1858281893
            ],
            "density": 525,
            "scatter": 7000,
            "composition": [
                "Ast. Std Rand"
            ]
        },
        "1754163477478": {
            "type": "nebulas",
            "seed": 2010,
            "start": [
                182741.142123209,
                0.0,
                -90224.06014231827
            ],
            "end": [
                204230.42896020034,
                0.0,
                -111992.42862654322
            ],
            "density": 125,
            "scatter": 7000,
            "composition": []
        },
        "1754163496120": {
            "type": "nebulas",
            "seed": 2010,
            "start": [
                219021.75626358396,
                0.0,
                -145761.3079418153
            ],
            "end": [
                194183.48965978881,
                0.0,
                -168925.08466220854
            ],
            "density": 125,
            "scatter": 5000,
            "composition": []
        },
        "1754163618832": {
            "type": "nebulas",
            "seed": 2010,
            "start": [
                161921.6512395784,
                0.0,
                -24869.08176564692
            ],
            "end": [
                197085.9387910188,
                0.0,
                17662.96127276187
            ],
            "density": 125,
            "scatter": 3000,
            "composition": []
        },
        "1754163640048": {
            "type": "asteroids",
            "seed": 2010,
            "start": [
                168284.71279650572,
                0.0,
                145259.09038798822
            ],
            "end": [
                196416.142837658,
                0.0,
                157315.41754848207
            ],
            "density": 525,
            "scatter": 4000,
            "composition": [
                "Ast. Std Rand"
            ]
        },
        "1754163669748": {
            "type": "nebulas",
            "seed": 2010,
            "start": [
                16733.123028368253,
                0.0,
                118972.3677085187
            ],
            "end": [
                53944.009326188716,
                0.0,
                88505.9545521782
            ],
            "density": 225,
            "scatter": 4000,
            "composition": []
        }
    },
    "traffic": {}
}