{
    "systemMapCoord": [
        -27414.240285603613,
        0,
        19338.794370163596
    ],
    "systemalignment": "USFP",
    "metadata": {
        "skybox": "sky1.png",
        "sysdescription": "Black Spire is an unusual Sytem that has 3 Black holes. Other then that the system bearly quilifes as an outpost, some mineing. The Ashes explorioty Gate has recently come online provideing a basis for the primary exploration of Vesper Point.",
        "security": "Neutral",
        "exports": [
            "Mining",
            "Research"
        ],
        "focus": "Research",
        "intel": {
            "pirate": "Low",
            "enemy": "Low",
            "assets": []
        },
        "development": "Outpost",
        "visible": true
    },
    "objects": {
        "Newton Gate": {
            "coordinate": [
                50000.00000000001,
                0,
                118333.33333333334
            ],
            "type": "jumpnode",
            "jumppointtype": "Node",
            "destinations": {
                "Zephhyr Gate": "Brightfall"
            },
            "state": "Tethered",
            "drift": 0
        },
        "Ashes": {
            "coordinate": [
                -72500.0,
                0,
                -179166.6666666667
            ],
            "type": "jumpnode",
            "jumppointtype": "Node",
            "destinations": {
                "Temple Point Gate": "Vesper Point"
            },
            "state": "Tethered",
            "drift": 0
        },
        "DS 15": {
            "coordinate": [
                -77419.57983253319,
                0,
                32855.804541037935
            ],
            "sides": [
                "USFP"
            ],
            "hull": "starbase_civil",
            "type": "station",
            "facilities": [
                "Docking",
                "Refuel"
            ],
            "cargo": {
                "High Yield Warhead": 3,
                "Warhead": 13,
                "Life Support": 3,
                "Micro Controller": 25,
                "Medical Supplies": 25,
                "Power Relay": 16,
                "Transmitter": 8,
                "Receiver": 6,
                "Analysis Suite": 8,
                "Sensor Suite": 8,
                "Guidance System": 15,
                "Wild Animals": 15,
                "Pets": 4,
                "Casing": 15,
                "EMP": 10,
                "Homing": 35,
                "Coolant": 15,
                "Tea": 12,
                "Coffee": 15,
                "Alcohol": 16
            },
            "teams": {
                "DamCon": 1,
                "Medics": 2
            },
            "description": ""
        },
        "DS 16": {
            "coordinate": [
                169811.40518626483,
                0,
                73434.5314808729
            ],
            "sides": [
                "USFP"
            ],
            "hull": "starbase_civil",
            "type": "station",
            "facilities": [
                "Docking",
                "Refuel"
            ],
            "cargo": {
                "Repair Materials": 16,
                "Medical Supplies": 10,
                "Iso B Circuit": 22,
                "Container": 22,
                "Life Support": 0,
                "Micro Controller": 7,
                "Power Relay": 16,
                "Aid Package": 15,
                "Pets": 5,
                "Torpedo Casing": 7,
                "Casing": 6,
                "Coffee": 3,
                "Tea": 5,
                "Alcohol": 5
            },
            "teams": {
                "Diplomats": 0
            },
            "description": ""
        },
        "DS 17": {
            "coordinate": [
                96532.49381604689,
                0,
                -94821.76162421779
            ],
            "sides": [
                "USFP"
            ],
            "hull": "starbase_civil",
            "type": "station",
            "facilities": [
                "Docking",
                "Refuel"
            ],
            "cargo": {
                "Repair Materials": 16,
                "Medical Supplies": 10,
                "Iso B Circuit": 25,
                "Container": 25,
                "Life Support": 1,
                "Micro Controller": 8,
                "Power Relay": 16,
                "Aid Package": 16,
                "Pets": 4,
                "Torpedo Casing": 5,
                "Casing": 6,
                "Coffee": 5,
                "Tea": 5,
                "Alcohol": 5
            },
            "teams": {
                "Diplomats": 1
            },
            "description": ""
        },
        "Port Cat": {
            "coordinate": [
                -18979.411286071696,
                0,
                282690.14347790077
            ],
            "sides": [
                "Pirate"
            ],
            "hull": "pirate_military_base",
            "type": "station",
            "facilities": [],
            "cargo": {
                "Repair Materials": 15,
                "Medical Supplies": 11,
                "Iso B Circuit": 23,
                "Container": 23,
                "Life Support": 1,
                "Micro Controller": 8,
                "Power Relay": 17,
                "Aid Package": 17,
                "Pets": 60,
                "Torpedo Casing": 6,
                "Casing": 7,
                "Coffee": 5,
                "Tea": 4,
                "Alcohol": 4
            },
            "teams": {
                "Marines": 5
            },
            "description": "",
            "hideonmap": true
        },
        "Port March": {
            "coordinate": [
                215902.39164936633,
                0,
                -308897.51346184855
            ],
            "sides": [
                "Pirate"
            ],
            "hull": "starbase_civil",
            "type": "station",
            "facilities": [],
            "cargo": {},
            "teams": {},
            "description": "",
            "hideonmap": true
        },
        "DS 73": {
            "coordinate": [
                219484.87400294677,
                0,
                -307729.75775746093
            ],
            "sides": [
                "Pirate"
            ],
            "hull": "usfp_industrial_assembly",
            "type": "station",
            "facilities": [],
            "cargo": {},
            "teams": {},
            "description": "",
            "hideonmap": true
        },
        "DS 39": {
            "coordinate": [
                216997.45955918336,
                0,
                -312916.06009455916
            ],
            "sides": [
                "Pirate"
            ],
            "hull": "usfp_industrial_assembly",
            "type": "station",
            "facilities": [],
            "cargo": {},
            "teams": {},
            "description": "",
            "hideonmap": true
        },
        "DS 66": {
            "coordinate": [
                221008.41000154096,
                0,
                -310626.09121061885
            ],
            "sides": [
                "Pirate"
            ],
            "hull": "pirate_cache_1",
            "type": "station",
            "facilities": [],
            "cargo": {},
            "teams": {},
            "description": "",
            "hideonmap": true
        },
        "JP 34": {
            "coordinate": [
                -62801.26342609975,
                0,
                309728.4684381927
            ],
            "type": "jumppoint",
            "jumppointtype": "Node",
            "destinations": {
                "Newton Gate": "Blackspire",
                "JP 17": "Tiridian"
            },
            "state": "Untethered",
            "drift": 0,
            "hideonmap": true
        },
        "RS 16": {
            "coordinate": [
                173020.5887139283,
                0,
                82690.14347790078
            ],
            "sides": [
                "USFP"
            ],
            "hull": "starbase_science",
            "type": "station",
            "facilities": [
                "Docking"
            ],
            "cargo": {
                "High Yield Warhead": 10,
                "Life Support": 3,
                "Medical Supplies": 14,
                "Micro Controller": 27,
                "Power Relay": 18,
                "Transmitter": 8,
                "Receiver": 6,
                "Analysis Suite": 9,
                "Sensor Suite": 10,
                "Guidance System": 17,
                "Wild Animals": 15,
                "Casing": 15,
                "EMP": 11,
                "Homing": 34
            },
            "teams": {
                "DamCon": 2,
                "Medics": 1
            },
            "description": ""
        },
        "RS 15": {
            "coordinate": [
                -89691.35802469139,
                0,
                46246.14197530863
            ],
            "sides": [
                "USFP"
            ],
            "hull": "starbase_science",
            "type": "station",
            "facilities": [
                "Docking"
            ],
            "cargo": {
                "High Yield Warhead": 12,
                "Life Support": 4,
                "Medical Supplies": 18,
                "Micro Controller": 26,
                "Power Relay": 16,
                "Transmitter": 8,
                "Receiver": 7,
                "Analysis Suite": 8,
                "Sensor Suite": 7,
                "Guidance System": 15,
                "Wild Animals": 15,
                "Casing": 14,
                "EMP": 9,
                "Homing": 40
            },
            "teams": {
                "DamCon": 3,
                "Medics": 3
            },
            "description": ""
        },
        "SM 15 B": {
            "coordinate": [
                -66060.95679012348,
                0,
                39494.598765432085
            ],
            "sides": [
                "USFP"
            ],
            "hull": "usfp_industrial_storage",
            "type": "station",
            "facilities": [],
            "cargo": {
                "High Yield Warhead": 4,
                "Warhead": 12,
                "Life Support": 2,
                "Micro Controller": 26,
                "Medical Supplies": 25,
                "Power Relay": 16,
                "Transmitter": 8,
                "Receiver": 5,
                "Analysis Suite": 8,
                "Sensor Suite": 7,
                "Guidance System": 15,
                "Wild Animals": 14,
                "Pets": 4,
                "Casing": 14,
                "EMP": 11,
                "Homing": 37,
                "Coolant": 16,
                "Tea": 13,
                "Coffee": 15,
                "Alcohol": 17
            },
            "teams": {
                "DamCon": 2,
                "Medics": 3
            },
            "description": ""
        },
        "SM 15 A": {
            "coordinate": [
                -88244.59876543214,
                0,
                24062.499999999985
            ],
            "sides": [
                "USFP"
            ],
            "hull": "usfp_industrial_storage",
            "type": "station",
            "facilities": [],
            "cargo": {
                "High Yield Warhead": 4,
                "Warhead": 13,
                "Life Support": 5,
                "Micro Controller": 27,
                "Medical Supplies": 26,
                "Power Relay": 17,
                "Transmitter": 9,
                "Receiver": 5,
                "Analysis Suite": 8,
                "Sensor Suite": 9,
                "Guidance System": 14,
                "Wild Animals": 15,
                "Pets": 4,
                "Casing": 17,
                "EMP": 10,
                "Homing": 33,
                "Coolant": 13,
                "Tea": 12,
                "Coffee": 16,
                "Alcohol": 17
            },
            "teams": {
                "DamCon": 2,
                "Medics": 2
            },
            "description": ""
        },
        "RS 17": {
            "coordinate": [
                111020.5887139283,
                0,
                -106309.8565220992
            ],
            "sides": [
                "USFP"
            ],
            "hull": "starbase_science",
            "type": "station",
            "facilities": [
                "Docking"
            ],
            "cargo": {
                "High Yield Warhead": 11,
                "Life Support": 2,
                "Medical Supplies": 16,
                "Micro Controller": 27,
                "Power Relay": 15,
                "Transmitter": 9,
                "Receiver": 5,
                "Analysis Suite": 9,
                "Sensor Suite": 9,
                "Guidance System": 14,
                "Wild Animals": 13,
                "Casing": 15,
                "EMP": 11,
                "Homing": 38
            },
            "teams": {
                "DamCon": 2,
                "Medics": 1
            },
            "description": ""
        }
    },
    "sensor_relay": {
        "SR 61": {
            "coordinate": [
                59145.660122084824,
                0,
                133890.53826639222
            ]
        },
        "SR 24": {
            "coordinate": [
                41333.160122084824,
                0,
                93369.70493305888
            ]
        },
        "SR 86": {
            "coordinate": [
                23520.660122084824,
                0,
                52848.87159972555
            ]
        },
        "SR 95": {
            "coordinate": [
                5708.160122084824,
                0,
                12328.038266392221
            ]
        },
        "SR 58": {
            "coordinate": [
                -12104.339877915176,
                0,
                -28192.795066941122
            ]
        },
        "SR 10": {
            "coordinate": [
                -29916.839877915176,
                0,
                -68713.62840027447
            ]
        },
        "SR 57": {
            "coordinate": [
                -47729.339877915176,
                0,
                -109234.46173360778
            ]
        },
        "SR 51": {
            "coordinate": [
                -65541.83987791518,
                0,
                -149755.29506694115
            ]
        },
        "SR 59": {
            "coordinate": [
                -83354.33987791518,
                0,
                -190276.12840027447
            ]
        },
        "SR 62": {
            "coordinate": [
                -28354.339877915183,
                0,
                28890.538266392225
            ]
        },
        "SR 96": {
            "coordinate": [
                -68354.33987791519,
                0,
                52223.87159972556
            ]
        }
    },
    "terrain": {
        "1751110289634": {
            "type": "nebulas",
            "seed": 2010,
            "start": [
                -107621.52695086921,
                0,
                49137.39683157737
            ],
            "end": [
                -95347.10265124093,
                0,
                8922.506692005763
            ],
            "density": 125,
            "scatter": 10000,
            "composition": []
        },
        "1751110295735": {
            "type": "nebulas",
            "seed": 2010,
            "start": [
                -95347.10265124093,
                0,
                7791.967611776844
            ],
            "end": [
                -52871.13435121149,
                0,
                36055.44461749986
            ],
            "density": 125,
            "scatter": 10000,
            "composition": []
        },
        "1751110304096": {
            "type": "nebulas",
            "seed": 2010,
            "start": [
                -51740.5952709826,
                0,
                37100.70874996297
            ],
            "end": [
                -82997.7397611518,
                0,
                85939.99701585234
            ],
            "density": 125,
            "scatter": 10000,
            "composition": []
        },
        "1751110307981": {
            "type": "nebulas",
            "seed": 2010,
            "start": [
                -86904.88282242294,
                0,
                88172.65019372155
            ],
            "end": [
                -117045.70072365752,
                0,
                42124.178400168734
            ],
            "density": 125,
            "scatter": 10000,
            "composition": []
        },
        "Huey": {
            "type": "blackhole",
            "name": "Huey",
            "coordinate": [
                -141379.4112860717,
                0,
                133890.14347790077
            ],
            "size": 1000,
            "strength": 500
        },
        "Louie": {
            "type": "blackhole",
            "name": "Louie",
            "coordinate": [
                137417.21854304636,
                0,
                -139900.66225165562
            ],
            "size": 1000,
            "strength": 500
        },
        "Dewey": {
            "type": "blackhole",
            "name": "Dewey",
            "coordinate": [
                181291.3907284768,
                0,
                123344.37086092714
            ],
            "size": 1000,
            "strength": 500
        },
        "1751110480202": {
            "type": "asteroids",
            "seed": 2010,
            "start": [
                149020.5887139283,
                0,
                107690.14347790078
            ],
            "end": [
                191020.5887139283,
                0,
                85690.14347790078
            ],
            "density": 125,
            "scatter": 10000,
            "composition": [
                "Ast. Std Rand"
            ]
        },
        "1751110484434": {
            "type": "asteroids",
            "seed": 2010,
            "start": [
                181020.5887139283,
                0,
                96690.14347790078
            ],
            "end": [
                233020.5887139283,
                0,
                124690.14347790078
            ],
            "density": 125,
            "scatter": 10000,
            "composition": [
                "Ast. Std Rand"
            ]
        },
        "1751110489222": {
            "type": "asteroids",
            "seed": 2010,
            "start": [
                219020.5887139283,
                0,
                121690.14347790078
            ],
            "end": [
                177020.5887139283,
                0,
                180690.1434779008
            ],
            "density": 125,
            "scatter": 10000,
            "composition": [
                "Ast. Std Rand"
            ]
        },
        "1751110492605": {
            "type": "asteroids",
            "seed": 2010,
            "start": [
                184020.5887139283,
                0,
                173690.1434779008
            ],
            "end": [
                125020.5887139283,
                0,
                166690.1434779008
            ],
            "density": 125,
            "scatter": 10000,
            "composition": [
                "Ast. Std Rand"
            ]
        },
        "1751110502211": {
            "type": "asteroids",
            "seed": 2010,
            "start": [
                135020.5887139283,
                0,
                166690.1434779008
            ],
            "end": [
                -25979.411286071696,
                0,
                215690.1434779008
            ],
            "density": 125,
            "scatter": 10000,
            "composition": [
                "Ast. Std Rand"
            ]
        },
        "1751110509765": {
            "type": "nebulas",
            "seed": 2010,
            "start": [
                96020.5887139283,
                0,
                -232309.8565220992
            ],
            "end": [
                128020.5887139283,
                0,
                -229309.8565220992
            ],
            "density": 125,
            "scatter": 10000,
            "composition": []
        },
        "1751110513808": {
            "type": "nebulas",
            "seed": 2010,
            "start": [
                117020.5887139283,
                0,
                -228309.8565220992
            ],
            "end": [
                184020.5887139283,
                0,
                -218309.8565220992
            ],
            "density": 125,
            "scatter": 10000,
            "composition": []
        },
        "1751110517433": {
            "type": "nebulas",
            "seed": 2010,
            "start": [
                121020.5887139283,
                0,
                -194309.8565220992
            ],
            "end": [
                170020.5887139283,
                0,
                -256309.8565220992
            ],
            "density": 125,
            "scatter": 10000,
            "composition": []
        },
        "1751110521893": {
            "type": "nebulas",
            "seed": 2010,
            "start": [
                100020.5887139283,
                0,
                -214309.8565220992
            ],
            "end": [
                152020.5887139283,
                0,
                -221309.8565220992
            ],
            "density": 125,
            "scatter": 10000,
            "composition": []
        },
        "1751110527137": {
            "type": "nebulas",
            "seed": 2010,
            "start": [
                111020.5887139283,
                0,
                -204309.8565220992
            ],
            "end": [
                -32979.41128607169,
                0,
                -172309.8565220992
            ],
            "density": 125,
            "scatter": 10000,
            "composition": []
        },
        "1751110537062": {
            "type": "nebulas",
            "seed": 2010,
            "start": [
                -238979.4112860717,
                0,
                156690.1434779008
            ],
            "end": [
                -238979.4112860717,
                0,
                58690.14347790079
            ],
            "density": 125,
            "scatter": 10000,
            "composition": []
        },
        "1751110539310": {
            "type": "nebulas",
            "seed": 2010,
            "start": [
                -172979.4112860717,
                0,
                -18309.85652209921
            ],
            "end": [
                -141979.4112860717,
                0,
                -46309.85652209921
            ],
            "density": 125,
            "scatter": 10000,
            "composition": []
        },
        "1751110545299": {
            "type": "asteroids",
            "seed": 2010,
            "start": [
                -225979.4112860717,
                0,
                -176309.8565220992
            ],
            "end": [
                -193979.4112860717,
                0,
                -186309.8565220992
            ],
            "density": 125,
            "scatter": 10000,
            "composition": [
                "Ast. Std Rand"
            ]
        },
        "1751110548521": {
            "type": "asteroids",
            "seed": 2010,
            "start": [
                -109979.4112860717,
                0,
                -180309.8565220992
            ],
            "end": [
                -75366.09136521732,
                0,
                -226295.31528740164
            ],
            "density": 125,
            "scatter": 10000,
            "composition": [
                "Ast. Std Rand"
            ]
        },
        "1751110556577": {
            "type": "asteroids",
            "seed": 2010,
            "start": [
                23020.588713928304,
                0,
                -81309.8565220992
            ],
            "end": [
                110020.5887139283,
                0,
                1690.14347790079
            ],
            "density": 125,
            "scatter": 10000,
            "composition": [
                "Ast. Std Rand"
            ]
        },
        "1751110566806": {
            "type": "nebulas",
            "seed": 2010,
            "start": [
                142020.5887139283,
                0,
                15690.14347790079
            ],
            "end": [
                194020.5887139283,
                0,
                -99309.8565220992
            ],
            "density": 125,
            "scatter": 20000,
            "composition": []
        },
        "1751110768208": {
            "type": "asteroids",
            "seed": 2010,
            "start": [
                197587.4148383363,
                0,
                -310366.8385645591
            ],
            "end": [
                222017.11314613489,
                0,
                -299774.62619863165
            ],
            "density": 125,
            "scatter": 10000,
            "composition": [
                "Ast. Std Rand"
            ],
            "hideonmap": true
        },
        "1751110785263": {
            "type": "asteroids",
            "seed": 2010,
            "start": [
                199363.30065628327,
                0,
                -310164.9104309448
            ],
            "end": [
                215005.51929233203,
                0,
                -325612.41265243693
            ],
            "density": 125,
            "scatter": 10000,
            "composition": [
                "Ast. Std Rand"
            ]
        },
        "1751110789361": {
            "type": "asteroids",
            "seed": 2010,
            "start": [
                212733.82778917142,
                0,
                -321263.74606067233
            ],
            "end": [
                232270.37471635264,
                0,
                -316979.98494042666
            ],
            "density": 125,
            "scatter": 10000,
            "composition": [
                "Ast. Std Rand"
            ],
            "hideonmap": true
        },
        "1751110798535": {
            "type": "asteroids",
            "seed": 2010,
            "start": [
                230299.52897393567,
                0,
                -318537.10064624884
            ],
            "end": [
                233664.22861747412,
                0,
                -295926.3190416704
            ],
            "density": 125,
            "scatter": 10000,
            "composition": [
                "Ast. Std Rand"
            ],
            "hideonmap": true
        },
        "1751110835341": {
            "type": "nebulas",
            "seed": 2010,
            "start": [
                231947.19336402378,
                0,
                -268998.3834136592
            ],
            "end": [
                171183.30447513488,
                0,
                -306131.87106798013
            ],
            "density": 500,
            "scatter": 10000,
            "composition": [],
            "hideonmap": true
        },
        "1751110858225": {
            "type": "nebulas",
            "seed": 2010,
            "start": [
                242074.50817883862,
                0,
                -221737.58094452333
            ],
            "end": [
                146106.14398130772,
                0,
                -287806.2537840295
            ],
            "density": 500,
            "scatter": 23004,
            "composition": [],
            "hideonmap": true
        },
        "1751110868989": {
            "type": "nebulas",
            "seed": 2010,
            "start": [
                86789.01435167808,
                0,
                -181228.3216852641
            ],
            "end": [
                36152.44027760401,
                0,
                -202929.71057415297
            ],
            "density": 125,
            "scatter": 10000,
            "composition": []
        },
        "1751110874741": {
            "type": "nebulas",
            "seed": 2010,
            "start": [
                42903.98348748055,
                0,
                -166278.47600625173
            ],
            "end": [
                -5803.57824091452,
                0,
                -194731.40810501718
            ],
            "density": 125,
            "scatter": 10000,
            "composition": []
        },
        "1751110880703": {
            "type": "nebulas",
            "seed": 2010,
            "start": [
                12039.785956616346,
                0,
                -164831.71674699246
            ],
            "end": [
                17344.569907233632,
                0,
                -196660.42045069617
            ],
            "density": 125,
            "scatter": 10000,
            "composition": []
        },
        "1751110897749": {
            "type": "asteroids",
            "seed": 2010,
            "start": [
                220990.40324056696,
                0,
                -266683.5685988444
            ],
            "end": [
                164277.440277604,
                0,
                -278836.34637662215
            ],
            "density": 125,
            "scatter": 10000,
            "composition": [
                "Ast. Std Rand"
            ]
        },
        "1751110905498": {
            "type": "asteroids",
            "seed": 2010,
            "start": [
                158490.40324056696,
                0,
                -155572.45748773325
            ],
            "end": [
                170064.47731464103,
                0,
                -172933.56859884437
            ],
            "density": 125,
            "scatter": 10000,
            "composition": [
                "Ast. Std Rand"
            ]
        }
    },
    "traffic": {
        "commercial": "light",
        "civilian": "light",
        "security": "none"
    }
}