{
    "systemMapCoord": [
        -26218.159358436435,
        0,
        -3402.1222829502344
    ],
    "systemalignment": "USFP",
    "metadata": {
        "skybox": "sky1.png",
        "sysdescription": "",
        "security": "Neutral",
        "exports": [],
        "focus": "",
        "intel": {},
        "development": "Unclaimed",
        "visible": true
    },
    "objects": {
        "Krisenda Gate": {
            "coordinate": [
                -187471.2145328683,
                0.0,
                126366.76667649916
            ],
            "type": "jumpnode",
            "jumppointtype": "Node",
            "destinations": {},
            "state": "Tethered",
            "drift": 0
        },
        "Atlantis Gate": {
            "coordinate": [
                -5198.602221482843,
                0.0,
                139408.2475864214
            ],
            "type": "jumpnode",
            "jumppointtype": "Node",
            "destinations": {
                "Cerberus Gate": "Atlantis"
            },
            "state": "Tethered",
            "drift": 0
        },
        "Promethean Gate": {
            "coordinate": [
                339065.4367016996,
                0.0,
                129217.81834545208
            ],
            "type": "jumpnode",
            "jumppointtype": "Node",
            "destinations": {
                "Cerebus Gate": "Promethean"
            },
            "state": "Tethered",
            "drift": 0
        },
        "Hjorden Gate": {
            "coordinate": [
                109548.97579634983,
                0.0,
                -137624.42416712223
            ],
            "type": "jumpnode",
            "jumppointtype": "Node",
            "destinations": {
                "Mandible Path": "Hjorden"
            },
            "state": "Tethered",
            "drift": 0
        },
        "Forward Command": {
            "coordinate": [
                -207184.6704656529,
                0.0,
                89428.77370667749
            ],
            "sides": [
                "USFP"
            ],
            "hull": "starbase_command",
            "type": "station",
            "facilities": [
                "Docking",
                "Refuel",
                "Repair"
            ],
            "cargo": {
                "Homing": 74,
                "Nuke": 13,
                "EMP": 13,
                "Mine": 11,
                "High Yield Warhead": 16,
                "Warhead": 59,
                "Torpedo Casing": 37,
                "Casing": 15,
                "Transmitter": 33,
                "Navigational Array": 2,
                "Tactical Array": 11,
                "Sensor Suite": 7,
                "Guidance System": 65,
                "Receiver": 16
            },
            "teams": {
                "DamCon": 8,
                "Medics": 2,
                "Combat Engineers": 11
            },
            "description": ""
        },
        "Gate Control": {
            "coordinate": [
                -94374.71449952736,
                0.0,
                108857.44371220242
            ],
            "sides": [
                "USFP"
            ],
            "hull": "starbase_civil",
            "type": "station",
            "facilities": [],
            "cargo": {},
            "teams": {},
            "description": ""
        },
        "Shanari Lab": {
            "coordinate": [
                -100891.64575047999,
                0.0,
                117776.00724100907
            ],
            "sides": [
                "USFP"
            ],
            "hull": "starbase_science",
            "type": "station",
            "facilities": [
                "Docking",
                "Refuel"
            ],
            "cargo": {},
            "teams": {},
            "description": ""
        },
        "Arden Market": {
            "coordinate": [
                -121542.0950198368,
                0.0,
                2535.8124583921076
            ],
            "sides": [
                "USFP"
            ],
            "hull": "starbase_civil",
            "type": "station",
            "facilities": [
                "Refuel",
                "Docking"
            ],
            "cargo": {
                "High Yield Warhead": 2,
                "Warhead": 12,
                "Life Support": 2,
                "Micro Controller": 24,
                "Medical Supplies": 24,
                "Power Relay": 15,
                "Transmitter": 8,
                "Receiver": 7,
                "Analysis Suite": 9,
                "Sensor Suite": 9,
                "Guidance System": 16,
                "Wild Animals": 14,
                "Pets": 4,
                "Casing": 16,
                "EMP": 9,
                "Homing": 37,
                "Coolant": 15,
                "Tea": 13,
                "Coffee": 15,
                "Alcohol": 15
            },
            "teams": {
                "DamCon": 3,
                "Medics": 3
            },
            "description": ""
        },
        "Cordell Memorial": {
            "coordinate": [
                -106092.1386012269,
                0.0,
                14658.608383174957
            ],
            "sides": [
                "USFP"
            ],
            "hull": "starbase_civil",
            "type": "station",
            "facilities": [
                "Docking"
            ],
            "cargo": {},
            "teams": {
                "DamCon": 4,
                "Diplomats": 2,
                "Combat Engineers": 6,
                "Medics": 2
            },
            "description": ""
        },
        "Dalton Refineries": {
            "coordinate": [
                -12494.669894093695,
                0.0,
                58738.033680385706
            ],
            "sides": [
                "USFP"
            ],
            "hull": "starbase_industry",
            "type": "station",
            "facilities": [
                "Docking",
                "Refuel",
                "Repair"
            ],
            "cargo": {
                "Iron": 750,
                "Tharium": 60,
                "Reisium": 60,
                "Alerite": 54,
                "Cabrite": 815,
                "Ashfilum": 258,
                "Aegirine": 151,
                "Nuidinium": 159,
                "Gredian": 180,
                "Warhead": 10,
                "Life Support": 1,
                "Micro Controller": 8,
                "Power Relay": 16,
                "Casing": 15,
                "Homing": 55,
                "Torpedo Casing": 10
            },
            "teams": {
                "DamCon": 2,
                "Medics": 1,
                "Combat Engineers": 2
            },
            "description": "",
            "hideonmap": true
        },
        "Cerberus Command": {
            "coordinate": [
                125162.41958350122,
                0.0,
                61027.932085735454
            ],
            "sides": [
                "USFP"
            ],
            "hull": "starbase_command",
            "type": "station",
            "facilities": [
                "Docking",
                "Refuel",
                "Repair"
            ],
            "cargo": {
                "Homing": 95,
                "Nuke": 22,
                "EMP": 32,
                "Mine": 25,
                "High Yield Warhead": 25,
                "Warhead": 60,
                "Torpedo Casing": 80,
                "Casing": 16,
                "Transmitter": 35,
                "Navigational Array": 2,
                "Tactical Array": 10,
                "Sensor Suite": 6,
                "Guidance System": 60,
                "Receiver": 15
            },
            "teams": {
                "DamCon": 18,
                "Medics": 2,
                "Combat Engineers": 10
            },
            "description": ""
        },
        "Noreel Metals": {
            "coordinate": [
                269968.0879028631,
                0.0,
                -32773.14525451359
            ],
            "sides": [
                "USFP"
            ],
            "hull": "starbase_industry",
            "type": "station",
            "facilities": [
                "Docking"
            ],
            "cargo": {
                "Iron": 750,
                "Tharium": 60,
                "Reisium": 60,
                "Alerite": 54,
                "Cabrite": 815,
                "Ashfilum": 258,
                "Aegirine": 151,
                "Nuidinium": 159,
                "Gredian": 180
            },
            "teams": {},
            "description": ""
        },
        "Emora Denebite": {
            "coordinate": [
                299731.9771886681,
                0.0,
                -84215.10966780806
            ],
            "sides": [
                "USFP"
            ],
            "hull": "starbase_industry",
            "type": "station",
            "facilities": [
                "Docking",
                "Refuel"
            ],
            "cargo": {
                "Denebite": 600,
                "Nuidinium": 5,
                "Gredian": 5,
                "Life Support": 1,
                "Micro Controller": 8,
                "AMC": 1,
                "Repair Materials": 3
            },
            "teams": {},
            "description": ""
        },
        "Kolaris Bazaar": {
            "coordinate": [
                257541.50031776432,
                0.0,
                -124370.36787365194
            ],
            "sides": [
                "USFP"
            ],
            "hull": "starbase_civil",
            "type": "station",
            "facilities": [
                "Docking",
                "Refuel"
            ],
            "cargo": {
                "High Yield Warhead": 3,
                "Warhead": 13,
                "Life Support": 3,
                "Micro Controller": 25,
                "Medical Supplies": 25,
                "Power Relay": 16,
                "Transmitter": 8,
                "Receiver": 6,
                "Analysis Suite": 8,
                "Sensor Suite": 8,
                "Guidance System": 60,
                "Wild Animals": 15,
                "Pets": 4,
                "Casing": 15,
                "EMP": 10,
                "Homing": 35,
                "Coolant": 15,
                "Tea": 12,
                "Coffee": 15,
                "Alcohol": 16,
                "Aid Package": 15,
                "Comms Relay": 2,
                "Repair Materials": 18,
                "Computer Core": 1
            },
            "teams": {
                "DamCon": 2,
                "Medics": 2
            },
            "description": ""
        },
        "Olnara Admin": {
            "coordinate": [
                247801.91787749223,
                0.0,
                -134001.3192339629
            ],
            "sides": [
                "USFP"
            ],
            "hull": "starbase_civil",
            "type": "station",
            "facilities": [
                "Docking"
            ],
            "cargo": {
                "Repair Materials": 16,
                "Medical Supplies": 10,
                "Iso B Circuit": 25,
                "Container": 25,
                "Life Support": 1,
                "Micro Controller": 8,
                "Power Relay": 16,
                "Aid Package": 16,
                "Pets": 4,
                "Torpedo Casing": 5,
                "Casing": 6,
                "Comms Relay": 5,
                "Tea": 5,
                "Alcohol": 5,
                "Coffee": 2
            },
            "teams": {},
            "description": ""
        },
        "Serena Resorts": {
            "coordinate": [
                106317.16178993334,
                0,
                -65612.93687834029
            ],
            "sides": [
                "USFP"
            ],
            "hull": "starbase_civil",
            "type": "station",
            "facilities": [
                "Docking"
            ],
            "cargo": {
                "Life Support": 3,
                "Medical Supplies": 16,
                "Micro Controller": 25,
                "Power Relay": 16,
                "Transmitter": 8,
                "Receiver": 6,
                "Analysis Suite": 8,
                "Sensor Suite": 8,
                "Tea": 20,
                "Alcohol": 50,
                "Coffee": 70
            },
            "teams": {
                "Medics": 2
            },
            "description": ""
        },
        "Diana Concourse": {
            "coordinate": [
                115038.2614822209,
                0.0,
                -74325.29913968737
            ],
            "sides": [
                "USFP"
            ],
            "hull": "starbase_civil",
            "type": "station",
            "facilities": [
                "Docking",
                "Refuel",
                "Repair"
            ],
            "cargo": {
                "Repair Materials": 15,
                "Medical Supplies": 9,
                "Iso B Circuit": 23,
                "Container": 24,
                "Micro Controller": 8,
                "Power Relay": 16,
                "Aid Package": 15,
                "Pets": 3,
                "Coffee": 5,
                "Tea": 6,
                "Alcohol": 5
            },
            "teams": {
                "Diplomats": 11
            },
            "description": ""
        },
        "Morbek HQ": {
            "coordinate": [
                -31347.973228570074,
                0.0,
                -66830.11095381637
            ],
            "sides": [
                "USFP"
            ],
            "hull": "starbase_civil",
            "type": "station",
            "facilities": [
                "Docking",
                "Refuel"
            ],
            "cargo": {
                "Repair Materials": 16,
                "Medical Supplies": 10,
                "Iso B Circuit": 25,
                "Container": 25,
                "Life Support": 3,
                "Micro Controller": 8,
                "Power Relay": 16,
                "Aid Package": 16,
                "Pets": 4,
                "Coffee": 5,
                "Tea": 5,
                "Alcohol": 5
            },
            "teams": {},
            "description": ""
        },
        "Ltaris Offices": {
            "coordinate": [
                -29322.785328478654,
                0.0,
                -80072.0626856407
            ],
            "sides": [
                "USFP"
            ],
            "hull": "starbase_civil",
            "type": "station",
            "facilities": [
                "Docking"
            ],
            "cargo": {
                "Aid Package": 16,
                "Coffee": 5,
                "Tea": 5,
                "Alcohol": 5,
                "Black Box": 2,
                "Comms Relay": 5,
                "Receiver": 2,
                "Sensor Relay": 8,
                "Sensor Suite": 1,
                "Transmitter": 2
            },
            "teams": {},
            "description": ""
        },
        "Quesenc Industries": {
            "coordinate": [
                -82934.68947799856,
                0.0,
                -101715.10966780805
            ],
            "sides": [
                "USFP"
            ],
            "hull": "starbase_industry",
            "type": "station",
            "facilities": [
                "Docking",
                "Refuel",
                "Repair"
            ],
            "cargo": {
                "Iron": 747,
                "Tharium": 60,
                "Reisium": 56,
                "Alerite": 51,
                "Cabrite": 882,
                "Ashfilum": 281,
                "Denebite": 30,
                "Aegirine": 150,
                "Nuidinium": 165,
                "Gredian": 195,
                "Warhead": 9,
                "Life Support": 0,
                "Micro Controller": 8,
                "Power Relay": 17,
                "Casing": 14,
                "Homing": 36,
                "Torpedo Casing": 9
            },
            "teams": {
                "DamCon": 1,
                "Medics": 1
            },
            "description": ""
        },
        "Scolcha Port": {
            "coordinate": [
                -84053.12011928803,
                0.0,
                -114205.96472039152
            ],
            "sides": [
                "USFP"
            ],
            "hull": "starbase_civil",
            "type": "station",
            "facilities": [
                "Docking",
                "Refuel"
            ],
            "cargo": {
                "High Yield Warhead": 3,
                "Warhead": 13,
                "Life Support": 3,
                "Micro Controller": 25,
                "Medical Supplies": 25,
                "Power Relay": 16,
                "Transmitter": 8,
                "Receiver": 6,
                "Analysis Suite": 2,
                "Sensor Suite": 8,
                "Guidance System": 15,
                "Wild Animals": 15,
                "Pets": 4,
                "Casing": 15,
                "EMP": 10,
                "Homing": 35,
                "Coolant": 15,
                "Tea": 12,
                "Coffee": 15,
                "Alcohol": 16,
                "Computer Core": 1,
                "FCS": 1,
                "AMC": 1,
                "Warp Inhibitor": 4
            },
            "teams": {
                "DamCon": 2,
                "Medics": 2
            },
            "description": ""
        },
        "WP 4": {
            "coordinate": [
                115365.32576136003,
                0,
                -79804.2354877598
            ],
            "sides": [
                "USFP"
            ],
            "hull": "defense_platform_beam",
            "type": "platform",
            "cargo": {},
            "teams": {},
            "hideonmap": true
        },
        "WP 50": {
            "coordinate": [
                109390.07954516386,
                0,
                -76858.9897697393
            ],
            "sides": [
                "USFP"
            ],
            "hull": "defense_platform_beam",
            "type": "platform",
            "cargo": {},
            "teams": {},
            "hideonmap": true
        },
        "WP 77": {
            "coordinate": [
                229423.43530171606,
                0.0,
                -134308.32704889236
            ],
            "sides": [
                "USFP"
            ],
            "hull": "defense_platform_beam",
            "type": "platform",
            "cargo": {},
            "teams": {},
            "hideonmap": true
        },
        "WP 91": {
            "coordinate": [
                -4822.392963770283,
                0.0,
                -90537.83335999098
            ],
            "sides": [
                "USFP"
            ],
            "hull": "defense_platform_beam",
            "type": "platform",
            "cargo": {},
            "teams": {},
            "hideonmap": true
        },
        "WP 70": {
            "coordinate": [
                -5935.236544838358,
                0.0,
                -69242.34081883867
            ],
            "sides": [
                "USFP"
            ],
            "hull": "defense_platform_beam",
            "type": "platform",
            "cargo": {},
            "teams": {},
            "hideonmap": true
        },
        "WP 11": {
            "coordinate": [
                235036.2633727354,
                0.0,
                -117341.22547461717
            ],
            "sides": [
                "USFP"
            ],
            "hull": "defense_platform_beam",
            "type": "platform",
            "cargo": {},
            "teams": {},
            "hideonmap": true
        },
        "WP 34": {
            "coordinate": [
                259260.98447962332,
                0.0,
                -38647.717553759074
            ],
            "sides": [
                "USFP"
            ],
            "hull": "defense_platform_beam",
            "type": "platform",
            "cargo": {},
            "teams": {},
            "hideonmap": true
        },
        "WP 22": {
            "coordinate": [
                284072.79000871774,
                0.0,
                -81544.53064145954
            ],
            "sides": [
                "USFP"
            ],
            "hull": "defense_platform_beam",
            "type": "platform",
            "cargo": {},
            "teams": {}
        },
        "WP 94": {
            "coordinate": [
                -69065.29127163308,
                0.0,
                -110073.5486663467
            ],
            "sides": [
                "USFP"
            ],
            "hull": "defense_platform_beam",
            "type": "platform",
            "cargo": {},
            "teams": {},
            "hideonmap": true
        },
        "Drift Maw": {
            "coordinate": [
                -352047.7929863109,
                0.0,
                -3969.866396113504
            ],
            "sides": [
                "Pirate"
            ],
            "hull": "starbase_command",
            "type": "station",
            "facilities": [],
            "cargo": {},
            "teams": {},
            "description": "Regional command of raiding parties",
            "hideonmap": true
        },
        "WP 45": {
            "coordinate": [
                -352003.6074915032,
                0,
                -1828.5008621961704
            ],
            "sides": [
                "pirate"
            ],
            "hull": "defense_platform_beam",
            "type": "platform",
            "cargo": {},
            "teams": {},
            "hideonmap": true
        },
        "WP 55": {
            "coordinate": [
                -349849.7826770398,
                0,
                -5594.000476389125
            ],
            "sides": [
                "pirate"
            ],
            "hull": "defense_platform_torp",
            "type": "platform",
            "cargo": {},
            "teams": {},
            "hideonmap": true
        },
        "WP 89": {
            "coordinate": [
                -353826.5288998647,
                0,
                -5537.54281843792
            ],
            "sides": [
                "pirate"
            ],
            "hull": "defense_platform_beam",
            "type": "platform",
            "cargo": {},
            "teams": {},
            "hideonmap": true
        },
        "WP 66": {
            "coordinate": [
                -195955.95485188012,
                0.0,
                104706.6639536808
            ],
            "sides": [
                "USFP"
            ],
            "hull": "defense_platform_beam",
            "type": "platform",
            "cargo": {},
            "teams": {},
            "hideonmap": true
        },
        "WP 21": {
            "coordinate": [
                -220711.61328809411,
                0.0,
                73324.49088555093
            ],
            "sides": [
                "USFP"
            ],
            "hull": "defense_platform_beam",
            "type": "platform",
            "cargo": {},
            "teams": {},
            "hideonmap": true
        },
        "DS 12": {
            "coordinate": [
                -211362.50664963783,
                0.0,
                100135.0088090924
            ],
            "sides": [
                "TSN"
            ],
            "hull": "starbase_command",
            "type": "station",
            "facilities": [
                "Docking",
                "Refuel",
                "Repair"
            ],
            "cargo": {
                "Homing": 140,
                "Nuke": 24,
                "EMP": 26,
                "Mine": 22,
                "High Yield Warhead": 16,
                "Warhead": 57,
                "Torpedo Casing": 107,
                "Navigational Array": 1,
                "Tactical Array": 9,
                "Guidance System": 60,
                "Medical Supplies": 12,
                "Repair Materials": 4
            },
            "teams": {
                "DamCon": 10,
                "Medics": 3,
                "Combat Engineers": 9
            },
            "description": ""
        },
        "DS 48": {
            "coordinate": [
                -202441.17072788219,
                0.0,
                80276.92004885727
            ],
            "sides": [
                "USFP"
            ],
            "hull": "starbase_civil",
            "type": "station",
            "facilities": [
                "Docking",
                "Refuel"
            ],
            "cargo": {
                "Repair Materials": 16,
                "Medical Supplies": 10,
                "Iso B Circuit": 25,
                "Container": 25,
                "Life Support": 1,
                "Micro Controller": 8,
                "Power Relay": 16,
                "Aid Package": 16,
                "Pets": 4,
                "Torpedo Casing": 5,
                "Casing": 6,
                "Coffee": 5,
                "Tea": 5,
                "Alcohol": 5
            },
            "teams": {
                "Diplomats": 1
            },
            "description": ""
        },
        "RS 230": {
            "coordinate": [
                -129278.23828115365,
                0.0,
                25306.642219480345
            ],
            "sides": [
                "USFP"
            ],
            "hull": "starbase_science",
            "type": "station",
            "facilities": [
                "Docking",
                "Refuel"
            ],
            "cargo": {
                "High Yield Warhead": 10,
                "Life Support": 3,
                "Medical Supplies": 16,
                "Micro Controller": 25,
                "Power Relay": 16,
                "Transmitter": 8,
                "Receiver": 6,
                "Analysis Suite": 8,
                "Sensor Suite": 8,
                "Guidance System": 15,
                "Wild Animals": 15,
                "Casing": 15,
                "EMP": 10,
                "Homing": 35
            },
            "teams": {
                "DamCon": 2,
                "Medics": 2
            },
            "description": ""
        },
        "M 331": {
            "coordinate": [
                -14657.664292813446,
                0.0,
                79315.86218404371
            ],
            "sides": [
                "USFP"
            ],
            "hull": "starbase_industry",
            "type": "station",
            "facilities": [
                "Docking"
            ],
            "cargo": {
                "Cabrite": 5,
                "Gredian": 20,
                "Iron": 500,
                "Nuidinium": 3,
                "Reisium": 9,
                "Tharium": 15
            },
            "teams": {},
            "description": ""
        },
        "M 572": {
            "coordinate": [
                -2310.442070591221,
                0.0,
                36116.78810996966
            ],
            "sides": [
                "USFP"
            ],
            "hull": "starbase_industry",
            "type": "station",
            "facilities": [
                "Docking"
            ],
            "cargo": {
                "Tharium Plating": 10,
                "Coolant": 23,
                "Ashfilum": 6,
                "Aegirine": 12
            },
            "teams": {},
            "description": ""
        },
        "RS 90": {
            "coordinate": [
                134076.58070750983,
                0,
                72952.78136703726
            ],
            "sides": [
                "USFP"
            ],
            "hull": "starbase_science",
            "type": "station",
            "facilities": [
                "Docking"
            ],
            "cargo": {
                "High Yield Warhead": 10,
                "Life Support": 3,
                "Medical Supplies": 16,
                "Micro Controller": 25,
                "Power Relay": 16,
                "Transmitter": 8,
                "Receiver": 6,
                "Analysis Suite": 8,
                "Sensor Suite": 8,
                "Guidance System": 15,
                "Wild Animals": 15,
                "Casing": 15,
                "EMP": 10,
                "Homing": 35
            },
            "teams": {
                "DamCon": 2,
                "Medics": 2
            },
            "description": ""
        },
        "RS 557": {
            "coordinate": [
                117569.56187023461,
                0,
                71128.8403903314
            ],
            "sides": [
                "USFP"
            ],
            "hull": "starbase_science",
            "type": "station",
            "facilities": [
                "Docking"
            ],
            "cargo": {
                "High Yield Warhead": 10,
                "Life Support": 3,
                "Medical Supplies": 16,
                "Micro Controller": 25,
                "Power Relay": 16,
                "Transmitter": 8,
                "Receiver": 6,
                "Analysis Suite": 8,
                "Sensor Suite": 8,
                "Guidance System": 15,
                "Wild Animals": 15,
                "Casing": 15,
                "EMP": 10,
                "Homing": 35
            },
            "teams": {
                "DamCon": 2,
                "Medics": 2
            },
            "description": ""
        },
        "SY 14": {
            "coordinate": [
                127409.9583066379,
                0.0,
                48465.36064083381
            ],
            "sides": [
                "TSN"
            ],
            "hull": "starbase_industry",
            "type": "station",
            "facilities": [
                "Repair",
                "Docking"
            ],
            "cargo": {},
            "teams": {},
            "description": ""
        },
        "RS 223": {
            "coordinate": [
                333015.48385533475,
                0.0,
                82679.75107293272
            ],
            "sides": [
                "USFP"
            ],
            "hull": "starbase_science",
            "type": "station",
            "facilities": [
                "Docking"
            ],
            "cargo": {
                "Life Support": 2,
                "Medical Supplies": 17,
                "Power Relay": 16,
                "Transmitter": 7,
                "Receiver": 6,
                "Analysis Suite": 8,
                "Sensor Suite": 9,
                "AMC": 1,
                "Computer Core": 1
            },
            "teams": {
                "DamCon": 3,
                "Medics": 3
            },
            "description": ""
        },
        "RS 484": {
            "coordinate": [
                266384.752188033,
                0,
                -136183.0276337686
            ],
            "sides": [
                "USFP"
            ],
            "hull": "starbase_science",
            "type": "station",
            "facilities": [
                "Docking"
            ],
            "cargo": {
                "High Yield Warhead": 7,
                "Life Support": 3,
                "Medical Supplies": 14,
                "Micro Controller": 19,
                "Power Relay": 16,
                "Transmitter": 9,
                "Receiver": 5,
                "Analysis Suite": 10,
                "Sensor Suite": 10,
                "Guidance System": 16,
                "Wild Animals": 17,
                "Casing": 15,
                "EMP": 10,
                "Homing": 37
            },
            "teams": {
                "DamCon": 4,
                "Medics": 4
            },
            "description": ""
        },
        "RS 45": {
            "coordinate": [
                -53594.083053673035,
                0.0,
                -71151.7737624583
            ],
            "sides": [
                "USFP"
            ],
            "hull": "starbase_science",
            "type": "station",
            "facilities": [
                "Docking"
            ],
            "cargo": {
                "Medical Supplies": 16,
                "Transmitter": 8,
                "Receiver": 6,
                "Analysis Suite": 8,
                "Sensor Suite": 8,
                "Homing": 35
            },
            "teams": {
                "DamCon": 2,
                "Medics": 2
            },
            "description": ""
        },
        "M 218": {
            "coordinate": [
                -103652.92507470632,
                0.0,
                -84526.58086122361
            ],
            "sides": [
                "USFP"
            ],
            "hull": "starbase_industry",
            "type": "station",
            "facilities": [
                "Docking"
            ],
            "cargo": {
                "Iron": 857,
                "Tharium": 61,
                "Reisium": 55,
                "Alerite": 47,
                "Cabrite": 881,
                "Ashfilum": 222,
                "Denebite": 29,
                "Aegirine": 146,
                "Nuidinium": 137,
                "Gredian": 178,
                "Warhead": 8,
                "Life Support": 1,
                "Micro Controller": 5,
                "Power Relay": 17,
                "Casing": 15,
                "Homing": 36,
                "Torpedo Casing": 6
            },
            "teams": {
                "DamCon": 2,
                "Medics": 1
            },
            "description": ""
        },
        "M 243": {
            "coordinate": [
                -101402.41067141412,
                0.0,
                -119409.55411225244
            ],
            "sides": [
                "USFP"
            ],
            "hull": "starbase_industry",
            "type": "station",
            "facilities": [
                "Docking"
            ],
            "cargo": {
                "Iron": 756,
                "Tharium": 48,
                "Reisium": 56,
                "Alerite": 52,
                "Cabrite": 874,
                "Ashfilum": 283,
                "Denebite": 37,
                "Aegirine": 158,
                "Nuidinium": 118,
                "Gredian": 160,
                "Warhead": 4,
                "Medical Supplies": 12,
                "Micro Controller": 8,
                "Power Relay": 16,
                "Casing": 10,
                "Homing": 43,
                "Torpedo Casing": 5
            },
            "teams": {
                "DamCon": 2,
                "Medics": 1
            },
            "description": ""
        },
        "DS 31": {
            "coordinate": [
                -223665.50652189428,
                0.0,
                -78874.26890420482
            ],
            "sides": [
                "USFP"
            ],
            "hull": "starbase_command",
            "type": "station",
            "facilities": [
                "Docking",
                "Refuel",
                "Repair"
            ],
            "cargo": {
                "Homing": 149,
                "Nuke": 25,
                "EMP": 23,
                "Mine": 22,
                "High Yield Warhead": 16,
                "Warhead": 62,
                "Torpedo Casing": 95,
                "Navigational Array": 2,
                "Tactical Array": 11,
                "Guidance System": 60,
                "Medical Supplies": 11,
                "Repair Materials": 5
            },
            "teams": {
                "DamCon": 11,
                "Medics": 3,
                "Combat Engineers": 11
            },
            "description": ""
        },
        "DS 67": {
            "coordinate": [
                -219987.540844025,
                0.0,
                -92632.28859441969
            ],
            "sides": [
                "USFP"
            ],
            "hull": "starbase_command",
            "type": "station",
            "facilities": [
                "Docking",
                "Refuel",
                "Repair"
            ],
            "cargo": {
                "Homing": 80,
                "Nuke": 11,
                "EMP": 12,
                "Mine": 13,
                "High Yield Warhead": 16,
                "Warhead": 56,
                "Torpedo Casing": 40,
                "Casing": 15,
                "Transmitter": 36,
                "Navigational Array": 0,
                "Tactical Array": 10,
                "Sensor Suite": 5,
                "Guidance System": 65,
                "Receiver": 14
            },
            "teams": {
                "DamCon": 10,
                "Medics": 2,
                "Combat Engineers": 8
            },
            "description": ""
        },
        "WP 68": {
            "coordinate": [
                131193.99676145936,
                0,
                30081.226006621284
            ],
            "sides": [
                "USFP"
            ],
            "hull": "defense_platform_fighter",
            "type": "platform",
            "cargo": {},
            "teams": {}
        },
        "WP 80": {
            "coordinate": [
                153736.351680679,
                0,
                39495.58023996984
            ],
            "sides": [
                "USFP"
            ],
            "hull": "defense_platform_torp",
            "type": "platform",
            "cargo": {},
            "teams": {}
        },
        "WP 69": {
            "coordinate": [
                105140.79472004037,
                0,
                36866.63112302882
            ],
            "sides": [
                "USFP"
            ],
            "hull": "defense_platform_beam",
            "type": "platform",
            "cargo": {},
            "teams": {}
        },
        "WP 13": {
            "coordinate": [
                87298.17474023544,
                0,
                56108.38042763179
            ],
            "sides": [
                "USFP"
            ],
            "hull": "defense_platform_torp",
            "type": "platform",
            "cargo": {},
            "teams": {}
        },
        "WP 31": {
            "coordinate": [
                372467.8504280118,
                0.0,
                -37550.89943157412
            ],
            "sides": [
                "USFP"
            ],
            "hull": "defense_platform_beam",
            "type": "platform",
            "cargo": {},
            "teams": {}
        },
        "WP 36": {
            "coordinate": [
                95454.10145205534,
                0,
                79615.46478500873
            ],
            "sides": [
                "USFP"
            ],
            "hull": "defense_platform_torp",
            "type": "platform",
            "cargo": {},
            "teams": {}
        },
        "WP 39": {
            "coordinate": [
                163736.07780855588,
                0,
                65828.83141166628
            ],
            "sides": [
                "USFP"
            ],
            "hull": "defense_platform_fighter",
            "type": "platform",
            "cargo": {},
            "teams": {}
        },
        "WP 44": {
            "coordinate": [
                105826.63600757279,
                0,
                95737.08127353946
            ],
            "sides": [
                "USFP"
            ],
            "hull": "defense_platform_beam",
            "type": "platform",
            "cargo": {},
            "teams": {}
        },
        "WP 61": {
            "coordinate": [
                117436.43253249276,
                0,
                104928.17018910112
            ],
            "sides": [
                "USFP"
            ],
            "hull": "defense_platform_beam",
            "type": "platform",
            "cargo": {},
            "teams": {}
        },
        "WP 7": {
            "coordinate": [
                143242.18218003126,
                0,
                100360.5338960437
            ],
            "sides": [
                "USFP"
            ],
            "hull": "defense_platform_beam",
            "type": "platform",
            "cargo": {},
            "teams": {}
        },
        "WP 51": {
            "coordinate": [
                157921.8768245214,
                0,
                83820.29493666247
            ],
            "sides": [
                "USFP"
            ],
            "hull": "defense_platform_torp",
            "type": "platform",
            "cargo": {},
            "teams": {}
        },
        "WP 60": {
            "coordinate": [
                -233815.72867578352,
                0.0,
                99411.65629544923
            ],
            "sides": [
                "USFP"
            ],
            "hull": "defense_platform_torp",
            "type": "platform",
            "cargo": {},
            "teams": {},
            "hideonmap": true
        },
        "WP 59": {
            "coordinate": [
                -190837.1550018009,
                0.0,
                72843.08347880542
            ],
            "sides": [
                "USFP"
            ],
            "hull": "defense_platform_fighter",
            "type": "platform",
            "cargo": {},
            "teams": {},
            "hideonmap": true
        },
        "Hjorden Customs": {
            "coordinate": [
                109672.87797569064,
                0,
                -129271.37597318011
            ],
            "sides": [
                "USFP"
            ],
            "hull": "starbase_command",
            "type": "station",
            "facilities": [
                "Repair",
                "Refuel",
                "Docking"
            ],
            "cargo": {
                "Homing": 51,
                "Nuke": 2,
                "EMP": 6,
                "Mine": 7,
                "High Yield Warhead": 15,
                "Warhead": 65,
                "Torpedo Casing": 58,
                "Casing": 59,
                "Navigational Array": 0,
                "Tactical Array": 10,
                "Guidance System": 54
            },
            "teams": {
                "DamCon": 9,
                "Medics": 1,
                "Combat Engineers": 1
            },
            "description": ""
        },
        "WP 20": {
            "coordinate": [
                110262.09977698914,
                0,
                -129591.13223051105
            ],
            "sides": [
                "USFP"
            ],
            "hull": "defense_platform_torp",
            "type": "platform",
            "cargo": {},
            "teams": {}
        },
        "WP 42": {
            "coordinate": [
                109076.56671707705,
                0,
                -129204.09801365362
            ],
            "sides": [
                "USFP"
            ],
            "hull": "defense_platform_fighter",
            "type": "platform",
            "cargo": {},
            "teams": {}
        },
        "WP 18": {
            "coordinate": [
                109367.1093741576,
                0,
                -129957.54449529781
            ],
            "sides": [
                "USFP"
            ],
            "hull": "defense_platform_beam",
            "type": "platform",
            "cargo": {},
            "teams": {}
        }
    },
    "sensor_relay": {
        "SR 64": {
            "coordinate": [
                44375.00000000001,
                0,
                147604.1666666667
            ]
        },
        "SR 40": {
            "coordinate": [
                86250.00000000001,
                0,
                146875.0
            ]
        },
        "SR 12": {
            "coordinate": [
                128125.00000000003,
                0,
                146145.83333333334
            ]
        },
        "SR 18": {
            "coordinate": [
                170000.00000000003,
                0,
                145416.6666666667
            ]
        },
        "SR 87": {
            "coordinate": [
                211875.00000000003,
                0,
                144687.5
            ]
        },
        "SR 82": {
            "coordinate": [
                253750.00000000006,
                0,
                143958.33333333334
            ]
        },
        "SR 41": {
            "coordinate": [
                295625.00000000006,
                0,
                143229.16666666666
            ]
        },
        "SR 84": {
            "coordinate": [
                337500.00000000006,
                0,
                142500.0
            ]
        },
        "SR 70": {
            "coordinate": [
                351666.6666666667,
                0,
                140000.0
            ]
        },
        "SR 75": {
            "coordinate": [
                337023.8095238095,
                0,
                102619.04761904762
            ]
        },
        "SR 76": {
            "coordinate": [
                322380.9523809524,
                0,
                65238.09523809524
            ]
        },
        "SR 78": {
            "coordinate": [
                307738.09523809527,
                0,
                27857.142857142855
            ]
        },
        "SR 43": {
            "coordinate": [
                293095.2380952381,
                0,
                -9523.809523809527
            ]
        },
        "SR 56": {
            "coordinate": [
                278452.38095238095,
                0,
                -46904.76190476192
            ]
        },
        "SR 19": {
            "coordinate": [
                263809.52380952385,
                0,
                -84285.71428571429
            ]
        },
        "SR 90": {
            "coordinate": [
                266609.26961877005,
                0,
                -120736.39450922117
            ]
        },
        "SR 20": {
            "coordinate": [
                95000.00000000001,
                0,
                -139166.6666666667
            ]
        },
        "SR 95": {
            "coordinate": [
                130393.89434847014,
                0,
                -135672.44388002975
            ]
        },
        "SR 68": {
            "coordinate": [
                165787.7886969403,
                0,
                -132178.2210933928
            ]
        },
        "SR 89": {
            "coordinate": [
                201181.6830454104,
                0,
                -128683.99830675585
            ]
        },
        "SR 94": {
            "coordinate": [
                236575.57739388052,
                0,
                -125189.77552011891
            ]
        },
        "SR 32": {
            "coordinate": [
                116167.4007630316,
                0,
                -140031.56078532236
            ]
        },
        "SR 28": {
            "coordinate": [
                82602.58594821679,
                0,
                -117379.44438320596
            ]
        },
        "SR 16": {
            "coordinate": [
                49037.77113340197,
                0,
                -94727.32798108956
            ]
        },
        "SR 29": {
            "coordinate": [
                15472.956318587152,
                0,
                -72075.21157897315
            ]
        },
        "SR 74": {
            "coordinate": [
                -18091.858496227665,
                0,
                -49423.09517685675
            ]
        },
        "SR 55": {
            "coordinate": [
                -51656.6733110425,
                0,
                -26770.97877474033
            ]
        },
        "SR 17": {
            "coordinate": [
                -85221.4881258573,
                0,
                -4118.862372623931
            ]
        },
        "SR 46": {
            "coordinate": [
                -118786.30294067213,
                0,
                18533.25402949247
            ]
        },
        "SR 98": {
            "coordinate": [
                -193439.08071844993,
                0,
                137746.21699245545
            ]
        },
        "SR 30": {
            "coordinate": [
                -173763.154792524,
                0,
                107219.59662208508
            ]
        },
        "SR 33": {
            "coordinate": [
                -154087.22886659807,
                0,
                76692.9762517147
            ]
        },
        "SR 27": {
            "coordinate": [
                -134411.30294067215,
                0,
                46166.35588134432
            ]
        },
        "SR 57": {
            "coordinate": [
                -201540.93257030178,
                0,
                127329.55032578879
            ]
        },
        "SR 77": {
            "coordinate": [
                -160221.48812585732,
                0,
                129760.10588134435
            ]
        },
        "SR 13": {
            "coordinate": [
                -118902.04368141286,
                0,
                132190.6614368999
            ]
        },
        "SR 85": {
            "coordinate": [
                -77582.59923696842,
                0,
                134621.21699245545
            ]
        },
        "SR 81": {
            "coordinate": [
                22953.86571498739,
                0,
                183650.727324916
            ]
        },
        "SR 59": {
            "coordinate": [
                -15116.617396689766,
                0,
                192340.0666620367
            ]
        },
        "SR 44": {
            "coordinate": [
                -45646.77442426448,
                0,
                167993.07887414476
            ]
        },
        "SR 66": {
            "coordinate": [
                -45646.77442426448,
                0,
                128943.54235356452
            ]
        },
        "SR 69": {
            "coordinate": [
                -15116.617396689777,
                0,
                104596.55456567259
            ]
        },
        "SR 53": {
            "coordinate": [
                22953.86571498738,
                0,
                113285.8939027933
            ]
        },
        "SR 99": {
            "coordinate": [
                124940.33224578695,
                0,
                65292.542788485785
            ]
        },
        "SR 73": {
            "coordinate": [
                169940.33224578697,
                0,
                65292.542788485785
            ]
        },
        "SR 91": {
            "coordinate": [
                152997.37332942997,
                0,
                100474.95949954713
            ]
        },
        "SR 24": {
            "coordinate": [
                114926.8902177528,
                0,
                109164.29883666785
            ]
        },
        "SR 92": {
            "coordinate": [
                84396.73319017809,
                0,
                84817.31104877591
            ]
        },
        "SR 10": {
            "coordinate": [
                84396.73319017809,
                0,
                45767.774528195674
            ]
        },
        "SR 72": {
            "coordinate": [
                114926.89021775279,
                0,
                21420.786740303723
            ]
        },
        "SR 79": {
            "coordinate": [
                152997.37332942995,
                0,
                30110.126077424437
            ]
        }
    },
    "terrain": {
        "1753746373624": {
            "type": "nebulas",
            "seed": 2010,
            "start": [
                -328017.668613746,
                0.0,
                150300.74006980538
            ],
            "end": [
                -266184.3352804127,
                0.0,
                -149532.5932635279
            ],
            "density": 325,
            "scatter": 50000,
            "composition": []
        },
        "1753746420080": {
            "type": "asteroids",
            "seed": 2010,
            "start": [
                -296517.668613746,
                0.0,
                125800.74006980543
            ],
            "end": [
                -281351.0019470793,
                0.0,
                31300.74006980541
            ],
            "density": 225,
            "scatter": 10000,
            "composition": [
                "Ast. Std Rand"
            ]
        },
        "1753746446412": {
            "type": "nebulas",
            "seed": 2010,
            "start": [
                -241684.33528041272,
                0.0,
                129300.7400698054
            ],
            "end": [
                -139017.66861374603,
                0.0,
                129300.7400698054
            ],
            "density": 125,
            "scatter": 20000,
            "composition": []
        },
        "1753746469304": {
            "type": "nebulas",
            "seed": 2010,
            "start": [
                -99351.00194707936,
                0.0,
                83800.74006980544
            ],
            "end": [
                -58517.66861374603,
                0.0,
                86134.07340313874
            ],
            "density": 125,
            "scatter": 10000,
            "composition": []
        },
        "1753746485180": {
            "type": "asteroids",
            "seed": 2010,
            "start": [
                -16517.668613746035,
                0.0,
                98967.40673647207
            ],
            "end": [
                9148.998052920633,
                0.0,
                3300.74006980541
            ],
            "density": 325,
            "scatter": 20000,
            "composition": [
                "Ast. Std Rand"
            ]
        },
        "1753746544372": {
            "type": "nebulas",
            "seed": 2010,
            "start": [
                32838.81286773545,
                0.0,
                19925.7400698054
            ],
            "end": [
                194410.32780238308,
                0.0,
                46325.978180080405
            ],
            "density": 225,
            "scatter": 15000,
            "composition": []
        },
        "1753746560700": {
            "type": "nebulas",
            "seed": 2010,
            "start": [
                104945.29434921694,
                0.0,
                157657.22155128687
            ],
            "end": [
                168949.92397884655,
                0.0,
                117958.1474772128
            ],
            "density": 125,
            "scatter": 10000,
            "composition": []
        },
        "1753746622652": {
            "type": "nebulas",
            "seed": 2010,
            "start": [
                267126.2718229335,
                0.0,
                109441.05555516586
            ],
            "end": [
                277803.5853584288,
                0.0,
                98606.72270297207
            ],
            "density": 125,
            "scatter": 1000,
            "composition": []
        },
        "1753746639019": {
            "type": "nebulas",
            "seed": 2010,
            "start": [
                277646.56604173034,
                0.0,
                102689.22493713205
            ],
            "end": [
                292720.42044478265,
                0.0,
                102846.24425383053
            ],
            "density": 125,
            "scatter": 1000,
            "composition": []
        },
        "1753746646876": {
            "type": "nebulas",
            "seed": 2010,
            "start": [
                276390.4115081427,
                0.0,
                100804.9931367505
            ],
            "end": [
                281258.010325795,
                0.0,
                113523.55778932589
            ],
            "density": 125,
            "scatter": 1000,
            "composition": []
        },
        "1753746656091": {
            "type": "nebulas",
            "seed": 2010,
            "start": [
                266030.85376643727,
                0.0,
                97913.22352544461
            ],
            "end": [
                280472.9137423026,
                0.0,
                97978.64543617822
            ],
            "density": 125,
            "scatter": 1000,
            "composition": []
        },
        "1753746662644": {
            "type": "nebulas",
            "seed": 2010,
            "start": [
                280158.8751089058,
                0.0,
                102689.22493713205
            ],
            "end": [
                288951.9568440196,
                0.0,
                92639.98866843054
            ],
            "density": 125,
            "scatter": 1000,
            "composition": []
        },
        "1753746669052": {
            "type": "nebulas",
            "seed": 2010,
            "start": [
                275605.31492465036,
                0.0,
                87458.3512173813
            ],
            "end": [
                281886.0875925888,
                0.0,
                99862.87723655977
            ],
            "density": 125,
            "scatter": 1000,
            "composition": []
        },
        "1753746892728": {
            "type": "nebulas",
            "seed": 2010,
            "start": [
                183877.9203949757,
                0.0,
                46325.978180080405
            ],
            "end": [
                311076.99446904974,
                0.0,
                18779.68188378409
            ],
            "density": 125,
            "scatter": 15000,
            "composition": []
        },
        "1753746922648": {
            "type": "asteroids",
            "seed": 2010,
            "start": [
                320799.2166912719,
                0.0,
                75492.64484674705
            ],
            "end": [
                241401.0685431238,
                0.0,
                1765.7929948951987
            ],
            "density": 125,
            "scatter": 20000,
            "composition": [
                "Ast. Std Rand"
            ]
        },
        "1753746971175": {
            "type": "asteroids",
            "seed": 2010,
            "start": [
                308160.3027966675,
                0.0,
                -85721.77916445551
            ],
            "end": [
                255835.8429201242,
                0.0,
                -137483.6104401757
            ],
            "density": 125,
            "scatter": 10000,
            "composition": [
                "Ast. Std Rand"
            ]
        },
        "1753746997463": {
            "type": "nebulas",
            "seed": 2010,
            "start": [
                207449.78324934238,
                0.0,
                -114978.46640725389
            ],
            "end": [
                350357.44785839587,
                0.0,
                -146485.66805334442
            ],
            "density": 225,
            "scatter": 20000,
            "composition": []
        },
        "1753747023983": {
            "type": "asteroids",
            "seed": 2010,
            "start": [
                149282.98798185264,
                0.0,
                -28351.665995731288
            ],
            "end": [
                169699.6546485193,
                0.0,
                -90573.88821795353
            ],
            "density": 125,
            "scatter": 5000,
            "composition": [
                "Ast. Std Rand"
            ]
        },
        "1753747037551": {
            "type": "asteroids",
            "seed": 2010,
            "start": [
                169699.6546485193,
                0.0,
                -76962.77710684242
            ],
            "end": [
                151227.4324262971,
                0.0,
                -135296.11044017578
            ],
            "density": 125,
            "scatter": 5000,
            "composition": [
                "Ast. Std Rand"
            ]
        },
        "1753747057755": {
            "type": "nebulas",
            "seed": 2010,
            "start": [
                -13078.12312925848,
                0.0,
                -98351.66599573131
            ],
            "end": [
                61782.98798185263,
                0.0,
                -157657.22155128687
            ],
            "density": 125,
            "scatter": 10000,
            "composition": []
        },
        "1753747080727": {
            "type": "asteroids",
            "seed": 2010,
            "start": [
                -108355.90090703627,
                0.0,
                -56546.11044017574
            ],
            "end": [
                -97661.4564625918,
                0.0,
                -135296.11044017578
            ],
            "density": 525,
            "scatter": 7000,
            "composition": [
                "Ast. Std Rand"
            ]
        },
        "1753747106279": {
            "type": "nebulas",
            "seed": 2010,
            "start": [
                -135578.12312925849,
                0.0,
                -82796.11044017573
            ],
            "end": [
                -69467.01201814736,
                0.0,
                -108073.88821795353
            ],
            "density": 525,
            "scatter": 5000,
            "composition": []
        },
        "1753747496503": {
            "type": "asteroids",
            "seed": 2010,
            "start": [
                -346671.82419344387,
                0.0,
                8654.349138865973
            ],
            "end": [
                -324271.8241934439,
                0.0,
                -78145.65086113404
            ],
            "density": 525,
            "scatter": 10000,
            "composition": [
                "Ast. Std Rand"
            ]
        },
        "Little John": {
            "type": "blackhole",
            "name": "1753744585889",
            "coordinate": [
                279269.3769909156,
                0,
                100306.25293435222
            ],
            "size": 1000,
            "strength": 500
        }
    },
    "traffic": {
        "commercial": "medium",
        "civilian": "medium",
        "security": "medium"
    }
}