{
    "systemMapCoord": [
        60564.870711205745,
        0,
        -24205.1232180936
    ],
    "systemalignment": "Ximni",
    "metadata": {
        "skybox": "sky1-blue.png",
        "sysdescription": "Serving as the political and logistical heart of the Ximni Confederation, Isscar became the de facto capital when the population of Renaera could no longer sustain open governance. The temperate world of Issen Prime hosts the Confederation Forum \u2014 an immense orbital complex where votes are transmitted in real time from across the Confederation. Isscar\u2019s orbital lanes are crowded with freighters and jump couriers, and the system\u2019s twin suns make navigation challenging, leading to frequent \u201cshadow drift\u201d incidents when ships miscalculate their approach vectors. The Isscar Jump Nexus is a key Jump Point.",
        "security": "Neutral",
        "exports": [],
        "focus": "Agriculture",
        "intel": {
            "pirate": "Low",
            "enemy": "Low",
            "assets": [
                "Fortification"
            ]
        },
        "development": "Regional Capital",
        "visible": true
    },
    "objects": {
        "Renaera Portal": {
            "coordinate": [
                148333.3333333333,
                0,
                46000.0
            ],
            "type": "jumpnode",
            "jumppointtype": "Node",
            "destinations": {
                "Portal of Renewal": "Renaera"
            },
            "state": "Tethered",
            "drift": 0
        },
        "Isscar Portal Nexus": {
            "coordinate": [
                -7500.000000000001,
                0,
                74166.66666666667
            ],
            "type": "jumpnode",
            "jumppointtype": "Node",
            "destinations": {
                "Banner Portal": "Tjorath",
                "Gateforge Portal": "Fymla",
                "Hoprate Portal": "Memoras",
                "Portal Of Plenty": "Chawaras"
            },
            "state": "Tethered",
            "drift": 35000
        }
    },
    "sensor_relay": {},
    "terrain": {},
    "traffic": {
        "security": "heavy",
        "civilian": "heavy",
        "commercial": "heavy"
    }
}