{
    "systemMapCoord": [
        66047.50592439494,
        0,
        -17078.60808632809
    ],
    "systemalignment": "Ximni",
    "metadata": {
        "sysdescription": "Kudos is a newly claimed system that was recently discovered after the Freya Fracture Inident in 2245",
        "security": "Low",
        "exports": [],
        "focus": "",
        "intel": {
            "pirate": "Mid",
            "enemy": "Mid",
            "assets": []
        },
        "development": "Uninhabited",
        "visible": true,
        "skybox": "sky1.png"
    },
    "objects": {
        "JP 56": {
            "coordinate": [
                -381485.35679999995,
                0,
                68096.88832000001
            ],
            "type": "jumppoint",
            "jumppointtype": "Node",
            "destinations": {
                "Portal of Renewal": "Renaera"
            },
            "state": "Tethered",
            "drift": 25000
        }
    },
    "sensor_relay": {},
    "terrain": {},
    "traffic": {}
}