{
    "systemMapCoord": [
        54438.76564430887,
        0,
        -14523.30681866218
    ],
    "systemalignment": "Ximni",
    "metadata": {
        "skybox": "sky1.png",
        "sysdescription": "The Memoras Free Zone is the Confederation\u2019s great bazaar \u2014 a chaotic frontier world where trade, innovation, and revelry blur together. Located on the edge of Ximni-controlled space, Memoras orbits a binary star that floods the skies in constant aurorae. The world\u2019s capital, Doxx City, is infamous for its floating taverns, neon airships, and open-air trade domes. Merchants from across the USFP and even the Hegemony conduct business here, protected by local neutrality laws. Memoras is also home to the Circle of Xim, a semi-religious order of storytellers and philosophers who record and judge acts of courage across the Confederation.",
        "security": "Neutral",
        "exports": [],
        "focus": "",
        "intel": {
            "pirate": "Low",
            "enemy": "Low",
            "assets": []
        },
        "development": "Unclaimed",
        "visible": true
    },
    "objects": {
        "Hoprate Portal": {
            "coordinate": [
                53333.333333333336,
                0,
                29166.666666666668
            ],
            "type": "jumpnode",
            "jumppointtype": "Node",
            "destinations": {
                "Isscar Portal Nexus": "Isscar"
            },
            "state": "Tethered",
            "drift": 43000
        },
        "Botath Portal": {
            "coordinate": [
                -136666.6666666667,
                0,
                34166.66666666667
            ],
            "type": "jumpnode",
            "jumppointtype": "Node",
            "destinations": {
                "Banner Portal": "Tjorath"
            },
            "state": "Tethered",
            "drift": 0
        }
    },
    "sensor_relay": {},
    "terrain": {},
    "traffic": {}
}