{
    "systemMapCoord": [
        -4346.87641632267,
        0,
        -2257.1774693191414
    ],
    "systemalignment": "Torgoth",
    "metadata": {
        "sysdescription": "",
        "security": "Neutral",
        "exports": [],
        "focus": "",
        "intel": {},
        "development": "Unclaimed",
        "visible": true,
        "skybox": "sky1.png"
    },
    "objects": {
        "Charon Gate": {
            "coordinate": [
                -81960.40455442769,
                0,
                -142366.49010801828
            ],
            "type": "jumpnode",
            "jumppointtype": "Node",
            "destinations": {},
            "state": "Tethered",
            "drift": 0
        },
        "Holtair Gate": {
            "coordinate": [
                156687.20835233195,
                0,
                160766.06816720657
            ],
            "type": "jumpnode",
            "jumppointtype": "Node",
            "destinations": {},
            "state": "Tethered",
            "drift": 0
        },
        "Jotar Gate": {
            "coordinate": [
                -187377.60646248283,
                0,
                116145.6977968362
            ],
            "type": "jumpnode",
            "jumppointtype": "Node",
            "destinations": {},
            "state": "Tethered",
            "drift": 0
        },
        "WP 97": {
            "coordinate": [
                -61562.2358892994,
                0,
                -114918.68792914202
            ],
            "sides": [
                "Torgoth"
            ],
            "hull": "defense_platform_torp",
            "type": "platform",
            "cargo": {},
            "teams": {}
        },
        "WP 80": {
            "coordinate": [
                -51243.82364911481,
                0,
                -124452.0035858343
            ],
            "sides": [
                "Torgoth"
            ],
            "hull": "defense_platform_torp",
            "type": "platform",
            "cargo": {},
            "teams": {}
        },
        "WP 57": {
            "coordinate": [
                -45523.834255099435,
                0,
                -137125.70557649582
            ],
            "sides": [
                "Torgoth"
            ],
            "hull": "defense_platform_torp",
            "type": "platform",
            "cargo": {},
            "teams": {}
        },
        "WP 23": {
            "coordinate": [
                -44963.05098117636,
                0,
                -152266.85397241884
            ],
            "sides": [
                "Torgoth"
            ],
            "hull": "defense_platform_torp",
            "type": "platform",
            "cargo": {},
            "teams": {}
        },
        "WP 55": {
            "coordinate": [
                -51580.29361346865,
                0,
                -165725.65254657267
            ],
            "sides": [
                "Torgoth"
            ],
            "hull": "defense_platform_torp",
            "type": "platform",
            "cargo": {},
            "teams": {}
        },
        "WP 69": {
            "coordinate": [
                -61450.079234514786,
                0,
                -174586.02827455726
            ],
            "sides": [
                "Torgoth"
            ],
            "hull": "defense_platform_torp",
            "type": "platform",
            "cargo": {},
            "teams": {}
        },
        "WP 14": {
            "coordinate": [
                -75693.9743921609,
                0,
                -178735.82450158804
            ],
            "sides": [
                "Torgoth"
            ],
            "hull": "defense_platform_torp",
            "type": "platform",
            "cargo": {},
            "teams": {}
        },
        "WP 39": {
            "coordinate": [
                -89937.86954980703,
                0,
                -178623.6678468034
            ],
            "sides": [
                "Torgoth"
            ],
            "hull": "defense_platform_torp",
            "type": "platform",
            "cargo": {},
            "teams": {}
        },
        "WP 54": {
            "coordinate": [
                -103396.66812396084,
                0,
                -171109.1719762342
            ],
            "sides": [
                "Torgoth"
            ],
            "hull": "defense_platform_torp",
            "type": "platform",
            "cargo": {},
            "teams": {}
        },
        "WP 68": {
            "coordinate": [
                -111359.79061366852,
                0,
                -159332.7232238496
            ],
            "sides": [
                "Torgoth"
            ],
            "hull": "defense_platform_torp",
            "type": "platform",
            "cargo": {},
            "teams": {}
        },
        "WP 71": {
            "coordinate": [
                -113715.08036414544,
                0,
                -144303.73148271118
            ],
            "sides": [
                "Torgoth"
            ],
            "hull": "defense_platform_torp",
            "type": "platform",
            "cargo": {},
            "teams": {}
        },
        "WP 27": {
            "coordinate": [
                -111359.7906136685,
                0,
                -129723.36636071121
            ],
            "sides": [
                "Torgoth"
            ],
            "hull": "defense_platform_torp",
            "type": "platform",
            "cargo": {},
            "teams": {}
        },
        "WP 22": {
            "coordinate": [
                -101826.47495697624,
                0,
                -118732.01419181893
            ],
            "sides": [
                "Torgoth"
            ],
            "hull": "defense_platform_torp",
            "type": "platform",
            "cargo": {},
            "teams": {}
        },
        "WP 48": {
            "coordinate": [
                -89377.08627588395,
                0,
                -111666.14494038819
            ],
            "sides": [
                "Torgoth"
            ],
            "hull": "defense_platform_torp",
            "type": "platform",
            "cargo": {},
            "teams": {}
        },
        "WP 34": {
            "coordinate": [
                -75357.50442780706,
                0,
                -110432.42173775741
            ],
            "sides": [
                "Torgoth"
            ],
            "hull": "defense_platform_torp",
            "type": "platform",
            "cargo": {},
            "teams": {}
        },
        "Brekka": {
            "coordinate": [
                -7321.497485034783,
                0,
                -187182.3123846099
            ],
            "sides": [
                "Torgoth"
            ],
            "hull": "starbase_command",
            "type": "station",
            "facilities": [],
            "cargo": {},
            "teams": {},
            "description": ""
        },
        "Isa Aka": {
            "coordinate": [
                -232309.5304640014,
                0,
                -165890.39208854217
            ],
            "sides": [
                "Torgoth"
            ],
            "hull": "starbase_science",
            "type": "station",
            "facilities": [],
            "cargo": {},
            "teams": {},
            "description": "",
            "hideonmap": true
        },
        "Ri Ishi": {
            "coordinate": [
                -108681.22385106137,
                0,
                -5480.544980631801
            ],
            "sides": [
                "Torgoth"
            ],
            "hull": "starbase_command",
            "type": "station",
            "facilities": [],
            "cargo": {},
            "teams": {},
            "description": ""
        },
        "Throsc": {
            "coordinate": [
                -113528.28289114355,
                0,
                -11081.362204462856
            ],
            "sides": [
                "Torgoth"
            ],
            "hull": "starbase_command",
            "type": "station",
            "facilities": [],
            "cargo": {},
            "teams": {},
            "description": ""
        },
        "Vraknor": {
            "coordinate": [
                -194204.52203350308,
                0,
                158555.69901799646
            ],
            "sides": [
                "Torgoth"
            ],
            "hull": "starbase_civil",
            "type": "station",
            "facilities": [],
            "cargo": {},
            "teams": {},
            "description": ""
        },
        "Ruktarn": {
            "coordinate": [
                -176496.18870016976,
                0,
                146865.88420318163
            ],
            "sides": [
                "Torgoth"
            ],
            "hull": "starbase_command",
            "type": "station",
            "facilities": [],
            "cargo": {},
            "teams": {},
            "description": ""
        },
        "Krashnekk": {
            "coordinate": [
                139670.7397070715,
                0,
                140298.8534138862
            ],
            "sides": [
                "Torgoth"
            ],
            "hull": "starbase_command",
            "type": "station",
            "facilities": [],
            "cargo": {},
            "teams": {},
            "description": ""
        },
        "Mardruk": {
            "coordinate": [
                144586.76921184055,
                0,
                128954.36142939611
            ],
            "sides": [
                "Torgoth"
            ],
            "hull": "starbase_civil",
            "type": "station",
            "facilities": [],
            "cargo": {},
            "teams": {},
            "description": ""
        },
        "WP 4": {
            "coordinate": [
                -120308.77417947145,
                0,
                -6832.148113961602
            ],
            "sides": [
                "Torgoth"
            ],
            "hull": "defense_platform_torp",
            "type": "platform",
            "cargo": {},
            "teams": {}
        },
        "WP 95": {
            "coordinate": [
                -110101.28450532122,
                0,
                -14856.077189774474
            ],
            "sides": [
                "Torgoth"
            ],
            "hull": "defense_platform_torp",
            "type": "platform",
            "cargo": {},
            "teams": {}
        },
        "WP 21": {
            "coordinate": [
                -103573.67730537482,
                0,
                -2692.769395806452
            ],
            "sides": [
                "Torgoth"
            ],
            "hull": "defense_platform_torp",
            "type": "platform",
            "cargo": {},
            "teams": {}
        },
        "WP 58": {
            "coordinate": [
                -10338.215592030529,
                0,
                -178055.49624092004
            ],
            "sides": [
                "Torgoth"
            ],
            "hull": "defense_platform_torp",
            "type": "platform",
            "cargo": {},
            "teams": {}
        },
        "WP 93": {
            "coordinate": [
                141418.0311276798,
                0,
                129829.5773675911
            ],
            "sides": [
                "Torgoth"
            ],
            "hull": "defense_platform_torp",
            "type": "platform",
            "cargo": {},
            "teams": {}
        },
        "WP 12": {
            "coordinate": [
                140949.0877823587,
                0,
                138220.16344531055
            ],
            "sides": [
                "Torgoth"
            ],
            "hull": "defense_platform_torp",
            "type": "platform",
            "cargo": {},
            "teams": {}
        },
        "Drengol": {
            "coordinate": [
                258844.46223565275,
                0,
                -170936.74819176283
            ],
            "sides": [
                "Torgoth"
            ],
            "hull": "starbase_science",
            "type": "station",
            "facilities": [],
            "cargo": {},
            "teams": {},
            "description": "",
            "hideonmap": true
        },
        "WP 75": {
            "coordinate": [
                258097.59778576953,
                0,
                -173623.41650318867
            ],
            "sides": [
                "Torgoth"
            ],
            "hull": "defense_platform_torp",
            "type": "platform",
            "cargo": {},
            "teams": {},
            "hideonmap": true
        },
        "WP 78": {
            "coordinate": [
                259880.4549449176,
                0,
                -169240.20077681032
            ],
            "sides": [
                "Torgoth"
            ],
            "hull": "defense_platform_torp",
            "type": "platform",
            "cargo": {},
            "teams": {},
            "hideonmap": true
        }
    },
    "sensor_relay": {
        "SR 56": {
            "coordinate": [
                -168731.75135258527,
                0,
                104961.82387034365
            ]
        },
        "SR 81": {
            "coordinate": [
                -178230.9833198921,
                0,
                -183068.78312554111
            ]
        },
        "SR 35": {
            "coordinate": [
                -25137.615550116152,
                0,
                -182115.72242595264
            ]
        },
        "SR 38": {
            "coordinate": [
                -99187.36371014534,
                0,
                -3467.4183063072737
            ]
        },
        "SR 71": {
            "coordinate": [
                125535.98124819963,
                0,
                135071.4923088438
            ]
        },
        "SR 41": {
            "coordinate": [
                195652.3649930556,
                0,
                169679.902802671
            ]
        },
        "SR 75": {
            "coordinate": [
                -211774.33253780863,
                0,
                133615.08798785618
            ]
        },
        "SR 73": {
            "coordinate": [
                195403.9572630876,
                0,
                -138014.62027681078
            ]
        },
        "SR 83": {
            "coordinate": [
                -237695.43908703048,
                0,
                -78003.75036170315
            ]
        },
        "SR 88": {
            "coordinate": [
                -254962.10575369713,
                0,
                34496.249638296875
            ]
        },
        "SR 17": {
            "coordinate": [
                -124728.77242036379,
                0,
                215096.2496382969
            ]
        },
        "SR 21": {
            "coordinate": [
                -10028.772420363748,
                0,
                238429.5829716302
            ]
        },
        "SR 84": {
            "coordinate": [
                101604.56091296951,
                0,
                226529.5829716302
            ]
        },
        "SR 60": {
            "coordinate": [
                240871.22757963624,
                0,
                98662.91630496354
            ]
        },
        "SR 12": {
            "coordinate": [
                257537.89424630292,
                0,
                20329.582971630203
            ]
        },
        "SR 23": {
            "coordinate": [
                240871.22757963624,
                0,
                -60503.75036170314
            ]
        },
        "SR 10": {
            "coordinate": [
                151364.1116674278,
                0,
                -204952.80300230673
            ]
        },
        "SR 25": {
            "coordinate": [
                79364.11166742777,
                0,
                -244952.80300230673
            ]
        },
        "SR 43": {
            "coordinate": [
                -635.8883325722218,
                0,
                -261952.80300230673
            ]
        },
        "SR 65": {
            "coordinate": [
                -103635.88833257221,
                0,
                -237952.80300230673
            ]
        }
    },
    "terrain": {
        "Nakkuti": {
            "type": "blackhole",
            "name": "1754847586314",
            "coordinate": [
                -576.3463076227708,
                0,
                1264.726224215001
            ],
            "size": 5000,
            "strength": 2000,
            "description": "Massive BH anchoring the system"
        },
        "1754850334616": {
            "type": "nebulas",
            "seed": 2010,
            "start": [
                19112.449354670625,
                0,
                2090.6863968702946
            ],
            "end": [
                19514.32692668709,
                0,
                26203.34071785795
            ],
            "density": 225,
            "scatter": 3000,
            "composition": []
        },
        "1754850362864": {
            "type": "nebulas",
            "seed": 2010,
            "start": [
                -21284.762403651293,
                0,
                38353.327238911144
            ],
            "end": [
                -1190.8838028282462,
                0,
                21072.591642203326
            ],
            "density": 225,
            "scatter": 3000,
            "composition": []
        },
        "1754850371048": {
            "type": "nebulas",
            "seed": 2010,
            "start": [
                -39561.67615973268,
                0,
                8922.60512115013
            ],
            "end": [
                -16864.109111470225,
                0,
                18661.32621010456
            ],
            "density": 225,
            "scatter": 3000,
            "composition": []
        },
        "1754850380336": {
            "type": "nebulas",
            "seed": 2010,
            "start": [
                -18664.042414876705,
                0,
                81.29853678798958
            ],
            "end": [
                -19065.919986893165,
                0,
                -26442.621216298434
            ],
            "density": 225,
            "scatter": 3000,
            "composition": []
        },
        "1754850389256": {
            "type": "nebulas",
            "seed": 2010,
            "start": [
                -1758.37255885617,
                0,
                -18030.42687843209
            ],
            "end": [
                15490.423693779361,
                0,
                -34116.38293426073
            ],
            "density": 225,
            "scatter": 3000,
            "composition": []
        },
        "1754850400304": {
            "type": "nebulas",
            "seed": 2010,
            "start": [
                14763.082345121882,
                0,
                -16782.155448136935
            ],
            "end": [
                38407.49968019531,
                0,
                -4572.333381664593
            ],
            "density": 225,
            "scatter": 3000,
            "composition": []
        },
        "1754850519420": {
            "type": "nebulas",
            "seed": 2010,
            "start": [
                -16207.647059032843,
                0,
                37661.51484449084
            ],
            "end": [
                -53030.91995791768,
                0,
                16924.198001434645
            ],
            "density": 125,
            "scatter": 5000,
            "composition": []
        },
        "1754850530245": {
            "type": "nebulas",
            "seed": 2010,
            "start": [
                -16595.26045796847,
                0,
                52972.244102448225
            ],
            "end": [
                19452.78564304511,
                0,
                22350.785586533464
            ],
            "density": 125,
            "scatter": 5000,
            "composition": []
        },
        "1754850541836": {
            "type": "nebulas",
            "seed": 2010,
            "start": [
                -35394.51030634652,
                0,
                12272.837214207086
            ],
            "end": [
                -35006.89690741089,
                0,
                -24938.049083613383
            ],
            "density": 125,
            "scatter": 5000,
            "composition": []
        },
        "1754850550620": {
            "type": "nebulas",
            "seed": 2010,
            "start": [
                -18727.134152114435,
                0,
                -21449.528493192716
            ],
            "end": [
                6962.928917195502,
                0,
                -45938.59160179744
            ],
            "density": 125,
            "scatter": 5000,
            "composition": []
        },
        "1754850558932": {
            "type": "nebulas",
            "seed": 2010,
            "start": [
                52832.13933328009,
                0,
                -16190.234851074498
            ],
            "end": [
                10257.642808148357,
                0,
                -31596.895841179135
            ],
            "density": 125,
            "scatter": 5000,
            "composition": []
        },
        "1754850566580": {
            "type": "nebulas",
            "seed": 2010,
            "start": [
                34576.22010663678,
                0,
                29913.898226565467
            ],
            "end": [
                33174.7187945643,
                0,
                -7479.433873681817
            ],
            "density": 125,
            "scatter": 5000,
            "composition": []
        },
        "1754850852904": {
            "type": "nebulas",
            "seed": 2010,
            "start": [
                -231636.1024628347,
                0,
                -151418.4126318424
            ],
            "end": [
                -164136.1024628347,
                0,
                -220585.07929850905
            ],
            "density": 525,
            "scatter": 20000,
            "composition": []
        },
        "1754850882972": {
            "type": "nebulas",
            "seed": 2010,
            "start": [
                293363.8975371653,
                0,
                -122251.74596517572
            ],
            "end": [
                235863.89753716532,
                0,
                -213085.07929850905
            ],
            "density": 525,
            "scatter": 20000,
            "composition": []
        },
        "1754850902456": {
            "type": "nebulas",
            "seed": 2010,
            "start": [
                171697.23087049866,
                0,
                -2251.7459651757104
            ],
            "end": [
                47460.91846614061,
                0,
                -149092.50596622485
            ],
            "density": 512,
            "scatter": 25000,
            "composition": []
        },
        "1754850924207": {
            "type": "nebulas",
            "seed": 2010,
            "start": [
                -46636.102462834686,
                0,
                228581.58736815763
            ],
            "end": [
                -168302.76912950136,
                0,
                42748.25403482429
            ],
            "density": 225,
            "scatter": 15000,
            "composition": []
        },
        "1754850935151": {
            "type": "nebulas",
            "seed": 2010,
            "start": [
                -168302.76912950136,
                0,
                51081.58736815763
            ],
            "end": [
                -171636.1024628347,
                0,
                -61418.41263184238
            ],
            "density": 125,
            "scatter": 10000,
            "composition": []
        },
        "1754850956008": {
            "type": "nebulas",
            "seed": 2010,
            "start": [
                60863.89753716532,
                0,
                175248.2540348243
            ],
            "end": [
                125166.8936688527,
                0,
                113625.0318537546
            ],
            "density": 25,
            "scatter": 10000,
            "composition": []
        },
        "1754850999264": {
            "type": "nebulas",
            "seed": 2010,
            "start": [
                -178931.62715419268,
                0,
                227200.41452865148
            ],
            "end": [
                -235598.29382085934,
                0,
                168867.08119531814
            ],
            "density": 125,
            "scatter": 10000,
            "composition": []
        },
        "1754851018352": {
            "type": "asteroids",
            "seed": 2010,
            "start": [
                -75666.43966448065,
                0,
                169458.36518708794
            ],
            "end": [
                -149833.1063311473,
                0,
                48625.0318537546
            ],
            "density": 225,
            "scatter": 15000,
            "composition": [
                "Ast. Std Rand"
            ]
        },
        "1754851027744": {
            "type": "asteroids",
            "seed": 2010,
            "start": [
                266068.37284580735,
                0,
                -110299.58547134855
            ],
            "end": [
                256068.37284580737,
                0,
                -226132.9188046819
            ],
            "density": 125,
            "scatter": 10000,
            "composition": [
                "Ast. Std Rand"
            ]
        },
        "1754851066832": {
            "type": "asteroids",
            "seed": 2010,
            "start": [
                158500.22700218603,
                0,
                -17208.301479578742
            ],
            "end": [
                172666.89366885272,
                0,
                84458.36518708793
            ],
            "density": 324,
            "scatter": 20000,
            "composition": [
                "Ast. Std Rand"
            ]
        },
        "1754851085695": {
            "type": "asteroids",
            "seed": 2010,
            "start": [
                -68748.6794419527,
                0,
                -221430.46892918786
            ],
            "end": [
                2215.492187371145,
                0,
                -217447.8622203197
            ],
            "density": 812,
            "scatter": 7000,
            "composition": [
                "Ast. Std Rand"
            ]
        }
    },
    "traffic": {}
}