{
    "systemMapCoord": [
        -211.0723265045737,
        0,
        19913.59053760462
    ],
    "systemalignment": "USFP",
    "sensor_relay": {
        "SR 94": {
            "coordinate": [
                -146411.52501524158,
                0,
                -140701.95806660567
            ]
        },
        "SR 67": {
            "coordinate": [
                -107712.20326550829,
                0,
                -125259.44025301017
            ]
        },
        "SR 95": {
            "coordinate": [
                -69012.881515775,
                0,
                -109816.92243941467
            ]
        },
        "SR 91": {
            "coordinate": [
                -30313.559766041726,
                0,
                -94374.40462581918
            ]
        },
        "SR 46": {
            "coordinate": [
                8385.76198369157,
                0,
                -78931.88681222369
            ]
        },
        "SR 59": {
            "coordinate": [
                47085.083733424835,
                0,
                -63489.3689986282
            ]
        },
        "SR 88": {
            "coordinate": [
                24367.837648605448,
                0,
                -32176.40817901228
            ]
        },
        "SR 92": {
            "coordinate": [
                -23.898319615866058,
                0,
                2206.4507601738296
            ]
        },
        "SR 57": {
            "coordinate": [
                -24415.63428783718,
                0,
                36589.30969935995
            ]
        },
        "SR 93": {
            "coordinate": [
                -48807.37025605849,
                0,
                70972.16863854605
            ]
        },
        "SR 10": {
            "coordinate": [
                -73199.1062242798,
                0,
                105355.02757773217
            ]
        },
        "SR 37": {
            "coordinate": [
                -176738.39734796525,
                0,
                -151679.1695244627
            ]
        },
        "SR 14": {
            "coordinate": [
                -131738.39734796525,
                0,
                -151679.1695244627
            ]
        },
        "SR 86": {
            "coordinate": [
                -148681.35626432224,
                0,
                -116496.75281340134
            ]
        },
        "SR 18": {
            "coordinate": [
                -186751.8393759994,
                0,
                -107807.41347628064
            ]
        },
        "SR 15": {
            "coordinate": [
                -217281.9964035741,
                0,
                -132154.40126417257
            ]
        },
        "SR 76": {
            "coordinate": [
                -217281.9964035741,
                0,
                -171203.9377847528
            ]
        },
        "SR 22": {
            "coordinate": [
                -186751.8393759994,
                0,
                -195550.92557264474
            ]
        },
        "SR 12": {
            "coordinate": [
                -148681.35626432224,
                0,
                -186861.58623552404
            ]
        },
        "SR 65": {
            "coordinate": [
                95992.22679469598,
                0,
                -62652.12405692724
            ]
        },
        "SR 73": {
            "coordinate": [
                79049.267878339,
                0,
                -27469.7073458659
            ]
        },
        "SR 51": {
            "coordinate": [
                40978.78476666184,
                0,
                -18780.36800874518
            ]
        },
        "SR 84": {
            "coordinate": [
                10448.627739087126,
                0,
                -43127.35579663712
            ]
        },
        "SR 30": {
            "coordinate": [
                40978.784766661825,
                0,
                -106523.8801051093
            ]
        },
        "SR 83": {
            "coordinate": [
                79049.26787833899,
                0,
                -97834.5407679886
            ]
        }
    },
    "objects": {
        "Relyn Station": {
            "coordinate": [
                -69596.99380215476,
                0,
                105195.30332111627
            ],
            "sides": [
                "USFP"
            ],
            "hull": "starbase_command",
            "type": "station",
            "facilities": [
                "Docking",
                "Refuel",
                "Repair"
            ],
            "cargo": {
                "Homing": 75,
                "Nuke": 12,
                "EMP": 12,
                "Mine": 12,
                "High Yield Warhead": 15,
                "Warhead": 60,
                "Torpedo Casing": 40,
                "Casing": 16,
                "Transmitter": 35,
                "Navigational Array": 1,
                "Tactical Array": 10,
                "Sensor Suite": 6,
                "Guidance System": 60,
                "Receiver": 15
            },
            "teams": {
                "DamCon": 4,
                "Medics": 2,
                "Combat Engineers": 3,
                "Marines": 4
            },
            "dockaccesscode": "23511",
            "description": "Relyn Station was built in 2352 and serves as the primary command and control center of the Oberon System."
        },
        "Larosea Station": {
            "coordinate": [
                36804.828125,
                0.0,
                -70432.203125
            ],
            "sides": [
                "USFP"
            ],
            "hull": "starbase_industry",
            "type": "station",
            "facilities": [
                "Docking",
                "Refuel",
                "Repair"
            ],
            "cargo": {
                "Iron": 60,
                "Tharium": 60,
                "Reisium": 60,
                "Alerite": 54,
                "Cabrite": 35,
                "Ashfilum": 58,
                "Denebite": 30,
                "Aegirine": 151,
                "Nuidinium": 159,
                "Gredian": 10,
                "Warhead": 10,
                "Life Support": 1,
                "Micro Controller": 8,
                "Power Relay": 16,
                "Casing": 15,
                "Homing": 35,
                "Torpedo Casing": 10
            },
            "teams": {
                "DamCon": 1,
                "Medics": 0
            },
            "dockaccesscode": "17338",
            "description": ""
        },
        "Azura": {
            "coordinate": [
                43127.4375,
                0.0,
                -59322.4375
            ],
            "sides": [
                "USFP"
            ],
            "hull": "starbase_civil",
            "type": "station",
            "facilities": [
                "Docking"
            ],
            "cargo": {
                "Repair Materials": 14,
                "Medical Supplies": 7,
                "Iso B Circuit": 25,
                "Container": 25,
                "Life Support": 0,
                "Micro Controller": 5,
                "Power Relay": 14,
                "Aid Package": 19,
                "Pets": 5,
                "Torpedo Casing": 7,
                "Casing": 8,
                "Coffee": 6,
                "Tea": 3,
                "Alcohol": 11
            },
            "teams": {},
            "description": ""
        },
        "Orica": {
            "coordinate": [
                53262.5234375,
                0.0,
                -63930.703125
            ],
            "sides": [
                "USFP"
            ],
            "hull": "starbase_civil",
            "type": "station",
            "facilities": [
                "Docking"
            ],
            "cargo": {
                "Repair Materials": 14,
                "Medical Supplies": 9,
                "Iso B Circuit": 26,
                "Container": 26,
                "Life Support": 0,
                "Micro Controller": 7,
                "Power Relay": 16,
                "Aid Package": 15,
                "Pets": 3,
                "Torpedo Casing": 4,
                "Casing": 8,
                "Coffee": 6,
                "Tea": 6,
                "Alcohol": 3
            },
            "teams": {
                "Diplomats": 2
            },
            "description": ""
        },
        "Tirell": {
            "coordinate": [
                51764.8203125,
                0.0,
                -50293.69140625
            ],
            "sides": [
                "USFP"
            ],
            "hull": "starbase_civil",
            "type": "station",
            "facilities": [
                "Docking",
                "Refuel"
            ],
            "cargo": {
                "Repair Materials": 16,
                "Medical Supplies": 10,
                "Iso B Circuit": 25,
                "Container": 25,
                "Life Support": 1,
                "Micro Controller": 8,
                "Power Relay": 16,
                "Aid Package": 16,
                "Pets": 4,
                "Torpedo Casing": 5,
                "Casing": 6,
                "Coffee": 5,
                "Tea": 5,
                "Alcohol": 5
            },
            "teams": {},
            "description": ""
        },
        "Aturin Gate": {
            "coordinate": [
                -182021.48409100657,
                0,
                -152951.0115705018
            ],
            "type": "jumpnode",
            "jumppointtype": "Node",
            "destinations": {
                "Merex Gate": "Waypoint 46",
                "Vermilion Gate": "Corus",
                "Rock Breaker Gate": "Hypherion"
            },
            "state": "Tethered",
            "drift": 0
        },
        "AU 22": {
            "coordinate": [
                -76530.41823309615,
                0,
                100530.78193587107
            ],
            "sides": [
                "USFP"
            ],
            "hull": "usfp_industrial_assembly",
            "type": "station",
            "facilities": [],
            "cargo": {},
            "teams": {},
            "description": ""
        },
        "PU 13": {
            "coordinate": [
                -68832.59181107584,
                0,
                96099.50587634319
            ],
            "sides": [
                "USFP"
            ],
            "hull": "usfp_industrial_processor",
            "type": "station",
            "facilities": [],
            "cargo": {},
            "teams": {},
            "description": ""
        },
        "RU 36": {
            "coordinate": [
                -65282.72144464567,
                0,
                101241.16697720678
            ],
            "sides": [
                "USFP"
            ],
            "hull": "usfp_industrial_refinary",
            "type": "station",
            "facilities": [],
            "cargo": {},
            "teams": {},
            "description": ""
        },
        "SM 02": {
            "coordinate": [
                -75462.11629979708,
                0,
                91473.38763592395
            ],
            "sides": [
                "USFP"
            ],
            "hull": "usfp_industrial_storage",
            "type": "station",
            "facilities": [],
            "cargo": {},
            "teams": {},
            "description": ""
        },
        "SM 01": {
            "coordinate": [
                -55735.00377407692,
                0,
                86003.93280964221
            ],
            "sides": [
                "USFP"
            ],
            "hull": "usfp_industrial_storage",
            "type": "station",
            "facilities": [],
            "cargo": {},
            "teams": {},
            "description": ""
        },
        "I 981": {
            "coordinate": [
                -59427.23789723368,
                0,
                104681.90534622202
            ],
            "sides": [
                "USFP"
            ],
            "hull": "usfp_industrial_unit",
            "type": "station",
            "facilities": [
                "Docking"
            ],
            "cargo": {
                "Iron": 60,
                "Tharium": 60,
                "Reisium": 60,
                "Alerite": 54,
                "Cabrite": 35,
                "Ashfilum": 58,
                "Denebite": 30,
                "Aegirine": 151,
                "Nuidinium": 159,
                "Gredian": 10,
                "Warhead": 10,
                "Life Support": 1,
                "Micro Controller": 8,
                "Power Relay": 16,
                "Casing": 15,
                "Homing": 35,
                "Torpedo Casing": 10
            },
            "teams": {
                "DamCon": 1,
                "Medics": 0
            },
            "description": ""
        },
        "RS 33 (Xenara)": {
            "coordinate": [
                46873.99609375,
                177.78456115722656,
                -93096.5703125
            ],
            "sides": [
                "USFP"
            ],
            "hull": "starbase_science",
            "type": "station",
            "facilities": [
                "Docking"
            ],
            "cargo": {
                "High Yield Warhead": 10,
                "Life Support": 3,
                "Medical Supplies": 16,
                "Micro Controller": 25,
                "Power Relay": 16,
                "Transmitter": 8,
                "Receiver": 6,
                "Analysis Suite": 8,
                "Sensor Suite": 8,
                "Guidance System": 15,
                "Wild Animals": 15,
                "Casing": 15,
                "EMP": 10,
                "Homing": 35
            },
            "teams": {
                "DamCon": 2,
                "Medics": 2
            },
            "description": ""
        },
        "SM 43": {
            "coordinate": [
                56148.125,
                0.0,
                -56322.40234375
            ],
            "sides": [
                "USFP"
            ],
            "hull": "usfp_industrial_storage",
            "type": "station",
            "facilities": [],
            "cargo": {},
            "teams": {},
            "description": ""
        },
        "SM 2X": {
            "coordinate": [
                43321.09375,
                0.0,
                -89569.0234375
            ],
            "sides": [
                "USFP"
            ],
            "hull": "usfp_industrial_storage",
            "type": "station",
            "facilities": [],
            "cargo": {},
            "teams": {},
            "description": ""
        },
        "Transit Auth": {
            "coordinate": [
                -170877.68275605852,
                0,
                -140794.98528235022
            ],
            "sides": [
                "USFP"
            ],
            "hull": "starbase_command",
            "type": "station",
            "facilities": [
                "Docking",
                "Refuel",
                "Repair"
            ],
            "cargo": {
                "Homing": 51,
                "Nuke": 2,
                "EMP": 5,
                "Mine": 6,
                "High Yield Warhead": 16,
                "Warhead": 55,
                "Torpedo Casing": 54,
                "Casing": 64,
                "Navigational Array": 0,
                "Tactical Array": 9,
                "Guidance System": 62
            },
            "teams": {
                "DamCon": 9,
                "Medics": 3,
                "Combat Engineers": 1
            },
            "description": ""
        },
        "Point Cutless": {
            "coordinate": [
                163082.43827160477,
                0,
                252240.2469135803
            ],
            "type": "jumppoint",
            "jumppointtype": "Node",
            "destinations": {},
            "state": "Unteathered",
            "drift": 75000,
            "hideonmap": true
        },
        "DS 69": {
            "coordinate": [
                164278.37748714318,
                0,
                314354.19535386586
            ],
            "sides": [
                "Pirate"
            ],
            "hull": "pirate_military_base",
            "type": "station",
            "facilities": [],
            "cargo": {},
            "teams": {},
            "description": "",
            "hideonmap": true
        },
        "DS 60": {
            "coordinate": [
                165964.18451870733,
                0,
                317152.96003126015
            ],
            "sides": [
                "Pirate"
            ],
            "hull": "pirate_cache_1",
            "type": "station",
            "facilities": [],
            "cargo": {},
            "teams": {},
            "description": "",
            "hideonmap": true
        },
        "DS 46": {
            "coordinate": [
                168680.40189818013,
                0,
                317260.7595117613
            ],
            "sides": [
                "Pirate"
            ],
            "hull": "pirate_military_base",
            "type": "station",
            "facilities": [],
            "cargo": {},
            "teams": {},
            "description": "",
            "hideonmap": true
        },
        "WP 20": {
            "coordinate": [
                165534.3382568864,
                0,
                315701.0600460396
            ],
            "sides": [
                "USFP"
            ],
            "hull": "defense_platform_beam",
            "type": "platform",
            "cargo": {},
            "teams": {},
            "hideonmap": true
        },
        "WP 62": {
            "coordinate": [
                167779.61717287428,
                0,
                317815.9584823805
            ],
            "sides": [
                "USFP"
            ],
            "hull": "defense_platform_beam",
            "type": "platform",
            "cargo": {},
            "teams": {},
            "hideonmap": true
        },
        "WP 16": {
            "coordinate": [
                164745.3394099862,
                0,
                318209.3253153689
            ],
            "sides": [
                "USFP"
            ],
            "hull": "defense_platform_beam",
            "type": "platform",
            "cargo": {},
            "teams": {},
            "hideonmap": true
        },
        "WP 22": {
            "coordinate": [
                167314.52317198584,
                0,
                316116.20337699115
            ],
            "sides": [
                "USFP"
            ],
            "hull": "defense_platform_torp",
            "type": "platform",
            "cargo": {},
            "teams": {},
            "hideonmap": true
        },
        "WP 35": {
            "coordinate": [
                166313.44754434424,
                0,
                318886.6492347369
            ],
            "sides": [
                "USFP"
            ],
            "hull": "defense_platform_fighter",
            "type": "platform",
            "cargo": {},
            "teams": {},
            "hideonmap": true
        },
        "WP 24": {
            "coordinate": [
                163944.1460358441,
                0,
                316604.29457058536
            ],
            "sides": [
                "USFP"
            ],
            "hull": "defense_platform_fighter",
            "type": "platform",
            "cargo": {},
            "teams": {},
            "hideonmap": true
        },
        "WP 6": {
            "coordinate": [
                164585.20994960674,
                0,
                318859.3044521893
            ],
            "sides": [
                "USFP"
            ],
            "hull": "defense_platform_torp",
            "type": "platform",
            "cargo": {},
            "teams": {},
            "hideonmap": true
        }
    },
    "terrain": {
        "2810173012224": {
            "type": "asteroids",
            "seed": 2010,
            "start": [
                -29941.450903063524,
                0,
                -19952.63203017826
            ],
            "end": [
                23291.784979423737,
                0,
                5604.670781892926
            ],
            "density": 94,
            "scatter": 2935,
            "composition": [
                "Ast. Std Rand"
            ]
        },
        "2810173053248": {
            "type": "asteroids",
            "seed": 2010,
            "start": [
                -137946.0483824874,
                0,
                -133259.78080704156
            ],
            "end": [
                -161388.9067501143,
                0,
                -105630.69773090987
            ],
            "density": 150,
            "scatter": 9000,
            "composition": [
                "Ast. Std Rand"
            ]
        },
        "2810173250048": {
            "type": "asteroids",
            "seed": 2010,
            "start": [
                -167807.78463648836,
                0,
                -173447.53800868767
            ],
            "end": [
                -197948.6025377229,
                0,
                -176238.3544810242
            ],
            "density": 173,
            "scatter": 8000,
            "composition": [
                "Ast. Std Rand"
            ]
        },
        "2810173253312": {
            "type": "asteroids",
            "seed": 2010,
            "start": [
                -199064.92912665755,
                0,
                -139120.4953989483
            ],
            "end": [
                -189297.07147347965,
                0,
                -179308.2526005944
            ],
            "density": 300,
            "scatter": 6000,
            "composition": [
                "Ast. Std Rand"
            ]
        },
        "2810173254976": {
            "type": "asteroids",
            "seed": 2010,
            "start": [
                -197111.35759602196,
                0,
                -137166.92386831273
            ],
            "end": [
                -162226.15169181526,
                0,
                -118468.45350365793
            ],
            "density": 300,
            "scatter": 4000,
            "composition": [
                "Ast. Std Rand"
            ]
        },
        "2810169025984": {
            "type": "asteroids",
            "seed": 2010,
            "start": [
                -89385.84176383172,
                0,
                115122.88523091002
            ],
            "end": [
                -85478.69870256056,
                0,
                83865.74074074083
            ],
            "density": 75,
            "scatter": 5160,
            "composition": [
                "Ast. Std Rand"
            ]
        },
        "2810173011776": {
            "type": "nebulas",
            "seed": 2010,
            "start": [
                -40204.8713991771,
                0,
                -12881.69753086428
            ],
            "end": [
                -27344.789094650347,
                0,
                11230.95679012338
            ],
            "density": 54,
            "scatter": 3990,
            "composition": []
        },
        "2810173000000": {
            "type": "nebulas",
            "seed": 2010,
            "start": [
                40910,
                0,
                -83714
            ],
            "end": [
                61544,
                0,
                -103081
            ],
            "density": 166,
            "scatter": 7105,
            "composition": []
        },
        "2810173246144": {
            "type": "nebulas",
            "seed": 2010,
            "start": [
                45098,
                0,
                -101550
            ],
            "end": [
                29324,
                0,
                -102712
            ],
            "density": 66,
            "scatter": 1270,
            "composition": []
        },
        "2810172999744": {
            "type": "nebulas",
            "seed": 2010,
            "start": [
                47517,
                0,
                -80356
            ],
            "end": [
                66451,
                0,
                -75905
            ],
            "density": 34,
            "scatter": 5008,
            "composition": []
        },
        "2810173041600": {
            "type": "nebulas",
            "seed": 2010,
            "start": [
                -28952.299382716188,
                0,
                -22928.636831275802
            ],
            "end": [
                -102223.59753657978,
                0,
                -88327.63560242337
            ],
            "density": 800,
            "scatter": 22000,
            "composition": []
        },
        "2810173246976": {
            "type": "nebulas",
            "seed": 2010,
            "start": [
                15827.939243255647,
                0,
                -32511.306155692666
            ],
            "end": [
                -21010.838191586612,
                0,
                -59024.062642889745
            ],
            "density": 300,
            "scatter": 12520,
            "composition": []
        },
        "2810173246912": {
            "type": "nebulas",
            "seed": 2010,
            "start": [
                -51430.73774005484,
                0,
                72144.3115569274
            ],
            "end": [
                -81571.55564128942,
                0,
                79958.59767946969
            ],
            "density": 90,
            "scatter": 5875,
            "composition": []
        },
        "2810173247424": {
            "type": "nebulas",
            "seed": 2010,
            "start": [
                -55337.88080132599,
                0,
                116239.21181984464
            ],
            "end": [
                -50314.41115112023,
                0,
                92796.35345221775
            ],
            "density": 129,
            "scatter": 7246,
            "composition": []
        },
        "1753439038099": {
            "type": "nebulas",
            "seed": 2010,
            "start": [
                -81571.55564128942,
                0,
                113448.3953475081
            ],
            "end": [
                -56454.207390260606,
                0,
                136612.17206790135
            ],
            "density": 125,
            "scatter": 10000,
            "composition": []
        },
        "1753439042543": {
            "type": "asteroids",
            "seed": 2010,
            "start": [
                -90502.16835276633,
                0,
                78005.0261488341
            ],
            "end": [
                -111739.07921810717,
                0,
                22081.651234567827
            ],
            "density": 400,
            "scatter": 19000,
            "composition": [
                "Ast. Std Rand"
            ]
        },
        "1753439059088": {
            "type": "asteroids",
            "seed": 2010,
            "start": [
                -197948.6025377229,
                0,
                -26371.50991655229
            ],
            "end": [
                -94860.22119341581,
                0,
                -3236.6358024692154
            ],
            "density": 3000,
            "scatter": 40000,
            "composition": [
                "Ast. Std Rand"
            ]
        },
        "1753439074430": {
            "type": "nebulas",
            "seed": 2010,
            "start": [
                -207716.4601909008,
                0,
                -8789.36614083212
            ],
            "end": [
                -193204.21453475082,
                0,
                -33348.551097393625
            ],
            "density": 125,
            "scatter": 10000,
            "composition": []
        },
        "1761331251498": {
            "type": "asteroids",
            "seed": 2010,
            "start": [
                198453.1790123456,
                0,
                191597.4691358024
            ],
            "end": [
                94424.11522633732,
                0,
                150280.59670781888
            ],
            "density": 257,
            "scatter": 10000,
            "composition": [
                "Ast. Std Rand"
            ]
        },
        "1761331270000": {
            "type": "asteroids",
            "seed": 2010,
            "start": [
                190119.84567901224,
                0,
                188264.1358024691
            ],
            "end": [
                230953.1790123456,
                0,
                217430.80246913576
            ],
            "density": 125,
            "scatter": 10000,
            "composition": [
                "Ast. Std Rand"
            ],
            "hideonmap": true
        },
        "1761331273886": {
            "type": "asteroids",
            "seed": 2010,
            "start": [
                221786.51234567893,
                0,
                209097.4691358024
            ],
            "end": [
                240119.84567901224,
                0,
                252430.80246913576
            ],
            "density": 300,
            "scatter": 12000,
            "composition": [
                "Ast. Std Rand"
            ],
            "hideonmap": true
        },
        "1761331278871": {
            "type": "asteroids",
            "seed": 2010,
            "start": [
                236786.51234567893,
                0,
                246597.4691358024
            ],
            "end": [
                227619.84567901224,
                0,
                295764.1358024691
            ],
            "density": 125,
            "scatter": 10000,
            "composition": [
                "Ast. Std Rand"
            ],
            "hideonmap": true
        },
        "1761331282545": {
            "type": "asteroids",
            "seed": 2010,
            "start": [
                225119.84567901224,
                0,
                287430.8024691358
            ],
            "end": [
                199286.5123456789,
                0,
                316597.4691358024
            ],
            "density": 125,
            "scatter": 10000,
            "composition": [
                "Ast. Std Rand"
            ],
            "hideonmap": true
        },
        "1761331286180": {
            "type": "asteroids",
            "seed": 2010,
            "start": [
                193453.1790123456,
                0,
                319097.4691358024
            ],
            "end": [
                129286.5123456789,
                0,
                322430.8024691358
            ],
            "density": 125,
            "scatter": 10000,
            "composition": [
                "Ast. Std Rand"
            ],
            "hideonmap": true
        },
        "1761331291857": {
            "type": "nebulas",
            "seed": 2010,
            "start": [
                134286.5123456789,
                0,
                319097.4691358024
            ],
            "end": [
                94286.5123456789,
                0,
                281597.4691358024
            ],
            "density": 125,
            "scatter": 10000,
            "composition": [],
            "hideonmap": true
        },
        "1761331294919": {
            "type": "nebulas",
            "seed": 2010,
            "start": [
                99286.5123456789,
                0,
                284097.4691358024
            ],
            "end": [
                90953.17901234557,
                0,
                238264.1358024691
            ],
            "density": 125,
            "scatter": 10000,
            "composition": [],
            "hideonmap": true
        },
        "1761331298578": {
            "type": "nebulas",
            "seed": 2010,
            "start": [
                87619.84567901224,
                0,
                243264.1358024691
            ],
            "end": [
                108453.17901234557,
                0,
                199930.80246913576
            ],
            "density": 125,
            "scatter": 10000,
            "composition": [],
            "hideonmap": true
        },
        "1761331303500": {
            "type": "nebulas",
            "seed": 2010,
            "start": [
                105119.84567901224,
                0,
                211597.4691358024
            ],
            "end": [
                137619.84567901224,
                0,
                184930.80246913576
            ],
            "density": 125,
            "scatter": 10000,
            "composition": [],
            "hideonmap": true
        },
        "1761331344482": {
            "type": "blackhole",
            "name": "1761331344482",
            "coordinate": [
                177210.89506172828,
                0,
                269638.2355967078
            ],
            "size": 6000,
            "strength": 1000,
            "hideonmap": true
        },
        "1761331355729": {
            "type": "nebulas",
            "seed": 2010,
            "start": [
                24095.54012345666,
                0,
                163944.43415637856
            ],
            "end": [
                59058.88888888877,
                0,
                106475.94135802463
            ],
            "density": 125,
            "scatter": 10000,
            "composition": []
        },
        "1761331360641": {
            "type": "asteroids",
            "seed": 2010,
            "start": [
                98844.7685185184,
                0,
                149878.7191358024
            ],
            "end": [
                -2830.2572016462263,
                0,
                100849.65534979418
            ],
            "density": 300,
            "scatter": 19000,
            "composition": [
                "Ast. Std Rand"
            ]
        },
        "Sirens Call": {
            "type": "blackhole",
            "name": "Blackhole",
            "coordinate": [
                -6665.751813145356,
                0,
                -157774.18394713756
            ],
            "size": 6000,
            "strength": 500
        }
    },
    "traffic": {
        "commercial": "light",
        "civilian": "light",
        "security": "light"
    },
    "sysdescription": "",
    "metadata": {
        "skybox": "sky-bored-alice.png",
        "sysdescription": "",
        "security": "Neutral",
        "exports": [],
        "focus": "Military",
        "intel": {
            "pirate": "Low",
            "enemy": "Low",
            "assets": [
                "Armory"
            ]
        },
        "development": "Unclaimed",
        "visible": true
    }
}