{
    "systemMapCoord": [
        59604.8810648755,
        0,
        -15245.771814239575
    ],
    "systemalignment": "Ximni",
    "metadata": {
        "skybox": "sky1-blue.png",
        "sysdescription": "The cradle of Ximni civilization, Renaera still bears the scars of the nuclear holocaust that nearly ended their species a millennium ago. Vast regions of the surface remain lifeless and glassed, their twisted metal skeletons now monuments to the \u201cFolly of the First Age.\u201d Enormous biodome cities and underground arcologies dot the habitable belts, powered by geothermal fusion reactors buried deep beneath the irradiated crust. The surviving ruins of Old Zenth, the pre-war capital, are preserved as a cultural relic and a place of pilgrimage. Orbiting Renaera is the Echo Ring, an artificial habitat containing the Confederation\u2019s largest historical archives.",
        "security": "Neutral",
        "exports": [],
        "focus": "",
        "intel": {},
        "development": "Unclaimed",
        "visible": true
    },
    "objects": {
        "Portal of Renewal": {
            "coordinate": [
                80000.0,
                0,
                39914.48354050214
            ],
            "type": "jumpnode",
            "jumppointtype": "Node",
            "destinations": {
                "Renaera Portal": "Isscar",
                "JP 56": "Kudos"
            },
            "state": "Tethered",
            "drift": 45000
        },
        "Old Zenth": {
            "coordinate": [
                -1551.586791266572,
                0,
                -4464.663351623235
            ],
            "sides": [
                "Ximni"
            ],
            "hull": "starbase_civil",
            "type": "station",
            "facilities": [
                "Docking",
                "Refuel"
            ],
            "cargo": {
                "Repair Materials": 16,
                "Medical Supplies": 10,
                "Iso B Circuit": 25,
                "Container": 25,
                "Life Support": 1,
                "Micro Controller": 8,
                "Power Relay": 16,
                "Aid Package": 16,
                "Pets": 4,
                "Torpedo Casing": 5,
                "Casing": 6,
                "Coffee": 5,
                "Tea": 5,
                "Alcohol": 5
            },
            "teams": {
                "Diplomats": 3
            },
            "description": "Before the Folly of the first Age Old Zenth was the capital of Renaera. This staion in Geostationary Orbit of the site is part museum, part alter and part tourist attraction"
        },
        "Egress Yards 2": {
            "coordinate": [
                -32130.3768242265,
                0,
                5400.463558337133
            ],
            "sides": [
                "Ximni"
            ],
            "hull": "xim_avenger",
            "type": "station",
            "facilities": [],
            "cargo": {},
            "teams": {},
            "description": "Abandoned Yards, Irriadiated"
        },
        "Egress Yards 1": {
            "coordinate": [
                -14791.666666666677,
                0,
                -32859.17435890109
            ],
            "sides": [
                "Ximni"
            ],
            "hull": "hegemony_drydock",
            "type": "station",
            "facilities": [],
            "cargo": {},
            "teams": {},
            "description": "Abandoned Yards, Irriadiated"
        },
        "Old Zenth SM1": {
            "coordinate": [
                920.8185372411139,
                0,
                -1464.12188330684
            ],
            "sides": [
                "Ximni"
            ],
            "hull": "usfp_industrial_storage",
            "type": "station",
            "facilities": [],
            "cargo": {},
            "teams": {},
            "description": ""
        },
        "Old Zenth SM2": {
            "coordinate": [
                -6322.632084265281,
                0,
                -2320.8741073559836
            ],
            "sides": [
                "Ximni"
            ],
            "hull": "usfp_industrial_storage",
            "type": "station",
            "facilities": [],
            "cargo": {},
            "teams": {}
        },
        "Renewal Traffic": {
            "coordinate": [
                72895.60467246253,
                0,
                32469.65318117742
            ],
            "sides": [
                "Ximni"
            ],
            "hull": "starbase_command",
            "type": "station",
            "facilities": [
                "Docking",
                "Repair",
                "Refuel"
            ],
            "cargo": {
                "Homing": 50,
                "Nuke": 2,
                "EMP": 6,
                "Mine": 6,
                "High Yield Warhead": 15,
                "Warhead": 60,
                "Torpedo Casing": 60,
                "Casing": 60,
                "Navigational Array": 1,
                "Tactical Array": 10,
                "Guidance System": 60
            },
            "teams": {
                "DamCon": 3,
                "Medics": 2,
                "Combat Engineers": 2
            },
            "description": ""
        },
        "WP 7": {
            "coordinate": [
                73720.44343850297,
                0,
                32287.359221827373
            ],
            "sides": [
                "Ximni"
            ],
            "hull": "defense_platform_fighter",
            "type": "platform",
            "cargo": {},
            "teams": {}
        },
        "DS 77": {
            "coordinate": [
                80107.9231055248,
                0,
                36181.08653637171
            ],
            "sides": [
                "Ximni"
            ],
            "hull": "hegemony_generator",
            "type": "station",
            "facilities": [],
            "cargo": {},
            "teams": {},
            "description": ""
        },
        "DS 29": {
            "coordinate": [
                -94323.20420212118,
                0,
                139489.42207949373
            ],
            "sides": [
                "Ximni"
            ],
            "hull": "starbase_industry",
            "type": "station",
            "facilities": [],
            "cargo": {},
            "teams": {},
            "description": ""
        },
        "DS 68": {
            "coordinate": [
                -172656.53753545452,
                0,
                -43843.911253839615
            ],
            "sides": [
                "Ximni"
            ],
            "hull": "starbase_science",
            "type": "station",
            "facilities": [],
            "cargo": {},
            "teams": {},
            "description": ""
        },
        "DS 59": {
            "coordinate": [
                109843.46246454549,
                0,
                -104577.24458717297
            ],
            "sides": [
                "Ximni"
            ],
            "hull": "starbase_kralien",
            "type": "station",
            "facilities": [],
            "cargo": {},
            "teams": {},
            "description": ""
        },
        "Echo Ring": {
            "coordinate": [
                -59281.50383424916,
                0,
                282.8914917687155
            ],
            "sides": [
                "Ximni"
            ],
            "hull": "starbase_command",
            "type": "station",
            "facilities": [
                "Docking",
                "Refuel"
            ],
            "cargo": {
                "Homing": 75,
                "Nuke": 12,
                "EMP": 12,
                "Mine": 12,
                "High Yield Warhead": 15,
                "Warhead": 60,
                "Torpedo Casing": 40,
                "Casing": 16,
                "Transmitter": 35,
                "Navigational Array": 1,
                "Tactical Array": 10,
                "Sensor Suite": 6,
                "Guidance System": 60,
                "Receiver": 15
            },
            "teams": {
                "DamCon": 8,
                "Medics": 2,
                "Combat Engineers": 10
            },
            "description": "Echo Ring, an artificial habitat containing the Confederation\u2019s largest historical archives. One of the most important and well defended locations in Ximni Space."
        },
        "WP 40": {
            "coordinate": [
                -60026.72234486126,
                0,
                -876.9077346553184
            ],
            "sides": [
                "Ximni"
            ],
            "hull": "defense_platform_beam",
            "type": "platform",
            "cargo": {},
            "teams": {}
        },
        "WP 32": {
            "coordinate": [
                -57913.91402718956,
                0,
                218.62250413741316
            ],
            "sides": [
                "Ximni"
            ],
            "hull": "defense_platform_beam",
            "type": "platform",
            "cargo": {},
            "teams": {}
        },
        "WP 6": {
            "coordinate": [
                -59478.957225464896,
                0,
                1653.2454358897999
            ],
            "sides": [
                "Ximni"
            ],
            "hull": "defense_platform_beam",
            "type": "platform",
            "cargo": {},
            "teams": {}
        },
        "WP 26": {
            "coordinate": [
                -60626.6555708668,
                0,
                557.7151970970682
            ],
            "sides": [
                "Ximni"
            ],
            "hull": "defense_platform_beam",
            "type": "platform",
            "cargo": {},
            "teams": {}
        },
        "WP 50": {
            "coordinate": [
                -57444.40106770696,
                0,
                1470.657062757678
            ],
            "sides": [
                "Ximni"
            ],
            "hull": "defense_platform_torp",
            "type": "platform",
            "cargo": {},
            "teams": {}
        },
        "WP 79": {
            "coordinate": [
                -60626.6555708668,
                0,
                -1085.5801610920294
            ],
            "sides": [
                "Ximni"
            ],
            "hull": "defense_platform_torp",
            "type": "platform",
            "cargo": {},
            "teams": {}
        },
        "WP 74": {
            "coordinate": [
                -60548.40341095303,
                0,
                1940.1700222402771
            ],
            "sides": [
                "Ximni"
            ],
            "hull": "defense_platform_torp",
            "type": "platform",
            "cargo": {},
            "teams": {}
        }
    },
    "sensor_relay": {},
    "terrain": {
        "1760746320943": {
            "type": "asteroids",
            "seed": 2010,
            "start": [
                -15833.333333333334,
                0,
                112500.00000000001
            ],
            "end": [
                -60000.00000000001,
                0,
                85000.00000000001
            ],
            "density": 125,
            "scatter": 10000,
            "composition": [
                "Ast. Std Rand"
            ]
        },
        "1761415242760": {
            "type": "planet",
            "name": "Renaera",
            "coordinate": [
                -39444.44444444445,
                0,
                -19305.555555555566
            ]
        },
        "1761415808060": {
            "type": "asteroids",
            "seed": 2010,
            "start": [
                18327.25876084182,
                0,
                -80560.73224149396
            ],
            "end": [
                34723.86369911343,
                0,
                -97439.59026618532
            ],
            "density": 125,
            "scatter": 10000,
            "composition": [
                "Ast. Std Rand"
            ]
        },
        "1761415810999": {
            "type": "asteroids",
            "seed": 2010,
            "start": [
                -63173.51284409646,
                0,
                -38122.460636555676
            ],
            "end": [
                -84874.90173298535,
                0,
                -94063.81866124705
            ],
            "density": 125,
            "scatter": 10000,
            "composition": [
                "Ast. Std Rand"
            ]
        },
        "1761415839394": {
            "type": "asteroids",
            "seed": 2010,
            "start": [
                -51117.185683602635,
                0,
                -83936.50384643223
            ],
            "end": [
                -57868.72889347918,
                0,
                -117694.21989581495
            ],
            "density": 125,
            "scatter": 10000,
            "composition": [
                "Ast. Std Rand"
            ]
        },
        "1761415845603": {
            "type": "nebulas",
            "seed": 2010,
            "start": [
                38581.88839047145,
                0,
                -60306.10261186432
            ],
            "end": [
                35206.11678553318,
                0,
                -35228.94211803716
            ],
            "density": 125,
            "scatter": 10000,
            "composition": []
        },
        "1761415849328": {
            "type": "nebulas",
            "seed": 2010,
            "start": [
                -40989.87086878782,
                0,
                -122516.75076001248
            ],
            "end": [
                21220.77727936034,
                0,
                -112389.43594519766
            ],
            "density": 125,
            "scatter": 10000,
            "composition": []
        },
        "1761415852745": {
            "type": "nebulas",
            "seed": 2010,
            "start": [
                92111.98098306406,
                0,
                81476.30479554311
            ],
            "end": [
                144195.3143163974,
                0,
                78100.53319060484
            ],
            "density": 125,
            "scatter": 10000,
            "composition": []
        },
        "1761415865361": {
            "type": "asteroids",
            "seed": 2010,
            "start": [
                19291.76493368133,
                0,
                86298.83565974064
            ],
            "end": [
                13022.474810224538,
                0,
                54470.13195603693
            ],
            "density": 125,
            "scatter": 10000,
            "composition": [
                "Ast. Std Rand"
            ]
        },
        "1761415870388": {
            "type": "nebulas",
            "seed": 2010,
            "start": [
                53531.734069483806,
                0,
                -31853.170513098885
            ],
            "end": [
                80055.65382257022,
                0,
                -3400.2384143334484
            ],
            "density": 125,
            "scatter": 10000,
            "composition": []
        },
        "1761415874241": {
            "type": "nebulas",
            "seed": 2010,
            "start": [
                98863.5241929406,
                0,
                18783.403560975195
            ],
            "end": [
                117189.14147689122,
                0,
                50612.1072646789
            ],
            "density": 125,
            "scatter": 10000,
            "composition": []
        },
        "1761415877659": {
            "type": "nebulas",
            "seed": 2010,
            "start": [
                -88250.67333792362,
                0,
                35662.26158566656
            ],
            "end": [
                -95002.21654780017,
                0,
                15407.631956036925
            ],
            "density": 125,
            "scatter": 10000,
            "composition": []
        },
        "Folly": {
            "type": "blackhole",
            "name": "Folly",
            "coordinate": [
                -26040.025189775468,
                0,
                -92617.05940198779
            ],
            "size": 1000,
            "strength": 500
        }
    },
    "traffic": {}
}