{
    "systemMapCoord": [
        47067.11768996742,
        0,
        -23414.33621788365
    ],
    "systemalignment": "Ximni",
    "metadata": {
        "skybox": "sky1.png",
        "sysdescription": "Perched near the edge of known Hegemony space, Tjorath is the Ximni Confederation\u2019s shield. Its primary planet, Tjorath IV, is a storm-wracked world rich in volatile gases mined for starship fuel. Orbital installations double as military academies and test sites for new Jump Coil prototypes, some of which have resulted in \u201ctranslocation incidents\u201d \u2014 ships appearing light-years off course or even in other timelines, according to persistent rumors. Tjorath\u2019s citizens are proud of their role as defenders and often sport clan crests and flight badges as symbols of honor. The system is under constant patrol by the Confederation Vanguard Fleets.",
        "security": "Neutral",
        "exports": [
            "Mining"
        ],
        "focus": "Military",
        "intel": {
            "pirate": "Low",
            "enemy": "Low",
            "assets": [
                "Listening Post",
                "Fortification"
            ]
        },
        "development": "Unclaimed",
        "visible": true
    },
    "objects": {
        "Banner Portal": {
            "coordinate": [
                144760.5142976817,
                0.0,
                -36194.540475231675
            ],
            "type": "jumpnode",
            "jumppointtype": "Node",
            "destinations": {
                "Portal Of Plenty": "Chawaras",
                "Angel Fall Portal": "Alpha"
            },
            "state": "Tethered",
            "drift": 0
        },
        "II Is Kar": {
            "coordinate": [
                -306952.4116282442,
                0.0,
                185807.163228472
            ],
            "type": "jumppoint",
            "jumppointtype": "Node",
            "destinations": {},
            "state": "Tethered",
            "drift": 38000,
            "hideonmap": true
        },
        "DS 52": {
            "coordinate": [
                -196380.91162824415,
                0.0,
                -67029.16393202193
            ],
            "sides": [
                "Ximni"
            ],
            "hull": "starbase_industry",
            "type": "station",
            "facilities": [],
            "cargo": {},
            "teams": {},
            "description": ""
        },
        "Arcology 59": {
            "coordinate": [
                60424.428131734516,
                0.0,
                -211676.33209978126
            ],
            "sides": [
                "Ximni"
            ],
            "hull": "starbase_civil",
            "type": "station",
            "facilities": [],
            "cargo": {},
            "teams": {},
            "description": ""
        },
        "Arcology 62": {
            "coordinate": [
                -4323.235573122045,
                0.0,
                -257035.13791930815
            ],
            "sides": [
                "Ximni"
            ],
            "hull": "starbase_civil",
            "type": "station",
            "facilities": [],
            "cargo": {},
            "teams": {},
            "description": ""
        },
        "Oreal Maintenance": {
            "coordinate": [
                -84625.9432181213,
                0.0,
                100721.28305458259
            ],
            "sides": [
                "Ximni"
            ],
            "hull": "hegemony_drydock",
            "type": "station",
            "facilities": [
                "Refuel",
                "Repair"
            ],
            "cargo": {},
            "teams": {},
            "description": ""
        },
        "Dernce": {
            "coordinate": [
                -86621.52503123973,
                0.0,
                104413.8262624202
            ],
            "sides": [
                "Ximni"
            ],
            "hull": "starbase_arvonian",
            "type": "station",
            "facilities": [
                "Refuel",
                "Repair"
            ],
            "cargo": {},
            "teams": {},
            "description": ""
        },
        "WP 12": {
            "coordinate": [
                -85258.71488072252,
                0.0,
                105129.15843098315
            ],
            "sides": [
                "Ximni"
            ],
            "hull": "hegemony_beam_platform",
            "type": "platform",
            "cargo": {},
            "teams": {}
        },
        "WP 54": {
            "coordinate": [
                -87947.41384505972,
                0.0,
                103936.25776293939
            ],
            "sides": [
                "Ximni"
            ],
            "hull": "defense_platform_beam",
            "type": "platform",
            "cargo": {},
            "teams": {}
        },
        "Denace SM": {
            "coordinate": [
                -89164.39143603863,
                0.0,
                100330.39823411305
            ],
            "sides": [
                "USFP"
            ],
            "hull": "usfp_industrial_storage",
            "type": "station",
            "facilities": [],
            "cargo": {},
            "teams": {},
            "description": ""
        },
        "Derance Assembly": {
            "coordinate": [
                -81006.134252069,
                0.0,
                104116.55073938072
            ],
            "sides": [
                "USFP"
            ],
            "hull": "usfp_industrial_assembly",
            "type": "station",
            "facilities": [],
            "cargo": {},
            "teams": {}
        },
        "DS 27": {
            "coordinate": [
                257925.04767589647,
                0.0,
                124710.64814814816
            ],
            "sides": [
                "USFP"
            ],
            "hull": "usfp_industrial_storage",
            "type": "station",
            "facilities": [],
            "cargo": {},
            "teams": {}
        },
        "DS 25": {
            "coordinate": [
                359583.9982931804,
                0.0,
                78607.25308641976
            ],
            "sides": [
                "USFP"
            ],
            "hull": "usfp_industrial_storage",
            "type": "station",
            "facilities": [],
            "cargo": {},
            "teams": {},
            "description": ""
        },
        "Research 44": {
            "coordinate": [
                103493.9733566392,
                0.0,
                210043.2263100624
            ],
            "sides": [
                "Ximni"
            ],
            "hull": "starbase_science",
            "type": "station",
            "facilities": [],
            "cargo": {},
            "teams": {},
            "description": ""
        },
        "Reasearch 45": {
            "coordinate": [
                128378.23261589845,
                0.0,
                215830.26334709948
            ],
            "sides": [
                "Ximni"
            ],
            "hull": "starbase_science",
            "type": "station",
            "facilities": [],
            "cargo": {},
            "teams": {},
            "description": ""
        },
        "WP 87": {
            "coordinate": [
                121240.8869368861,
                0.0,
                193453.72013722284
            ],
            "sides": [
                "Ximni"
            ],
            "hull": "hegemony_generator",
            "type": "platform",
            "cargo": {},
            "teams": {}
        },
        "Horse Gas Co": {
            "coordinate": [
                -50120.03508503435,
                0.0,
                -238894.6577591824
            ],
            "sides": [
                "Ximni"
            ],
            "hull": "hegemony_gasextractor",
            "type": "station",
            "facilities": [
                "Docking",
                "Refuel"
            ],
            "cargo": {},
            "teams": {},
            "description": ""
        }
    },
    "sensor_relay": {
        "SR 89": {
            "coordinate": [
                -86176.64970728869,
                0.0,
                103412.48245662088
            ]
        },
        "SR 70": {
            "coordinate": [
                -41176.649707288685,
                0.0,
                103412.48245662088
            ]
        },
        "SR 23": {
            "coordinate": [
                -58119.608623645676,
                0.0,
                138594.89916768222
            ]
        },
        "SR 91": {
            "coordinate": [
                -96190.09173532284,
                0.0,
                147284.23850480292
            ]
        },
        "SR 92": {
            "coordinate": [
                -126720.24876289754,
                0.0,
                122937.250716911
            ]
        },
        "SR 29": {
            "coordinate": [
                -126720.24876289754,
                0.0,
                83887.71419633077
            ]
        },
        "SR 67": {
            "coordinate": [
                -96190.09173532284,
                0.0,
                59540.72640843883
            ]
        },
        "SR 90": {
            "coordinate": [
                -58119.608623645676,
                0.0,
                68230.06574555954
            ]
        },
        "SR 41": {
            "coordinate": [
                122645.45392359165,
                0.0,
                -72565.36018816667
            ]
        },
        "SR 63": {
            "coordinate": [
                105284.34281248052,
                0.0,
                -104162.5824103889
            ]
        },
        "SR 20": {
            "coordinate": [
                87923.23170136941,
                0.0,
                -135759.8046326111
            ]
        },
        "SR 62": {
            "coordinate": [
                70562.12059025829,
                0.0,
                -167357.02685483336
            ]
        },
        "SR 77": {
            "coordinate": [
                53201.00947914718,
                0.0,
                -198954.2490770556
            ]
        },
        "SR 76": {
            "coordinate": [
                189057.49096062867,
                0.0,
                -36917.21204001851
            ]
        },
        "SR 73": {
            "coordinate": [
                172114.5320442717,
                0.0,
                -1734.7953289571597
            ]
        },
        "SR 93": {
            "coordinate": [
                134044.04893259454,
                0.0,
                6954.544008163546
            ]
        },
        "SR 12": {
            "coordinate": [
                103513.89190501982,
                0.0,
                -17392.44377972839
            ]
        },
        "SR 51": {
            "coordinate": [
                103513.89190501982,
                0.0,
                -56441.98030030862
            ]
        },
        "SR 26": {
            "coordinate": [
                134044.04893259454,
                0.0,
                -80788.96808820058
            ]
        },
        "SR 40": {
            "coordinate": [
                172114.53204427168,
                0.0,
                -72099.62875107986
            ]
        },
        "Nav Haz 322": {
            "coordinate": [
                -237197.35234695172,
                0.0,
                24120.156857150345
            ],
            "hideonmap": false,
            "description": "Live Fire Munitions Testing, Keep Clear, UXO, Debris, Radiation."
        },
        "Nav Haz 323": {
            "coordinate": [
                -206555.43645720423,
                0.0,
                71075.21332265816
            ],
            "hideonmap": false,
            "description": "Live Fire Munitions Testing, Keep Clear, UXO, Debris, Radiation."
        },
        "Nav Haz 324": {
            "coordinate": [
                -254878.98356173205,
                0.0,
                77989.80567811544
            ],
            "hideonmap": true,
            "description": "Live Fire Munitions Testing, Keep Clear, UXO, Debris, Radiation."
        },
        "SR 84": {
            "coordinate": [
                69451.33532872761,
                0.0,
                -225207.60370218562
            ]
        },
        "SR 74": {
            "coordinate": [
                52508.37641237062,
                0.0,
                -190025.18699112424
            ]
        },
        "SR 21": {
            "coordinate": [
                14437.893300693468,
                0.0,
                -181335.84765400353
            ]
        },
        "SR 43": {
            "coordinate": [
                -16092.26372688124,
                0.0,
                -205682.83544189547
            ]
        },
        "SR 65": {
            "coordinate": [
                -16092.26372688124,
                0.0,
                -244732.3719624757
            ]
        },
        "SR 45": {
            "coordinate": [
                14437.893300693453,
                0.0,
                -269079.35975036764
            ]
        },
        "SR 30": {
            "coordinate": [
                52508.37641237061,
                0.0,
                -260390.02041324694
            ]
        }
    },
    "terrain": {
        "1761412997759": {
            "type": "nebulas",
            "seed": 2010,
            "start": [
                -384068.8190356516,
                0.0,
                -49901.20714189843
            ],
            "end": [
                -173252.81903565166,
                0.0,
                -303917.2071418984
            ],
            "density": 2000,
            "scatter": 80000,
            "composition": []
        },
        "1761413743027": {
            "type": "asteroids",
            "seed": 2010,
            "start": [
                -25709.10464622143,
                0.0,
                1860.379849520963
            ],
            "end": [
                -7190.5861277029035,
                0.0,
                82878.8983680395
            ],
            "density": 325,
            "scatter": 20000,
            "composition": [
                "Ast. Std Rand"
            ]
        },
        "Varnoss": {
            "type": "planet",
            "name": "Varnoss",
            "coordinate": [
                23544.262109178515,
                0,
                -227667.18409395468
            ],
            "description": "Varnoss is a rugged, ash-grey world orbiting just beyond the turbulent gas giant Tjorath IV, bathing perpetually in its ghostly amber light. The planet\u2019s surface is a mixture of fractured basalt plains, deep crystalline fissures, and sprawling fortifications built directly into the rock. The colony\u2019s name \u2014 \u201cVarnoss\u201d, from an old Ximni word meaning \u201cthe place that endures\u201d \u2014 reflects both its harsh environment and its role as a bastion of survival on the Confederation\u2019s volatile frontier."
        },
        "1761414036259": {
            "type": "asteroids",
            "seed": 2010,
            "start": [
                -199829.58195373323,
                0.0,
                231192.12962962966
            ],
            "end": [
                -117074.9523241036,
                0.0,
                178530.09259259264
            ],
            "density": 450,
            "scatter": 15000,
            "composition": [
                "Ast. Std Rand"
            ]
        },
        "1761414060770": {
            "type": "nebulas",
            "seed": 2010,
            "start": [
                -262908.28565743694,
                0.0,
                243923.61111111112
            ],
            "end": [
                -141380.50787965916,
                0.0,
                233506.94444444444
            ],
            "density": 125,
            "scatter": 10000,
            "composition": []
        },
        "1761414068365": {
            "type": "nebulas",
            "seed": 2010,
            "start": [
                -70778.6560278073,
                0.0,
                290219.9074074074
            ],
            "end": [
                58850.97360182236,
                0.0,
                302372.6851851852
            ],
            "density": 125,
            "scatter": 10000,
            "composition": []
        },
        "1761414073293": {
            "type": "asteroids",
            "seed": 2010,
            "start": [
                -38371.248620399885,
                0.0,
                308738.42592592596
            ],
            "end": [
                -114760.13750928879,
                0.0,
                223668.98148148152
            ],
            "density": 350,
            "scatter": 10000,
            "composition": [
                "Ast. Std Rand"
            ]
        },
        "1761414093903": {
            "type": "nebulas",
            "seed": 2010,
            "start": [
                46119.492120340874,
                0.0,
                128182.87037037038
            ],
            "end": [
                76790.78841663718,
                0.0,
                102141.20370370372
            ],
            "density": 125,
            "scatter": 10000,
            "composition": []
        },
        "1761414099830": {
            "type": "nebulas",
            "seed": 2010,
            "start": [
                70425.04767589644,
                0.0,
                106192.12962962965
            ],
            "end": [
                80841.71434256311,
                0.0,
                72048.61111111111
            ],
            "density": 125,
            "scatter": 10000,
            "composition": []
        },
        "1761414103962": {
            "type": "nebulas",
            "seed": 2010,
            "start": [
                76790.78841663718,
                0.0,
                79571.75925925926
            ],
            "end": [
                72739.86249071125,
                0.0,
                43692.129629629635
            ],
            "density": 125,
            "scatter": 10000,
            "composition": []
        },
        "1761414111736": {
            "type": "nebulas",
            "seed": 2010,
            "start": [
                -32584.21158336285,
                0.0,
                -173321.75925925927
            ],
            "end": [
                -8857.35973151098,
                0.0,
                -163483.79629629632
            ],
            "density": 125,
            "scatter": 10000,
            "composition": []
        },
        "1761414116527": {
            "type": "nebulas",
            "seed": 2010,
            "start": [
                -12329.581953733214,
                0.0,
                -165219.90740740745
            ],
            "end": [
                9661.158787007531,
                0.0,
                -163483.79629629632
            ],
            "density": 125,
            "scatter": 10000,
            "composition": []
        },
        "1761414119986": {
            "type": "nebulas",
            "seed": 2010,
            "start": [
                5610.232861081604,
                0.0,
                -163483.79629629632
            ],
            "end": [
                31651.899527748283,
                0.0,
                -169270.83333333337
            ],
            "density": 125,
            "scatter": 10000,
            "composition": []
        },
        "1761414132118": {
            "type": "nebulas",
            "seed": 2010,
            "start": [
                58272.269898118655,
                0.0,
                -177372.68518518523
            ],
            "end": [
                28179.677305526056,
                0.0,
                -169270.83333333337
            ],
            "density": 125,
            "scatter": 10000,
            "composition": []
        },
        "1761414145337": {
            "type": "nebulas",
            "seed": 2010,
            "start": [
                54221.34397219273,
                0.0,
                -173321.75925925927
            ],
            "end": [
                84313.93656478533,
                0.0,
                -193576.38888888893
            ],
            "density": 125,
            "scatter": 10000,
            "composition": []
        },
        "1761414149857": {
            "type": "nebulas",
            "seed": 2010,
            "start": [
                80263.0106388594,
                0.0,
                -191261.5740740741
            ],
            "end": [
                92415.78841663718,
                0.0,
                -230034.72222222225
            ],
            "density": 125,
            "scatter": 10000,
            "composition": []
        },
        "1761414155928": {
            "type": "nebulas",
            "seed": 2010,
            "start": [
                90679.67730552607,
                0.0,
                -221932.8703703704
            ],
            "end": [
                92994.49212034087,
                0.0,
                -268229.1666666667
            ],
            "density": 125,
            "scatter": 10000,
            "composition": []
        },
        "1761414160622": {
            "type": "nebulas",
            "seed": 2010,
            "start": [
                90679.67730552607,
                0.0,
                -258391.20370370377
            ],
            "end": [
                68688.93656478533,
                0.0,
                -298900.46296296304
            ],
            "density": 125,
            "scatter": 10000,
            "composition": []
        },
        "1761414164815": {
            "type": "nebulas",
            "seed": 2010,
            "start": [
                70425.04767589644,
                0.0,
                -288483.79629629635
            ],
            "end": [
                44383.381009229764,
                0.0,
                -307002.3148148149
            ],
            "density": 125,
            "scatter": 10000,
            "composition": []
        },
        "1761414171577": {
            "type": "nebulas",
            "seed": 2010,
            "start": [
                -24482.359731510995,
                0.0,
                -169270.83333333337
            ],
            "end": [
                -52838.84121299247,
                0.0,
                -205729.1666666667
            ],
            "density": 125,
            "scatter": 10000,
            "composition": []
        },
        "1761414176305": {
            "type": "nebulas",
            "seed": 2010,
            "start": [
                -49366.61899077025,
                0.0,
                -199942.12962962966
            ],
            "end": [
                -52838.84121299247,
                0.0,
                -254340.2777777778
            ],
            "density": 125,
            "scatter": 10000,
            "composition": []
        },
        "1761414180504": {
            "type": "nebulas",
            "seed": 2010,
            "start": [
                -53417.54491669618,
                0.0,
                -243923.61111111118
            ],
            "end": [
                -41264.767138918396,
                0.0,
                -282696.7592592593
            ],
            "density": 125,
            "scatter": 10000,
            "composition": []
        },
        "1761414186854": {
            "type": "nebulas",
            "seed": 2010,
            "start": [
                47855.60323145198,
                0.0,
                -305266.20370370377
            ],
            "end": [
                15448.195824044575,
                0.0,
                -308738.42592592596
            ],
            "density": 125,
            "scatter": 10000,
            "composition": []
        },
        "1761414194676": {
            "type": "nebulas",
            "seed": 2010,
            "start": [
                -45315.69306484432,
                0.0,
                -274594.9074074075
            ],
            "end": [
                -28533.28565743692,
                0.0,
                -293113.42592592596
            ],
            "density": 125,
            "scatter": 10000,
            "composition": []
        },
        "1761414208905": {
            "type": "nebulas",
            "seed": 2010,
            "start": [
                21813.936564785312,
                0.0,
                -308738.42592592596
            ],
            "end": [
                -34899.02639817765,
                0.0,
                -289062.50000000006
            ],
            "density": 125,
            "scatter": 10000,
            "composition": []
        },
        "1761414222452": {
            "type": "asteroids",
            "seed": 2010,
            "start": [
                -111866.61899077025,
                0.0,
                -250289.3518518519
            ],
            "end": [
                -33162.91528706654,
                0.0,
                -177372.68518518523
            ],
            "density": 125,
            "scatter": 10000,
            "composition": [
                "Ast. Std Rand"
            ]
        },
        "1761414230860": {
            "type": "asteroids",
            "seed": 2010,
            "start": [
                -38949.95232410358,
                0.0,
                -181423.61111111112
            ],
            "end": [
                -4806.433805585053,
                0.0,
                -162905.09259259264
            ],
            "density": 125,
            "scatter": 10000,
            "composition": [
                "Ast. Std Rand"
            ]
        },
        "1761414351236": {
            "type": "debris_field",
            "seed": 2010,
            "coordinate": [
                -314764.21598733595,
                0,
                124941.60120516327
            ],
            "density": 30,
            "scatter": 10000
        },
        "1761414357768": {
            "type": "debris_field",
            "seed": 2010,
            "coordinate": [
                -304589.61006385233,
                0,
                138679.84712687208
            ],
            "density": 30,
            "scatter": 10000
        },
        "1761414363540": {
            "type": "debris_field",
            "seed": 2010,
            "coordinate": [
                -296514.33091936004,
                0,
                122125.52488066288
            ],
            "density": 30,
            "scatter": 10000
        },
        "1761414385172": {
            "type": "debris_field",
            "seed": 2010,
            "coordinate": [
                -304993.37402107695,
                0,
                128316.57222477363
            ],
            "density": 30,
            "scatter": 6000
        },
        "1761414745955": {
            "type": "nebulas",
            "seed": 2010,
            "start": [
                259647.5227393553,
                0.0,
                207921.3127298155
            ],
            "end": [
                373941.5042208368,
                0.0,
                157284.73865574138
            ],
            "density": 125,
            "scatter": 10000,
            "composition": []
        },
        "1761414748995": {
            "type": "nebulas",
            "seed": 2010,
            "start": [
                266399.06594923185,
                0.0,
                184290.91149524756
            ],
            "end": [
                330056.47335663927,
                0.0,
                214672.855939692
            ],
            "density": 125,
            "scatter": 10000,
            "composition": []
        },
        "1761414753128": {
            "type": "asteroids",
            "seed": 2010,
            "start": [
                364296.44249244174,
                0.0,
                180915.1398903093
            ],
            "end": [
                352240.1153319479,
                0.0,
                118704.49174216115
            ],
            "density": 125,
            "scatter": 10000,
            "composition": [
                "Ast. Std Rand"
            ]
        },
        "1761414758874": {
            "type": "asteroids",
            "seed": 2010,
            "start": [
                348864.34372700966,
                0.0,
                59387.36211253151
            ],
            "end": [
                367189.9610109603,
                0.0,
                -60211.40331956728
            ],
            "density": 125,
            "scatter": 10000,
            "composition": [
                "Ast. Std Rand"
            ]
        },
        "1761414763580": {
            "type": "asteroids",
            "seed": 2010,
            "start": [
                355133.63385046646,
                0.0,
                -46708.31689981419
            ],
            "end": [
                313177.6153319479,
                0.0,
                -109401.2181343821
            ],
            "density": 125,
            "scatter": 10000,
            "composition": [
                "Ast. Std Rand"
            ]
        },
        "1761414766581": {
            "type": "nebulas",
            "seed": 2010,
            "start": [
                326680.701751701,
                0.0,
                -41885.78603561666
            ],
            "end": [
                384068.8190356516,
                0.0,
                -8128.069986233939
            ],
            "density": 125,
            "scatter": 10000,
            "composition": []
        },
        "1761414770576": {
            "type": "nebulas",
            "seed": 2010,
            "start": [
                227336.56594923185,
                0.0,
                48777.79421129693
            ],
            "end": [
                255789.4980479973,
                0.0,
                -4752.298381295666
            ],
            "density": 125,
            "scatter": 10000,
            "composition": []
        },
        "1761414774371": {
            "type": "asteroids",
            "seed": 2010,
            "start": [
                149693.8190356516,
                0.0,
                77712.97939648213
            ],
            "end": [
                188274.06594923185,
                0.0,
                123044.76951993893
            ],
            "density": 125,
            "scatter": 10000,
            "composition": [
                "Ast. Std Rand"
            ]
        }
    },
    "traffic": {
        "security": "medium",
        "civilian": "medium",
        "commercial": "medium"
    }
}