{
    "systemMapCoord": [
        27145.38553355687,
        0,
        22854.40018840046
    ],
    "systemalignment": "USFP",
    "metadata": {
        "sysdescription": "",
        "security": "Neutral",
        "exports": [],
        "focus": "",
        "intel": {},
        "development": "Unclaimed",
        "visible": true,
        "skybox": "sky1.png"
    },
    "objects": {
        "Clearstop": {
            "coordinate": [
                -192500.0,
                0,
                -2333.3333333333144
            ],
            "type": "jumpnode",
            "jumppointtype": "Node",
            "destinations": {
                "Saphire Jump Point": "Vilnara"
            },
            "state": "Tethered",
            "drift": 0
        },
        "Lambart": {
            "coordinate": [
                198666.6666666667,
                0,
                1666.6666666666856
            ],
            "type": "jumpnode",
            "jumppointtype": "Node",
            "destinations": {},
            "state": "Tethered",
            "drift": 0
        },
        "DS 22": {
            "coordinate": [
                -12347.222222222199,
                0,
                101777.7777777778
            ],
            "sides": [
                "USFP"
            ],
            "hull": "starbase_civil",
            "type": "station",
            "facilities": [
                "Docking",
                "Refuel"
            ],
            "cargo": {
                "Repair Materials": 16,
                "Medical Supplies": 10,
                "Iso B Circuit": 25,
                "Container": 25,
                "Life Support": 1,
                "Micro Controller": 8,
                "Power Relay": 16,
                "Aid Package": 16,
                "Pets": 4,
                "Torpedo Casing": 5,
                "Casing": 6,
                "Coffee": 5,
                "Tea": 5,
                "Alcohol": 5
            },
            "teams": {
                "Diplomats": 1
            },
            "description": ""
        },
        "DS 71": {
            "coordinate": [
                -21027.777777777756,
                0,
                87888.8888888889
            ],
            "sides": [
                "USFP"
            ],
            "hull": "starbase_civil",
            "type": "station",
            "facilities": [
                "Docking"
            ],
            "cargo": {
                "Repair Materials": 16,
                "Medical Supplies": 10,
                "Iso B Circuit": 25,
                "Container": 25,
                "Life Support": 1,
                "Micro Controller": 8,
                "Power Relay": 16,
                "Aid Package": 16,
                "Pets": 4,
                "Torpedo Casing": 5,
                "Casing": 6,
                "Coffee": 5,
                "Tea": 5,
                "Alcohol": 5
            },
            "teams": {
                "Diplomats": 1
            },
            "description": ""
        },
        "DS 42": {
            "coordinate": [
                -25078.703703703683,
                0,
                114509.25925925928
            ],
            "sides": [
                "USFP"
            ],
            "hull": "starbase_civil",
            "type": "station",
            "facilities": [],
            "cargo": {},
            "teams": {}
        },
        "Tobstar Tradeing": {
            "coordinate": [
                -32937.92509716505,
                0,
                101922.61921772598
            ],
            "sides": [
                "USFP"
            ],
            "hull": "starbase_civil",
            "type": "station",
            "facilities": [
                "Docking",
                "Refuel"
            ],
            "cargo": {
                "High Yield Warhead": 3,
                "Warhead": 13,
                "Life Support": 3,
                "Micro Controller": 25,
                "Medical Supplies": 25,
                "Power Relay": 16,
                "Transmitter": 8,
                "Receiver": 6,
                "Analysis Suite": 8,
                "Sensor Suite": 8,
                "Guidance System": 15,
                "Wild Animals": 15,
                "Pets": 4,
                "Casing": 15,
                "EMP": 10,
                "Homing": 35,
                "Coolant": 15,
                "Tea": 12,
                "Coffee": 15,
                "Alcohol": 16
            },
            "teams": {
                "DamCon": 2,
                "Medics": 2
            },
            "description": ""
        },
        "MM Reasearch 4": {
            "coordinate": [
                -90672.51228852311,
                0,
                84569.3241788599
            ],
            "sides": [
                "USFP"
            ],
            "hull": "starbase_science",
            "type": "station",
            "facilities": [],
            "cargo": {
                "High Yield Warhead": 10,
                "Life Support": 3,
                "Medical Supplies": 16,
                "Micro Controller": 25,
                "Power Relay": 16,
                "Transmitter": 8,
                "Receiver": 6,
                "Analysis Suite": 8,
                "Sensor Suite": 8,
                "Guidance System": 15,
                "Wild Animals": 15,
                "Casing": 15,
                "EMP": 10,
                "Homing": 35
            },
            "teams": {
                "DamCon": 2,
                "Medics": 2
            },
            "description": "Mighty Mining Materials Reaserch Station No 4"
        },
        "ClrStp Gate Control": {
            "coordinate": [
                -142106.48148148152,
                0,
                -12064.814814814792
            ],
            "sides": [
                "USFP"
            ],
            "hull": "starbase_command",
            "type": "station",
            "facilities": [
                "Docking",
                "Refuel",
                "Repair"
            ],
            "cargo": {
                "Homing": 52,
                "Nuke": 1,
                "EMP": 7,
                "Mine": 7,
                "High Yield Warhead": 15,
                "Warhead": 58,
                "Torpedo Casing": 66,
                "Casing": 56,
                "Navigational Array": 2,
                "Tactical Array": 10,
                "Guidance System": 54
            },
            "teams": {
                "DamCon": 9,
                "Medics": 1,
                "Combat Engineers": 1
            },
            "description": ""
        },
        "Lmbt Gate Control": {
            "coordinate": [
                142818.35705304073,
                0,
                -628.7210886298247
            ],
            "sides": [
                "USFP"
            ],
            "hull": "starbase_command",
            "type": "station",
            "facilities": [],
            "cargo": {},
            "teams": {},
            "description": ""
        }
    },
    "sensor_relay": {
        "SR 20": {
            "coordinate": [
                -206333.3333333333,
                0,
                -2333.3333333333144
            ]
        },
        "SR 36": {
            "coordinate": [
                -164333.3333333333,
                0,
                -2033.3333333333144
            ]
        },
        "SR 18": {
            "coordinate": [
                -122333.33333333331,
                0,
                -1733.3333333333144
            ]
        },
        "SR 47": {
            "coordinate": [
                -80333.33333333331,
                0,
                -1433.3333333333144
            ]
        },
        "SR 79": {
            "coordinate": [
                -38333.333333333314,
                0,
                -1133.3333333333144
            ]
        },
        "SR 17": {
            "coordinate": [
                3666.666666666686,
                0,
                -833.3333333333144
            ]
        },
        "SR 70": {
            "coordinate": [
                45666.666666666686,
                0,
                -533.3333333333144
            ]
        },
        "SR 77": {
            "coordinate": [
                87666.66666666669,
                0,
                -233.33333333331439
            ]
        },
        "SR 31": {
            "coordinate": [
                129666.66666666669,
                0,
                66.66666666668561
            ]
        },
        "SR 86": {
            "coordinate": [
                171666.6666666667,
                0,
                366.6666666666856
            ]
        },
        "SR 24": {
            "coordinate": [
                213666.6666666667,
                0,
                666.6666666666856
            ]
        },
        "SR 60": {
            "coordinate": [
                -22139.28183584813,
                0,
                101522.74924744703
            ]
        },
        "SR 92": {
            "coordinate": [
                22860.71816415187,
                0,
                101522.74924744703
            ]
        },
        "SR 75": {
            "coordinate": [
                5917.759247794882,
                0,
                136705.16595850838
            ]
        },
        "SR 84": {
            "coordinate": [
                -32152.723863882275,
                0,
                145394.5052956291
            ]
        },
        "SR 87": {
            "coordinate": [
                -62682.88089145699,
                0,
                121047.51750773715
            ]
        },
        "SR 83": {
            "coordinate": [
                -62682.88089145699,
                0,
                81997.98098715692
            ]
        },
        "SR 23": {
            "coordinate": [
                -32152.72386388229,
                0,
                57650.99319926497
            ]
        },
        "SR 72": {
            "coordinate": [
                5917.759247794871,
                0,
                66340.33253638569
            ]
        }
    },
    "terrain": {
        "1759590510815": {
            "type": "asteroids",
            "seed": 2010,
            "start": [
                -130333.33333333331,
                0,
                64666.666666666686
            ],
            "end": [
                -74333.33333333331,
                0,
                91666.66666666669
            ],
            "density": 125,
            "scatter": 10000,
            "composition": [
                "Ast. Std Rand"
            ]
        },
        "1759590517406": {
            "type": "asteroids",
            "seed": 2010,
            "start": [
                -126333.33333333331,
                0,
                95666.66666666669
            ],
            "end": [
                -116333.33333333331,
                0,
                50666.666666666686
            ],
            "density": 125,
            "scatter": 10000,
            "composition": [
                "Ast. Std Rand"
            ]
        },
        "1759590523087": {
            "type": "nebulas",
            "seed": 2010,
            "start": [
                -139333.3333333333,
                0,
                -86333.33333333331
            ],
            "end": [
                -94333.33333333331,
                0,
                -89333.33333333331
            ],
            "density": 125,
            "scatter": 10000,
            "composition": []
        },
        "1759590826904": {
            "type": "nebulas",
            "seed": 2010,
            "start": [
                32771.126257430325,
                0,
                151399.50679202867
            ],
            "end": [
                163326.6818129859,
                0,
                25010.617903139755
            ],
            "density": 3000,
            "scatter": 60000,
            "composition": []
        }
    },
    "traffic": {}
}