{
    "systemMapCoord": [
        -15997.987993844728,
        0,
        1803.4615984150996
    ],
    "systemalignment": "USFP",
    "metadata": {
        "sysdescription": "",
        "security": "Neutral",
        "exports": [],
        "focus": "",
        "intel": {},
        "development": "Unclaimed",
        "visible": true,
        "skybox": "sky1.png"
    },
    "traffic": {
        "commercial": "light",
        "civilian": "light",
        "security": "none"
    },
    "objects": {
        "Atlantis Gate": {
            "coordinate": [
                81999.99999999997,
                0.0,
                174271.2962962963
            ],
            "type": "jumpnode",
            "jumppointtype": "Node",
            "destinations": {
                "Waypoint 52 Gate": "Atlantis"
            },
            "state": "Tethered",
            "drift": 0
        },
        "Volantis Gate": {
            "coordinate": [
                -47600.00000000002,
                0.0,
                -149728.70370370368
            ],
            "type": "jumpnode",
            "jumppointtype": "Node",
            "destinations": {
                "Waypoint 52 Gate": "Volantis"
            },
            "state": "Tethered",
            "drift": 0
        }
    },
    "terrain": {
        "1754700379217": {
            "type": "nebulas",
            "seed": 2010,
            "start": [
                -28333.33333333333,
                0.0,
                -140995.3703703704
            ],
            "end": [
                90655.55555555542,
                0,
                -193511.11111111107
            ],
            "density": 125,
            "scatter": 10000,
            "composition": []
        },
        "1754700406169": {
            "type": "nebulas",
            "seed": 2010,
            "start": [
                73333.33333333334,
                0.0,
                -55995.37037037037
            ],
            "end": [
                73333.33333333334,
                0.0,
                69004.62962962964
            ],
            "density": 680,
            "scatter": 15000,
            "composition": []
        },
        "1754700432657": {
            "type": "nebulas",
            "seed": 2010,
            "start": [
                40000.0,
                0.0,
                114004.62962962964
            ],
            "end": [
                -88333.33333333333,
                0.0,
                187337.96296296298
            ],
            "density": 400,
            "scatter": 18000,
            "composition": []
        },
        "1754700451077": {
            "type": "nebulas",
            "seed": 2010,
            "start": [
                -68333.33333333333,
                0.0,
                52337.96296296297
            ],
            "end": [
                -38333.33333333333,
                0.0,
                22337.962962962967
            ],
            "density": 425,
            "scatter": 8000,
            "composition": []
        },
        "1754700487757": {
            "type": "asteroids",
            "seed": 2010,
            "start": [
                -10925.925925925883,
                0.0,
                121689.81481481483
            ],
            "end": [
                -84999.99999999997,
                0.0,
                187662.03703703705
            ],
            "density": 680,
            "scatter": 10000,
            "composition": [
                "Ast. Std Rand"
            ]
        },
        "1754700500293": {
            "type": "asteroids",
            "seed": 2010,
            "start": [
                -56064.81481481478,
                0.0,
                54560.18518518519
            ],
            "end": [
                -18544.44444444457,
                0,
                28488.888888888912
            ],
            "density": 324,
            "scatter": 17000,
            "composition": [
                "Ast. Std Rand"
            ]
        },
        "1754700527169": {
            "type": "asteroids",
            "seed": 2010,
            "start": [
                -51184.44444444456,
                0,
                -51863.11111111114
            ],
            "end": [
                53888.888888888934,
                0.0,
                -56550.92592592594
            ],
            "density": 175,
            "scatter": 20000,
            "composition": [
                "Ast. Std Rand"
            ]
        },
        "1754700541037": {
            "type": "asteroids",
            "seed": 2010,
            "start": [
                8750.000000000044,
                0.0,
                -123680.55555555558
            ],
            "end": [
                87055.55555555542,
                0,
                -165911.11111111107
            ],
            "density": 125,
            "scatter": 8000,
            "composition": [
                "Ast. Std Rand"
            ]
        }
    },
    "sensor_relay": {
        "SR 91": {
            "coordinate": [
                77500.0,
                0,
                166666.6666666667
            ]
        },
        "SR 17": {
            "coordinate": [
                62187.5,
                0,
                127916.66666666669
            ]
        },
        "SR 42": {
            "coordinate": [
                46875.0,
                0,
                89166.66666666669
            ]
        },
        "SR 48": {
            "coordinate": [
                31562.5,
                0,
                50416.666666666686
            ]
        },
        "SR 99": {
            "coordinate": [
                16250.0,
                0,
                11666.666666666686
            ]
        },
        "SR 29": {
            "coordinate": [
                937.5,
                0,
                -27083.333333333314
            ]
        },
        "SR 66": {
            "coordinate": [
                -14375.0,
                0,
                -65833.33333333331
            ]
        },
        "SR 45": {
            "coordinate": [
                -29687.5,
                0,
                -104583.33333333331
            ]
        },
        "SR 96": {
            "coordinate": [
                -45000.0,
                0,
                -143333.3333333333
            ]
        }
    }
}