{
    "systemMapCoord": [
        -27775.312379058894,
        0,
        4086.1252184947793
    ],
    "systemalignment": "USFP",
    "metadata": {
        "skybox": "sky1-blue.png",
        "sysdescription": "Waypoint system Standard S & R outpost pluse a minor comertical venture. as such the uninhabited Development status of the Waypoint 60 is streaching a point. rather to say that there is no recognised USFP member claim on the system.",
        "security": "Low",
        "exports": [],
        "focus": "",
        "intel": {
            "pirate": "Mid",
            "enemy": "Low",
            "assets": []
        },
        "development": "Uninhabited",
        "visible": true
    },
    "objects": {
        "Rose Gate": {
            "coordinate": [
                -114361.09567901239,
                0.0,
                -102522.76234567909
            ],
            "type": "jumpnode",
            "jumppointtype": "Node",
            "destinations": {
                "Egan Gate": "Danae",
                "Zephhyr Gate": "Brightfall",
                "Hydrogen Gate": "AlMare"
            },
            "state": "Tethered",
            "drift": 6000
        },
        "Delphinium Gate": {
            "coordinate": [
                116472.23765432095,
                0.0,
                130810.57098765427
            ],
            "type": "jumpnode",
            "jumppointtype": "Node",
            "destinations": {
                "Waypoint 60 Gate": "Atlantis"
            },
            "state": "Tethered",
            "drift": 0
        },
        "DS 82": {
            "coordinate": [
                -13791.377425841114,
                0.0,
                -6093.905340290381
            ],
            "sides": [
                "USFP"
            ],
            "hull": "starbase_civil",
            "type": "station",
            "facilities": [
                "Docking",
                "Refuel",
                "Repair"
            ],
            "cargo": {
                "Repair Materials": 16,
                "Medical Supplies": 10,
                "Iso B Circuit": 25,
                "Container": 25,
                "Life Support": 1,
                "Micro Controller": 8,
                "Power Relay": 16,
                "Aid Package": 16,
                "Pets": 4,
                "Torpedo Casing": 14,
                "Casing": 6,
                "Coffee": 5,
                "Tea": 5,
                "Alcohol": 5,
                "Homing": 30
            },
            "teams": {
                "Diplomats": 1
            },
            "description": ""
        },
        "Happy Eater Trading": {
            "coordinate": [
                -24.0329218107654,
                0.0,
                -11068.287037037153
            ],
            "sides": [
                "USFP"
            ],
            "hull": "starbase_civil",
            "type": "station",
            "facilities": [
                "Docking",
                "Refuel"
            ],
            "cargo": {
                "High Yield Warhead": 7,
                "Warhead": 133,
                "Life Support": 3,
                "Micro Controller": 25,
                "Medical Supplies": 25,
                "Power Relay": 16,
                "Transmitter": 8,
                "Receiver": 6,
                "Analysis Suite": 8,
                "Sensor Suite": 8,
                "Guidance System": 26,
                "Wild Animals": 15,
                "Pets": 4,
                "Casing": 15,
                "EMP": 10,
                "Homing": 35,
                "Coolant": 11,
                "Tea": 12,
                "Coffee": 15,
                "Alcohol": 16
            },
            "teams": {
                "DamCon": 2,
                "Medics": 2
            },
            "description": "The Happy Eater Trading Co (HET) is an start up company takeing advantatge of Waypoint 60's growing importance as a net work hub. Bar, Crew rest facilitys and flea market with plenty of storage for transshiping.g"
        },
        "HET S07": {
            "coordinate": [
                -1756.45808790694,
                0.0,
                -13479.963052217732
            ],
            "sides": [
                "USFP"
            ],
            "hull": "usfp_industrial_storage",
            "type": "platform",
            "cargo": {},
            "teams": {}
        },
        "HET S08": {
            "coordinate": [
                2729.8081034776696,
                0.0,
                -11797.613230448507
            ],
            "sides": [
                "USFP"
            ],
            "hull": "usfp_industrial_storage",
            "type": "platform",
            "cargo": {},
            "teams": {}
        },
        "Happy Eater": {
            "coordinate": [
                -146968.63095030186,
                0.0,
                -135919.7937101231
            ],
            "sides": [
                "USFP"
            ],
            "hull": "starbase_civil",
            "type": "station",
            "facilities": [
                "Docking"
            ],
            "cargo": {
                "Repair Materials": 16,
                "Medical Supplies": 30,
                "Iso B Circuit": 12,
                "Container": 25,
                "Life Support": 1,
                "Micro Controller": 8,
                "Power Relay": 16,
                "Aid Package": 16,
                "Alcohol": 12,
                "Torpedo Casing": 8,
                "Casing": 9,
                "Tea": 10,
                "Coffee": 15
            },
            "teams": {
                "Diplomats": 1
            },
            "description": "Rest Stop for the weary, has some luxuray facilites and a number of resturants for all price points."
        },
        "IMO 31": {
            "coordinate": [
                -165057.25623396458,
                0.0,
                -145448.623100624
            ],
            "sides": [
                "USFP"
            ],
            "hull": "starbase_industry",
            "type": "station",
            "facilities": [
                "Docking"
            ],
            "cargo": {
                "Iron": 750,
                "Tharium": 60,
                "Reisium": 60,
                "Alerite": 54,
                "Cabrite": 815,
                "Ashfilum": 258,
                "Denebite": 30,
                "Aegirine": 151,
                "Nuidinium": 159,
                "Gredian": 180,
                "Warhead": 24,
                "Life Support": 1,
                "Micro Controller": 8,
                "Power Relay": 16,
                "Casing": 15,
                "Homing": 35,
                "Torpedo Casing": 10,
                "High Yield Warhead": 4,
                "EMP": 4
            },
            "teams": {
                "DamCon": 1,
                "Medics": 0
            },
            "description": ""
        },
        "IMO 224": {
            "coordinate": [
                157726.84251572317,
                0.0,
                158291.99008119857
            ],
            "sides": [
                "USFP"
            ],
            "hull": "starbase_industry",
            "type": "station",
            "facilities": [
                "Docking",
                "Refuel"
            ],
            "cargo": {
                "Iron": 40,
                "Tharium": 60,
                "Reisium": 60,
                "Alerite": 54,
                "Cabrite": 40,
                "Ashfilum": 12,
                "Denebite": 30,
                "Aegirine": 151,
                "Nuidinium": 159,
                "Gredian": 180,
                "Warhead": 10,
                "Life Support": 1,
                "Micro Controller": 8,
                "Power Relay": 16,
                "Casing": 15,
                "Homing": 35,
                "Torpedo Casing": 10,
                "High Yield Warhead": 4,
                "Guidance System": 2
            },
            "teams": {
                "DamCon": 1,
                "Medics": 0
            },
            "description": "Inderpendent Mining Operation Claim 224. Big6 Mining Co, Monk Industries, Hamilton Ore Recovery."
        },
        "WP 74": {
            "coordinate": [
                -162488.36521231313,
                0.0,
                -146207.80693986674
            ],
            "sides": [
                "USFP"
            ],
            "hull": "defense_platform_beam",
            "type": "platform",
            "cargo": {},
            "teams": {}
        },
        "Vita Refinery": {
            "coordinate": [
                -161196.32054919435,
                0.0,
                -148468.88510032458
            ],
            "sides": [
                "USFP"
            ],
            "hull": "usfp_industrial_refinary",
            "type": "station",
            "facilities": [
                "Docking",
                "Refuel"
            ],
            "cargo": {
                "Denebite": 65,
                "Guidance System": 8,
                "Sensor Relay": 2
            },
            "teams": {},
            "description": ""
        },
        "JP 31": {
            "coordinate": [
                197728.23765432087,
                0.0,
                -66530.76234567916
            ],
            "type": "jumppoint",
            "jumppointtype": "Node",
            "destinations": {
                "JP 84": "Danae"
            },
            "state": "Untethered",
            "drift": 85000,
            "hideonmap": true
        },
        "WP 53": {
            "coordinate": [
                -21289.56995408448,
                0.0,
                -492.718536792323
            ],
            "sides": [
                "USFP"
            ],
            "hull": "defense_platform_fighter",
            "type": "platform",
            "cargo": {},
            "teams": {}
        }
    },
    "sensor_relay": {
        "SR 23": {
            "coordinate": [
                -59136.98812976935,
                0.0,
                -45708.83592741351
            ]
        },
        "SR 61": {
            "coordinate": [
                -29102.265907547117,
                0.0,
                -15326.891482969062
            ]
        },
        "SR 50": {
            "coordinate": [
                932.4563146751025,
                0.0,
                15055.05296147539
            ]
        },
        "SR 70": {
            "coordinate": [
                30967.17853689732,
                0.0,
                45436.99740591983
            ]
        },
        "SR 17": {
            "coordinate": [
                61001.90075911957,
                0.0,
                75818.94185036427
            ]
        },
        "SR 80": {
            "coordinate": [
                91036.62298134179,
                0.0,
                106200.88629480873
            ]
        },
        "SR 32": {
            "coordinate": [
                24543.567425786197,
                0.0,
                -5778.280371857953
            ]
        },
        "SR 64": {
            "coordinate": [
                165376.9007591195,
                0.0,
                136582.83073925317
            ]
        },
        "SR 95": {
            "coordinate": [
                148433.94184276255,
                0.0,
                171765.24745031452
            ]
        },
        "SR 16": {
            "coordinate": [
                110363.45873108538,
                0.0,
                180454.58678743523
            ]
        },
        "SR 79": {
            "coordinate": [
                79833.30170351069,
                0.0,
                156107.5989995433
            ]
        },
        "SR 73": {
            "coordinate": [
                79833.30170351069,
                0.0,
                117058.06247896305
            ]
        },
        "SR 60": {
            "coordinate": [
                110363.45873108538,
                0.0,
                92711.07469107112
            ]
        },
        "SR 58": {
            "coordinate": [
                148433.94184276255,
                0.0,
                101400.41402819182
            ]
        },
        "SR 59": {
            "coordinate": [
                -74900.87701865824,
                0.0,
                -107861.6137051913
            ]
        },
        "SR 24": {
            "coordinate": [
                -91843.83593501523,
                0.0,
                -72679.19699412995
            ]
        },
        "SR 44": {
            "coordinate": [
                -129914.3190466924,
                0.0,
                -63989.857657009234
            ]
        },
        "SR 65": {
            "coordinate": [
                -160444.47607426712,
                0.0,
                -88336.84544490118
            ]
        },
        "SR 41": {
            "coordinate": [
                -160444.47607426712,
                0.0,
                -127386.38196548141
            ]
        },
        "SR 51": {
            "coordinate": [
                -129914.3190466924,
                0.0,
                -151733.36975337335
            ]
        },
        "SR 26": {
            "coordinate": [
                -91843.83593501525,
                0.0,
                -143044.03041625264
            ]
        }
    },
    "terrain": {
        "1750621930513": {
            "type": "asteroids",
            "seed": 2010,
            "start": [
                -209394.42901234567,
                0.0,
                -63676.09567901239
            ],
            "end": [
                -148914.4290123457,
                0.0,
                328003.9043209876
            ],
            "density": 400,
            "scatter": 10000,
            "composition": [
                "Ast. Std Rand"
            ]
        },
        "1750621947216": {
            "type": "asteroids",
            "seed": 2010,
            "start": [
                -203634.42901234567,
                0.0,
                -73756.09567901239
            ],
            "end": [
                -58194.429012345696,
                0.0,
                303523.9043209876
            ],
            "density": 350,
            "scatter": 15000,
            "composition": [
                "Ast. Std Rand"
            ]
        },
        "1750621957726": {
            "type": "asteroids",
            "seed": 2010,
            "start": [
                258605.57098765436,
                0.0,
                148003.9043209876
            ],
            "end": [
                26765.570987654297,
                0.0,
                -175996.0956790124
            ],
            "density": 400,
            "scatter": 60000,
            "composition": [
                "Ast. Std Rand"
            ]
        },
        "1750621999365": {
            "type": "nebulas",
            "seed": 2010,
            "start": [
                97325.5709876543,
                0.0,
                61603.90432098761
            ],
            "end": [
                64194.429012345616,
                0.0,
                7996.095679012404
            ],
            "density": 125,
            "scatter": 10000,
            "composition": []
        },
        "1750622010224": {
            "type": "nebulas",
            "seed": 2010,
            "start": [
                1794.4290123456303,
                0.0,
                91996.09567901239
            ],
            "end": [
                -77405.57098765436,
                0.0,
                125596.09567901239
            ],
            "density": 125,
            "scatter": 10000,
            "composition": []
        },
        "1750622025015": {
            "type": "nebulas",
            "seed": 2010,
            "start": [
                -258605.57098765436,
                0.0,
                -106003.9043209876
            ],
            "end": [
                -15005.57098765437,
                0.0,
                -306403.9043209876
            ],
            "density": 350,
            "scatter": 18000,
            "composition": []
        },
        "1750622032978": {
            "type": "asteroids",
            "seed": 2010,
            "start": [
                -258605.57098765436,
                0.0,
                -126403.9043209876
            ],
            "end": [
                -57005.57098765436,
                0.0,
                -328003.9043209876
            ],
            "density": 125,
            "scatter": 10000,
            "composition": [
                "Ast. Std Rand"
            ]
        }
    },
    "traffic": {
        "commercial": "light",
        "civilian": "medium",
        "security": "light"
    }
}