{
    "skyboxes":[
	"sky1.png",
	"sky1-blue.png",
	"sky1-ds9.png",
	"sky1-rainbow.png",
	"sky-bored-alice.png",
	"sky-delight.png",
	"sky-neb2-rvb.png"
	],
	
	"cargo": [
        "Iron",
        "Tharium",
        "Reisium",
        "Alerite",
        "Cabrite",
        "Ashfilum",
        "Denebite",
        "Aegirine",
        "Nuidinium",
        "Gredian",
        "AMC",
        "Life Support",
        "Navigational Array",
        "Tactical Array",
        "FCS",
        "Computer Core",
        "Comms Relay",
		"Coolant",
        "Warp Inhibitor",
        "Sensor Buoy",
        "Sensor Relay",
        "Black Box",
        "Aid Package",
        "Repair Materials",
        "Medical Supplies",
        "Iso B Circuit",
        "Container",
        "Micro Controller",
        "High Yield Warhead",
        "Warhead",
        "Torpedo Casing",
        "Guidance System",
        "Denebite Crystals",
        "Tharium Plating",
        "Sensor Suite",
        "Casing",
        "Transmitter",
        "Receiver",
        "Power Relay",
        "Analysis Suite",
		"Wild Animals",
		"Pets",
		"Coffee",
		"Tea",
		"Alcohol",
        "Homing",
        "Nuke",
        "EMP",
        "Mine"
    ],
    "teams": [
        "DamCon",
        "Medics",
		"Marines",
        "Combat Engineers",
        "Evacuees",
        "Diplomats"
    ],
    "presets": {
        "Empty": {
            "cargo": {
            },
            "teams": {
            }
        },
		"Mining Outpost": {
            "cargo": {
				"Iron": 750,
				"Tharium": 60,
				"Reisium": 60,
				"Alerite":54,
				"Cabrite": 815,
				"Ashfilum": 258,
				"Denebite": 30,
				"Aegirine": 151,
				"Nuidinium": 159,
				"Gredian": 180,
				"Warhead": 10,
				"Life Support": 1,
				"Micro Controller":8,
				"Power Relay":16,
				"Casing":15,
				"Homing":35,
				"Torpedo Casing":10
            },
            "teams": {
                "DamCon": 1,
                "Medics": 0
            }
        },
		"Industrial": {
            "cargo": {
				"Iron": 60,
				"Tharium": 60,
				"Reisium": 60,
				"Alerite":54,
				"Cabrite": 35,
				"Ashfilum": 58,
				"Denebite": 30,
				"Aegirine": 151,
				"Nuidinium": 159,
				"Gredian": 10,
				"Warhead": 10,
				"Life Support": 1,
				"Micro Controller":8,
				"Power Relay":16,
				"Casing":15,
				"Homing":35,
				"Torpedo Casing":10
            },
            "teams": {
                "DamCon": 1,
                "Medics": 0
            }
        },
		"Denebite Refinery": {
            "cargo": {
				"Iron": 6,
				"Tharium": 5,
				"Reisium": 5,
				"Alerite": 5,
				"Cabrite": 20,
				"Ashfilum": 14,
				"Denebite": 600,
				"Aegirine": 5,
				"Nuidinium": 5,
				"Gredian": 5,
				"Warhead": 4,
				"Life Support": 1,
				"Micro Controller":8,
				"Power Relay":16,
				"Homing":35
            },
            "teams": {
            }
        },
		"Civilian": {
            "cargo": {
				"Repair Materials": 16,
				"Medical Supplies": 10,
				"Iso B Circuit": 25,
				"Container": 25,
				"Life Support": 1,
				"Micro Controller": 8,
				"Power Relay": 16,
				"Aid Package": 16,
				"Pets":4,
				"Torpedo Casing":5,
				"Casing":6,
				"Coffee":5,
				"Tea":5,
				"Alcohol":5
            },
            "teams": {
				"Diplomats": 1
            }
        },
				"Trade Outpost": {
            "cargo": {
				"High Yield Warhead": 3,
				"Warhead": 13,
				"Life Support": 3,
				"Micro Controller":25,
				"Medical Supplies": 25,
				"Power Relay":16,
				"Transmitter": 8,
				"Receiver": 6,
				"Analysis Suite": 8,
				"Sensor Suite": 8,
				"Guidance System": 15,
				"Wild Animals": 15,
				"Pets": 4,
				"Casing": 15,
				"EMP": 10,
				"Homing": 35,
				"Coolant": 15,
				"Tea": 12,
				"Coffee":15,
				"Alcohol":16
            },
            "teams": {
                "DamCon": 2,
                "Medics": 2
            }
        },
		"Sci Outpost": {
            "cargo": {
				"High Yield Warhead": 10,
				"Life Support": 3,
				"Medical Supplies": 16,
				"Micro Controller":25,
				"Power Relay":16,
				"Transmitter": 8,
				"Receiver": 6,
				"Analysis Suite": 8,
				"Sensor Suite": 8,
				"Guidance System": 15,
				"Wild Animals": 15,
				"Casing": 15,
				"EMP": 10,
				"Homing": 35
            },
            "teams": {
                "DamCon": 2,
                "Medics": 2
            }
        },
		"Armory": {
            "cargo": {
				"Homing":150,
				"Nuke": 25,
				"EMP": 25,
				"Mine": 20,
				"High Yield Warhead": 15,
				"Warhead": 60,
				"Torpedo Casing": 100,
				"Navigational Array": 1,
				"Tactical Array": 10,
				"Guidance System": 60,
				"Medical Supplies": 12,
				"Repair Materials": 5
            },
            "teams": {
                "DamCon": 10,
                "Medics": 2,
				"Combat Engineers": 10
            }
        },
		"Transit Auth": {
            "cargo": {
				"Homing":50,
				"Nuke": 2,
				"EMP": 6,
				"Mine": 6,
				"High Yield Warhead": 15,
				"Warhead": 60,
				"Torpedo Casing": 60,
				"Casing": 60,
				"Navigational Array": 1,
				"Tactical Array":10,
				"Guidance System": 60
            },
            "teams": {
                "DamCon": 8,
                "Medics": 2,
				"Combat Engineers": 2
            }
        },
		"ShipYard": {
            "cargo": {
				"Homing":35,
				"EMP": 12,
				"Mine": 12,
				"High Yield Warhead": 15,
				"Warhead": 60,
				"Torpedo Casing": 40,
				"Casing": 50,
				"Transmitter": 60,
				"Navigational Array": 8,
				"Tharium Plating": 85,
				"Tactical Array":2,
				"Sensor Suite": 8,
				"Guidance System": 60,
				"Receiver": 25,
				"Power Relay": 62,
				"Iso B Circuit": 52,
				"Micro Controller": 52,
				"Black Box": 12,
				"Repair Materials": 83
            },
            "teams": {
                "DamCon": 8,
                "Medics": 2,
				"Combat Engineers": 10
            }
        },
				"Mil Command": {
            "cargo": {
				"Homing":75,
				"Nuke": 12,
				"EMP": 12,
				"Mine": 12,
				"High Yield Warhead": 15,
				"Warhead": 60,
				"Torpedo Casing": 40,
				"Casing": 16,
				"Transmitter": 35,
				"Navigational Array": 1,
				"Tactical Array":10,
				"Sensor Suite": 6,
				"Guidance System": 60,
				"Receiver": 15
            },
            "teams": {
                "DamCon": 8,
                "Medics": 2,
				"Combat Engineers": 10
            }
        }
    }
}