{
    "borders": [
        {
            "points": [
                [
                    -27337.463082220696,
                    42733.17356926522
                ],
                [
                    -33940.69462226556,
                    3325.7455186222296
                ],
                [
                    -34613.26472169056,
                    757.481508390119
                ],
                [
                    -28878.859138677362,
                    -5683.930766837849
                ],
                [
                    -24778.056644396653,
                    -7275.856386804142
                ],
                [
                    -19522.601946606017,
                    -10616.824016113906
                ],
                [
                    -14942.848567102745,
                    -10504.207129732677
                ],
                [
                    -14792.692718594442,
                    6.702265848599259
                ],
                [
                    147.81420798180127,
                    1733.4945236940946
                ],
                [
                    3018.449318294557,
                    39.49143342638768
                ],
                [
                    10083.847340801034,
                    -1069.8544683156304
                ],
                [
                    20858.700404218875,
                    -3038.5441395217813
                ],
                [
                    53554.49562617281,
                    -6472.522597284717
                ],
                [
                    68585.09606185404,
                    -10962.182467683006
                ]
            ],
            "color": "#ADD8E6",
            "width": 24,
            "hover_text": ""
        },
        {
            "points": [
                [
                    -50245.58195968645,
                    2316.2710049386956
                ],
                [
                    -42235.7151442015,
                    -505.6655186922569
                ],
                [
                    -35066.53110874491,
                    317.02773127817176
                ],
                [
                    -33217.73144260257,
                    -2151.0520186331137
                ],
                [
                    -29104.265192750423,
                    -6580.938749243114
                ],
                [
                    -24855.190165430628,
                    -7846.620672274543
                ],
                [
                    -31060.952735605362,
                    -18861.385995510376
                ],
                [
                    -43017.11217307906,
                    -20423.00681999674
                ],
                [
                    -49219.56718378563,
                    -14355.84199072189
                ],
                [
                    -49219.56718378563,
                    -14355.84199072189
                ],
                [
                    -49219.56718378563,
                    -14355.84199072189
                ],
                [
                    -56534.892435039124,
                    -12712.50399909533
                ],
                [
                    -50004.02366285408,
                    2480.961475512811
                ]
            ],
            "color": "Purple",
            "width": 24,
            "hover_text": "Hijorden"
        },
        {
            "points": [
                [
                    -28986.925078084416,
                    -40754.97975983687
                ],
                [
                    -19914.884100833962,
                    -10937.782142300406
                ],
                [
                    -14863.343098986288,
                    -10833.71866083193
                ],
                [
                    -8110.757459974916,
                    -4347.817340892215
                ],
                [
                    -6947.04963403556,
                    532.2477356276631
                ],
                [
                    -1146.1538165385098,
                    1293.28277051672
                ],
                [
                    -72.53949970413663,
                    -5685.2102889067055
                ],
                [
                    3748.5514552109294,
                    -8336.70745651531
                ],
                [
                    8125.969828849261,
                    -18360.36112368714
                ],
                [
                    21469.94469616096,
                    -19926.48662362875
                ],
                [
                    41793.5387917599,
                    -27408.001775554996
                ],
                [
                    61162.5170804673,
                    -59343.14763630108
                ]
            ],
            "color": "Red",
            "width": 24,
            "hover_text": ""
        },
        {
            "points": [
                [
                    8856.853421463431,
                    -15196.577395617176
                ],
                [
                    9687.657800364223,
                    -9387.267137559957
                ],
                [
                    6603.3895249750585,
                    -7067.8905366201425
                ],
                [
                    7291.4787007643645,
                    -1055.6503623476528
                ],
                [
                    17881.2199168125,
                    -2958.875742190405
                ],
                [
                    24510.42433821038,
                    -12742.420374167026
                ],
                [
                    19217.606968536402,
                    -19288.32426746846
                ],
                [
                    9795.32747464033,
                    -18199.694365783256
                ],
                [
                    8823.819134791604,
                    -14871.114593975428
                ]
            ],
            "color": "Orange",
            "width": 24,
            "hover_text": ""
        },
        {
            "points": [
                [
                    50314.132415363616,
                    -15695.845591907288
                ],
                [
                    50314.132415363616,
                    -15695.845591907288
                ]
            ],
            "color": "white",
            "width": 2,
            "hover_text": ""
        },
        {
            "points": [
                [
                    36674.350526490554,
                    -5418.428540756424
                ],
                [
                    41988.741394820696,
                    -27261.5998232594
                ],
                [
                    51895.27350015605,
                    -25407.175094181846
                ],
                [
                    60776.99193942223,
                    -30872.847979884107
                ],
                [
                    63002.3016143153,
                    -20517.349887508928
                ],
                [
                    63700.15092025764,
                    -10113.051144368546
                ],
                [
                    53739.938099080566,
                    -7194.77222860966
                ],
                [
                    36610.909680495795,
                    -5481.869386751182
                ]
            ],
            "color": "green",
            "width": 24,
            "hover_text": ""
        },
        {
            "points": [
                [
                    -55913.09951240086,
                    17003.266529483706
                ],
                [
                    -55913.09951240086,
                    17003.266529483706
                ],
                [
                    -55913.09951240086,
                    17003.266529483706
                ]
            ],
            "color": "white",
            "width": 2,
            "hover_text": ""
        }
    ],
    "texts": [
        {
            "lines": [
                "LoTD"
            ],
            "color": "Orange",
            "size": 28,
            "position": [
                11437.180086369706,
                -8721.6469296324
            ]
        },
        {
            "lines": [
                "Hegemony Space"
            ],
            "color": "Red",
            "size": 38,
            "position": [
                -13799.763739310125,
                -12282.652247604967
            ]
        },
        {
            "lines": [
                "Lower Arc"
            ],
            "color": "#ADD8E6",
            "size": 24,
            "position": [
                -22796.5963322286,
                4527.191325413769
            ]
        },
        {
            "lines": [
                "Upper Arc"
            ],
            "color": "#ADD8E6",
            "size": 24,
            "position": [
                30884.923214839124,
                8162.393135343423
            ]
        },
        {
            "lines": [
                "Long Bar",
                "Region"
            ],
            "color": "white",
            "size": 24,
            "position": [
                -45407.51300671147,
                8781.062322703638
            ]
        },
        {
            "lines": [
                "Hjordan Democratic",
                "Monarchy"
            ],
            "color": "Purple",
            "size": 12,
            "position": [
                -51918.06950619,
                -11067.947825863706
            ]
        },
        {
            "lines": [
                "Ximni Enclave ",
                "Whart"
            ],
            "color": "Green",
            "size": 12,
            "position": [
                41749.61820607122,
                -10810.90045031089
            ]
        },
        {
            "lines": [
                "Gap of",
                "Munroe"
            ],
            "color": "white",
            "size": 12,
            "position": [
                1424.966993794575,
                12045.65204554192
            ]
        }
    ]
}